"SOURCE_VEHICLE_ID","SOURCE_CUSTOMER_ID","PLATE_NUMBER","TAXI_CODE","MAKE","MODEL","VEHICLE_YEAR","TRANSMISSION","FUEL_TYPE","COLOR","MILEAGE","SOURCE_PARTY_CODE"
V0000711,,"35421",'-,TOY,Camry,2016,automatic,petrol,White,636335,A00152
V0000779,,"76619","76619",TOY,Camry,2014,automatic,petrol,Silver,529755,E00038
V0001013,,"85961",'-,TOY,Camry,2015,automatic,petrol,White,618807,A00005
V0001018,,"5255",AD5255,TOY,Camry,2022,automatic,other,Silver,697917,A00115
V0001316,,"34077",'-,TOY,Camry,2016,automatic,petrol,White,679615,A00152
V0001439,,"35480",E091,TOY,Camry,2016,automatic,petrol,White,703024,A00152
V0001448,,"64991",'-,TOY,Camry,2016,automatic,petrol,White,638380,A00152
V0001627,,"57472","57472",TOY,Coaster,2014,automatic,petrol,White,615742,E00038
V0001628,,"35470","35470",TOY,Coaster,2013,automatic,petrol,White,598429,E00038
V0001660,,"5990","5990",TOY,Camry,2020,automatic,other,Silver,964106,E00038
V0001683,,"5904","5904",TOY,Camry,2020,automatic,other,Silver,980306,E00038
V0001684,,"5906","5906",TOY,Camry,2020,automatic,other,Silver,947401,E00038
V0001696,,"5663","5663",TOY,Camry,2020,automatic,other,Silver,963000,E00038
V0001699,,"5085","5085",TOY,Camry,2020,automatic,other,Silver,934117,E00038
V0001711,,"5890","5890",TOY,Camry,2020,automatic,other,Silver,973314,E00038
V0001733,,"5880","5880",TOY,Camry,2020,automatic,other,Silver,913560,E00038
V0001736,,"5193","5193",TOY,Camry,2020,automatic,other,Silver,889918,E00038
V0001744,,"5872","5872",TOY,Camry,2020,automatic,other,Silver,976677,E00038
V0001746,,"5987","5987",TOY,Camry,2020,automatic,other,Silver,948555,E00038
V0001748,,"5895","5895",TOY,Camry,2020,automatic,other,Silver,920994,E00038
V0001749,,"6081","6081",TOY,Camry,2020,automatic,other,Silver,953530,E00038
V0001751,,"5675","5675",TOY,Camry,2020,automatic,other,Silver,914916,E00038
V0001755,,"9315","9315",TOY,Camry,2020,automatic,other,Silver,974059,E00038
V0001756,,"5108","5108",TOY,Camry,2020,automatic,other,Silver,869026,E00038
V0001767,,"5883","5883",TOY,Camry,2020,automatic,other,Silver,927634,E00038
V0001768,,"5864","5864",TOY,Camry,2020,automatic,other,Silver,947108,E00038
V0001780,,"5875","5875",TOY,Camry,2020,automatic,other,Silver,928370,E00038
V0001786,,"5232","5232",TOY,Camry,2020,automatic,other,Silver,920222,E00038
V0001802,,"5919","5919",TOY,Camry,2020,automatic,other,Silver,833983,E00038
V0001824,,"5097","5097",TOY,Camry,2020,automatic,other,Silver,944258,E00038
V0001826,,"89999",'-,HYN,H1,2019,manual,petrol,White,299222,A00152
V0001830,,"84756","84756",NIS,Sunny,2018,automatic,petrol,White,345776,E00038
V0001831,,"84754","84754",NIS,Sunny,2018,automatic,petrol,White,246840,E00038
V0001835,,"32694","32694",NIS,Sunny,2017,automatic,petrol,White,314477,E00038
V0001836,,"84752","84752",NIS,Sunny,2018,automatic,petrol,White,277110,E00038
V0001837,,"84751","84751",NIS,Sunny,2018,automatic,petrol,White,226548,E00038
V0001884,,"94378","94378",TOY,Innova,2017,automatic,other,Silver,10000010,E00038
V0001908,,"34024",'-,TOY,Innova,2016,manual,petrol,White,253319,A00152
V0003272,,"55493","110295",ASH,Falcon,2016,manual,diesel,Unknown color,172508,A00095
V0004974,"2497","45603",'-,NIS,Sunny,2023,automatic,petrol,Silver Grey,77427,C00002
V0005662,,"78067","10413145",NIS,Civilian,,manual,petrol,White,214519,A00152
V0005980,"808","55836","55836",MIT,Pajero,2016,automatic,petrol,Black,386776,C00002
V0006065,,"64990",'--,MIT,Rosa,2011,manual,diesel,White,2991270,E00037
V0006206,,"45901","45901",MIT,Rosa,2009,manual,diesel,White,283321,P00012
V0006244,,"9195",AD9195,TOY,Camry,2020,automatic,petrol,Silver Grey,864066,E00038
V0006261,,"5167",AD5167,TOY,Camry,2020,automatic,petrol,Silver/White,885148,E00038
V0006295,,"9197",AD9197,TOY,Camry,2020,automatic,diesel,Silver Grey,932373,E00038
V0006315,,"5165",AD5165,TOY,Camry,2020,automatic,petrol,Silver/White,964731,E00038
V0006317,,"5166",AD5166,TOY,Camry,2020,automatic,petrol,Silver/White,893715,E00038
V0006368,,"5169",AD5169,TOY,Camry,2020,automatic,petrol,White,861587,E00038
V0006424,,"9215",AD9215,TOY,Camry,2020,manual,diesel,Silver/White,891067,E00038
V0006440,,"9200",AD9200,TOY,Camry,2020,manual,diesel,Silver/White,907015,E00038
V0006441,,"9204",AD9204,TOY,Camry,2020,manual,diesel,Silver/White,859291,E00038
V0006454,,"9194",AD9194,TOY,Camry,2020,manual,diesel,Silver/White,830254,E00038
V0006468,,"9199",AD9199,TOY,Camry,2020,automatic,petrol,Silver/White,896692,E00038
V0006470,,"9210",AD9210,TOY,Camry,2020,manual,diesel,Silver/White,886855,E00038
V0006484,,"9249",AD9249,TOY,Camry,2021,automatic,petrol,Silver/White,896100,E00038
V0006488,,"9239",AD9239,TOY,Camry,2020,automatic,diesel,Silver/White,899565,E00038
V0006517,,"9225",AD9225,TOY,Camry,2020,automatic,diesel,Silver/Beige,846079,E00038
V0006537,,"9241",AD9241,TOY,Camry,2020,automatic,diesel,Silver/Beige,884010,E00038
V0006540,,"9227",AD9227,TOY,Camry,2020,automatic,diesel,Silver/Beige,929969,E00038
V0006550,,"9240",AD9240,TOY,Camry,2020,automatic,petrol,Silver/White,99999929,E00038
V0006556,,"9224",AD9224,TOY,Camry,2020,automatic,petrol,Silver/White,883330,E00038
V0006578,,"9223",AD9223,TOY,Camry,2020,automatic,diesel,Silver Grey,863562,E00038
V0006584,,"9236",AD9236,TOY,Camry,2020,automatic,diesel,Silver/Beige,8535004,E00038
V0006586,,"9231",AD9231,TOY,Camry,2020,automatic,petrol,Silver/White,923433,E00038
V0006587,,"9244",AD9244,TOY,Camry,2020,automatic,petrol,Silver/White,926719,E00038
V0006595,,"9247",AD9247,TOY,Camry,2021,automatic,diesel,Silver/Beige,937595,E00038
V0006598,,"9234",AD9234,TOY,Camry,2020,automatic,petrol,Silver/White,837164,E00038
V0006603,,"9300",AD9300,TOY,Camry,2020,automatic,diesel,Silver/White,880485,E00038
V0006621,,"9243",AD9243,TOY,Camry,2020,automatic,diesel,Silver/White,847713,E00038
V0006623,,"9258",AD9258,TOY,Camry,2020,automatic,diesel,Silver/Beige,859042,E00038
V0006641,,"5510",AD5510,TOY,Camry,2020,automatic,diesel,Silver/White,846421,E00038
V0006645,,"9262",AD9262,TOY,Camry,2021,automatic,petrol,Silver/White,939287,E00038
V0006665,,"9307",AD9307,TOY,Camry,2020,automatic,diesel,Silver/White,864388,E00038
V0006667,,"9248",AD9248,TOY,Camry,2021,automatic,petrol,Silver/White,851845,E00038
V0006673,,"5335",AD5335,TOY,Camry,2021,automatic,petrol,Silver/White,888931,E00038
V0006680,,"9268",AD9268,TOY,Camry,2021,automatic,petrol,White,855402,E00038
V0006681,,"9245",AD9245,TOY,Camry,2020,automatic,petrol,Silver/White,884895,E00038
V0006682,,"5296",AD5296,TOY,Camry,2021,automatic,diesel,Silver/White,839878,E00038
V0006685,,"9255",AD9255,TOY,Camry,2021,automatic,petrol,Silver/White,913032,E00038
V0006686,,"9232",AD9232,TOY,Camry,2021,automatic,petrol,Silver/White,884975,E00038
V0006687,,"9253",AD9253,TOY,Camry,2021,automatic,diesel,Silver Grey,865866,E00038
V0006690,,"9302",AD9302,TOY,Camry,2021,automatic,petrol,Silver/White,867703,E00038
V0006699,,"9270",AD9270,TOY,Camry,2021,automatic,petrol,Silver/White,836534,E00038
V0006701,,"9265",AD9265,TOY,Camry,2021,automatic,petrol,Silver/White,934925,E00038
V0006707,,"9277",AD9277,TOY,Camry,2021,automatic,petrol,Silver/White,832737,E00038
V0006729,,"39066","39066",MIT,Attrage,2020,automatic,petrol,Pearl White,195956,A00133
V0006730,,"9257",AD9257,TOY,Camry,2021,automatic,diesel,,801075,E00038
V0006733,,"91031","91031",GMC,SLE-2014,2014,automatic,diesel,Black,182508,A00078
V0006738,,"9212",AD9212,TOY,Camry,2020,automatic,petrol,Silver/White,916707,E00038
V0006749,,"9189",AD9189,TOY,Camry,2021,automatic,petrol,Silver/White,942282,E00038
V0006756,,"9319",AD9319,TOY,Camry,2021,automatic,diesel,Silver/White,880749,E00038
V0006766,,"9273",AD9273,TOY,Camry,2021,automatic,petrol,Silver/White,892772,E00038
V0006767,,"5134",AD5134,TOY,Camry,2021,automatic,petrol,Silver/White,874060,E00038
V0006772,,"9266",AD9266,TOY,Camry,2021,automatic,petrol,Silver/White,922180,E00038
V0006776,,"9260",AD9260,TOY,Camry,2021,automatic,petrol,Silver/White,799087,E00038
V0006778,,"9256",AD9256,TOY,Camry,2021,automatic,diesel,Silver/White,891369,E00038
V0006785,,"9371",AD9371,TOY,Camry,2021,automatic,petrol,Silver/White,893052,E00038
V0006786,,"9274",AD9274,TOY,Camry,2021,automatic,petrol,Silver/White,862596,E00038
V0006789,,"9362",AD9362,TOY,Camry,2021,automatic,petrol,Silver/White,892232,E00038
V0006798,,"9261",AD9261,TOY,Camry,2021,automatic,petrol,Silver/White,813262,E00038
V0006803,,"9311",AD9311,TOY,Camry,2021,automatic,diesel,Silver/Beige,827769,E00038
V0006817,,"5408",AD5408,TOY,Camry,2021,automatic,diesel,Silver/White,874006,E00038
V0006818,,"5631",AD5631,TOY,Camry,2021,automatic,petrol,Silver/White,899411,E00038
V0006823,,"5285",AD5285,TOY,Camry,2021,automatic,petrol,Silver/White,825237,E00038
V0006830,,"5585",AD5585,TOY,Camry,2021,automatic,petrol,Silver/White,888148,E00038
V0006833,,"5211",AD5211,TOY,Camry,2021,automatic,petrol,Silver/White,836583,E00038
V0006841,,"5431",AD5431,TOY,Camry,2021,automatic,petrol,Silver/White,870537,E00038
V0006871,,"9303",AD9303,TOY,Camry,2021,automatic,diesel,Silver/Beige,844766,E00038
V0006872,,"9287",AD9287,TOY,Camry,2021,automatic,petrol,Silver/White,877554,E00038
V0006873,,"5145",AD5145,TOY,Camry,2021,automatic,petrol,Silver/White,864659,E00038
V0006875,,"5468",AD5468,TOY,Camry,2021,automatic,diesel,Silver/White,855652,E00038
V0006884,,"9296",AD9296,TOY,Camry,2021,automatic,petrol,Silver/White,851990,E00038
V0006893,,"9301",AD9301,TOY,Camry,2021,automatic,petrol,Silver/White,895388,E00038
V0006901,,"9281",AD9281,TOY,Camry,2021,automatic,petrol,Silver/White,837789,E00038
V0006902,,"9316",AD9316,TOY,Camry,2021,automatic,petrol,Silver/White,882926,E00038
V0006904,,"9278",AD9278,TOY,Camry,2021,automatic,diesel,Silver Grey,824676,E00038
V0006905,,"9310",AD9310,TOY,Camry,2021,automatic,petrol,Silver/White,862735,E00038
V0006910,,"9294",AD9294,TOY,Camry,2021,automatic,petrol,Silver/White,841277,E00038
V0006911,,"9288",AD9288,TOY,Camry,2021,automatic,petrol,Silver/White,947478,E00038
V0006914,,"9198",AD9198,TOY,Camry,2021,automatic,petrol,Silver/White,879093,E00038
V0006915,,"9331",AD9331,TOY,Camry,2021,automatic,diesel,Silver/Beige,902900,E00038
V0006917,,"9299",AD9299,TOY,Camry,2021,automatic,diesel,Silver/Beige,796101,E00038
V0006919,,"9325",AD9325,TOY,Camry,2021,automatic,petrol,Silver/White,872843,E00038
V0006923,,"9317",AD9317,TOY,Camry,2021,automatic,diesel,Silver/Beige,846801,E00038
V0006929,,"9289",AD9289,TOY,Camry,2021,automatic,diesel,Silver Grey,934141,E00038
V0006937,,"9305",AD9305,TOY,Camry,2021,automatic,diesel,,862394,E00038
V0006940,,"9282",AD9282,TOY,Camry,2021,automatic,diesel,Silver/Beige,926316,E00038
V0006942,,"9298",AD9298,TOY,Camry,2021,automatic,diesel,Silver/Beige,850541,E00038
V0006943,,"9309",AD9309,TOY,Camry,2021,automatic,petrol,,877868,E00038
V0006957,"1405","79371","79371",TOY,Rav 4,2021,automatic,petrol,White,156817,C00002
V0006962,,"9304",AD9304,TOY,Camry,2021,automatic,petrol,,924709,E00038
V0006972,,"9314",AD9314,TOY,Camry,2021,automatic,petrol,,907117,E00038
V0006983,,"9360",AD9360,TOY,Camry,2021,automatic,diesel,Silver/White,818177,E00038
V0006987,,"9336",AD9336,TOY,Camry,2021,automatic,petrol,,911902,E00038
V0006988,,"9318",AA9318,TOY,Camry,2021,automatic,petrol,,953795,E00038
V0006996,,"9328",AD9328,TOY,Camry,2021,automatic,diesel,Silver/Beige,737074,E00038
V0006998,,"5784",AD5784,TOY,Camry,2021,automatic,diesel,,823623,E00038
V0007001,,"9350",AD9350,TOY,Camry,2021,automatic,diesel,Silver/Beige,891998,E00038
V0007011,,"5158",AD5158,TOY,Camry,2021,automatic,diesel,Silver/Beige,864898,E00038
V0007013,,"9356",AD9356,TOY,Camry,2021,automatic,diesel,Silver Grey,912415,E00038
V0007018,,"5597",AD5597,TOY,Camry,2021,automatic,petrol,,8166612,E00038
V0007020,,"9340",AD9340,TOY,Camry,2021,automatic,diesel,Silver Grey,877830,E00038
V0007021,,"9357",AD9357,TOY,Camry,2021,automatic,diesel,,790193,E00038
V0007038,,"9355",AD9355,TOY,Camry,2021,automatic,diesel,Silver/Beige,866738,E00038
V0007039,,"9348",AD9348,TOY,Camry,2021,automatic,diesel,Silver Grey,839178,E00038
V0007043,,"9327",AD9327,TOY,Camry,2021,automatic,petrol,,845430,E00038
V0007049,,"5449",AD5449,TOY,Camry,2021,automatic,diesel,Silver/White,873741,E00038
V0007051,,"5105",AD5105,TOY,Camry,2021,automatic,petrol,,857951,E00038
V0007052,,"5197",AA5197,TOY,Camry,2021,automatic,petrol,,804355,E00038
V0007059,,"9361",AD9361,TOY,Camry,2021,automatic,petrol,,791665,E00038
V0007067,,"5228",AD5228,TOY,Camry,2021,automatic,petrol,Silver Grey,812406,E00038
V0007069,,"9347",AD9347,TOY,Camry,2021,automatic,petrol,Silver Grey,905979,E00038
V0007074,,"5570",AA5570,TOY,Camry,2021,automatic,petrol,Silver Grey,912847,E00038
V0007081,,"9353",AD9353,TOY,Camry,2021,automatic,diesel,Silver/Beige,922152,E00038
V0007104,,"5364",AD5364,TOY,Camry,2021,automatic,petrol,Silver Grey,919732,E00038
V0007110,,"9335",AD9335,TOY,Camry,2021,automatic,petrol,Silver Grey,835301,E00038
V0007122,,"9374",AD974,TOY,Camry,2021,automatic,petrol,Silver Grey,778439,E00038
V0007125,,"9375",AD9375,TOY,Camry,2021,automatic,diesel,Silver Grey,879569,E00038
V0007140,"213","87840","87840",HON,Accord,2013,automatic,petrol,White,329417,C00002
V0007143,,"45794",'-,NIS,Urvan,2021,manual,petrol,White,313388,D00021
V0007199,,"15074",'-,MIT,Fuso Rosa,2023,manual,diesel,White,236888,D00021
V0007263,"310","46808",'-,SUZ,Swift,2014,automatic,petrol,White,322814,C00002
V0007317,,"97658",'-,NIS,Urvan,2022,automatic,petrol,White,271002,D00021
V0007487,"479","34436","34436",TOY,Prius,2026,automatic,petrol,White,153601,C00002
V0007526,"517","82622",'-,AUD,Audi Q7,2014,automatic,petrol,Brown,103766,C00002
V0007739,"703","18316","18316",FOR,Focus,2006,automatic,petrol,White,227521,C00002
V0008076,,"16368","16368",MIT,Attrage,2020,automatic,petrol,White,161333,A00133
V0008272,,"29335","29335",NIS,Sunny,2016,automatic,petrol,White,765365,A00158
V0008303,"217","37321",'-,HYN,Elantra,2015,automatic,petrol,Silver Grey,110622,C00002
V0008339,,"47703","47703",MER,SPRINTER,2018,automatic,petrol,White,888380,M00130
V0008434,"1210","96251",'-,NIS,Infiniti FX35,2021,automatic,petrol,Black,323262,C00002
V0008438,,"98643",'-,NIS,Urvan,2021,manual,petrol,White,223255,D00021
V0008515,,"75287","75287",NIS,Navara,2016,automatic,diesel,Silver,122222,M00130
V0008538,,"67929","67929",MIT,Rosa,2016,automatic,diesel,White,385378,M00130
V0008569,"1292","75392",'-,MIT,Outlander,2021,automatic,petrol,Black,100474,C00002
V0008600,,"5689",AD5689,TOY,Camry,2022,automatic,diesel,Silver/Beige,694051,A00115
V0008606,,"76672","76672",TOY,Hiace,2022,automatic,petrol,White,331742,A00095
V0008615,,"9369","9369",TOY,Camry,2022,automatic,petrol,Silver Grey,721958,A00115
V0008626,,"9367","9367",TOY,Camry,2022,automatic,petrol,Silver Grey,760111,A00115
V0008634,,"5142","5142",TOY,Camry,2022,automatic,diesel,White,698297,A00115
V0008644,,"5162","5162",TOY,Camry,2022,automatic,petrol,White,749246,A00115
V0008651,,"9370","9370",TOY,Camry,2022,automatic,diesel,Silver Grey,634845,A00115
V0008659,,"5234","5234",TOY,Camry,2022,automatic,diesel,Silver/Beige,707945,A00115
V0008660,,"9364","5",TOY,Camry,2022,automatic,diesel,Silver/Beige,714423,A00115
V0008671,,"9228","9228",TOY,Camry,2022,automatic,diesel,Silver/Beige,686733,A00115
V0008680,,"5154","5154",TOY,Camry,2022,automatic,diesel,Silver/Beige,711751,A00115
V0008700,,"5152","5152",TOY,Camry,2022,automatic,diesel,Silver/White,722152,A00115
V0008720,"1308","86045",'-,NIS,Urvan,2014,automatic,petrol,White,349985,A00114
V0008730,,"76662","76662",TOY,Hiace,2022,automatic,petrol,White,314708,A00097
V0008747,,"75285","75285",NIS,Navara,2016,manual,petrol,White,257971,M00130
V0008748,,"75706",'-,TOY,Hiace,2024,automatic,diesel,White,221642,D00021
V0008752,,"76663","76663",TOY,Hiace,2022,automatic,diesel,White,281297,A00095
V0008753,,"76659","76659",TOY,Hiace,2022,manual,petrol,White,302257,A00095
V0008759,,"76658","76658",TOY,Hiace,2022,automatic,petrol,White,235855,A00095
V0008763,,"6054","6054",TOY,Camry,2022,automatic,diesel,White,657942,A00115
V0008764,,"5560","5560",TOY,Camry,2022,automatic,diesel,Silver/Beige,840001,A00115
V0008765,,"6000","6000",TOY,Camry,2022,automatic,diesel,Silver Grey,746657,A00115
V0008776,,"76671","76671",TOY,Hiace,2022,manual,petrol,White,431409,A00095
V0008783,,"5571","5571",TOY,Camry,2022,automatic,diesel,White,799628,A00115
V0008784,"1308","81954",'-,NIS,Urvan,2016,manual,diesel,White,254247,A00114
V0008790,,"24998",'-,NIS,Urvan,2022,manual,diesel,White,363922,D00021
V0008800,,"5734","5734",TOY,Camry,2022,automatic,diesel,Silver/White,686463,A00115
V0008816,,"76656","76656",TOY,Hiace,2022,automatic,petrol,White,338927,A00095
V0008831,,"72635","72635",TOY,Hiace,2022,automatic,petrol,White,271512,A00115
V0008841,,"73632",'-,ASH,OYSTER,2022,automatic,petrol,White,202028,D00021
V0008847,"1308","86067",'-,NIS,Urvan,2014,automatic,petrol,White,310086,A00114
V0008850,,"5200","5200",TOY,Camry,2022,automatic,petrol,Silver/White,741292,A00115
V0008851,,"5153",AD5153,TOY,Camry,2022,automatic,petrol,Silver/White,679857,A00115
V0008862,,"76646","76646",TOY,Hiace,2022,automatic,petrol,White,205160,A00095
V0008880,,AD5191,AD5191,TOY,Camry,2022,automatic,petrol,White,733556,A00115
V0008917,,"53925","53925",MIT,Attrage,2021,automatic,petrol,White,193704,A00133
V0008922,"1449","20667",'-,KIA,Sportage,2015,automatic,petrol,Brown,303672,C00002
V0008926,"1308","81218",'-,NIS,Urvan,2016,manual,petrol,White,243223,A00114
V0008946,,"71679","71679",MIT,Rosa,2022,automatic,diesel,White,104789,A00097
V0008960,,"71673","71673",MIT,Rosa,2022,automatic,diesel,Yellow,107715,A00095
V0008967,,"5195","5195",TOY,Camry,2022,automatic,petrol,Silver/White,745892,A00115
V0008988,"1486","42515",'-,TOY,Rav 4,2022,automatic,petrol,Silver Grey,318905,C00002
V0009047,,"5189","5189",TOY,Camry,2022,automatic,petrol,Silver/Beige,682090,A00115
V0009048,,"5190","5190",TOY,Hybrid Camry,2022,automatic,hybrid,Silver/Beige,693197,A00115
V0009049,,"9341","9341",TOY,Camry,2022,automatic,petrol,Silver/Beige,688517,A00115
V0009051,,"5187","5187",TOY,Camry,2022,automatic,petrol,Silver/Beige,705645,A00115
V0009061,,"5227","5227",TOY,Hybrid Camry,2022,automatic,hybrid,Silver/Beige,689573,A00115
V0009062,,"5627","5627",TOY,Hybrid Camry,2022,automatic,hybrid,Silver/Beige,757923,A00115
V0009071,"1308","20642",'-,NIS,Urvan,2014,automatic,petrol,White,394871,A00114
V0009074,,"9218","9218",TOY,Camry,2022,automatic,petrol,Silver/Beige,699196,A00115
V0009079,,"5201","5201",TOY,Camry,2022,automatic,petrol,Silver/Beige,697484,A00115
V0009097,,"96230",'-,NIS,Urvan,2022,automatic,petrol,White,250457,D00021
V0009106,,"5649","5649",TOY,Hybrid Camry,2022,automatic,hybrid,Silver/Beige,681497,A00115
V0009157,,"27753",'-,MIT,CANTER EURO 5,2022,manual,diesel,White,318712,D00021
V0009178,,"29217","29217",NIS,Urvan,2022,automatic,petrol,White,315650,A00095
V0009179,,"5584","5584",TOY,Camry,2022,automatic,petrol,Silver/Beige,726512,A00115
V0009180,,"5564","5564",TOY,Camry,2022,automatic,petrol,Silver/Beige,768450,A00115
V0009195,,"5294","5294",TOY,Camry,2022,automatic,petrol,Silver/Beige,636697,A00115
V0009196,,"5349","5349",TOY,Camry,2022,automatic,petrol,Silver/Beige,710946,A00115
V0009199,,"9365","9365",TOY,Camry,2022,automatic,petrol,White,725243,A00115
V0009209,,"5089","5089",TOY,Camry,2022,automatic,petrol,Silver/Beige,736835,A00115
V0009220,,"5275","5275",TOY,Camry,2022,automatic,petrol,Silver/Beige,665819,A00115
V0009221,,"5373","5373",TOY,Camry,2022,automatic,petrol,Silver/White,635557,A00115
V0009222,,"5562","5562",TOY,Camry,2022,automatic,petrol,Silver/Beige,570574,A00115
V0009254,,"5110","5110",TOY,Camry,2022,automatic,petrol,Silver/Beige,737006,A00115
V0009266,,"5551","5551",TOY,Camry,2022,automatic,petrol,Silver/Beige,655670,A00115
V0009277,"1621","83741","83741",NIS,Sunny,2013,automatic,petrol,Grey,272874,C00002
V0009283,,"9312","9312",TOY,Camry,2022,automatic,petrol,Silver/Beige,694733,A00115
V0009295,,"99647",'-,MIT,CANTER EURO 5,2022,manual,diesel,White,301708,D00021
V0009298,,"5235","5235",TOY,Camry,2022,automatic,petrol,White,729559,A00115
V0009308,,AD9211,AD9211,TOY,Camry,2022,automatic,diesel,Silver Grey,643018,A00115
V0009309,,"5666","5666",TOY,Camry,2022,automatic,petrol,Silver/Beige,692346,A00115
V0009313,,"5398","5398",TOY,Camry,2022,automatic,petrol,Silver/Beige,657613,A00115
V0009321,,"5204","5204",TOY,Camry,2022,automatic,petrol,Silver/Beige,647811,A00115
V0009323,,"5161","5161",TOY,Camry,2022,automatic,petrol,Silver/Beige,633371,A00115
V0009325,,"9330","9330",TOY,Camry,2022,automatic,petrol,Silver/Beige,675370,A00115
V0009326,,"5548","5548",TOY,Camry,2022,automatic,petrol,Silver/Beige,700927,A00115
V0009329,,"9173","9173",TOY,Camry,2022,automatic,petrol,Silver/Beige,712476,A00115
V0009330,,"72840","72840",MIT,Rosa,2022,automatic,petrol,White,116473,A00095
V0009333,,"34872",'-,MIT,CANTER EURO 5,2022,manual,diesel,White,186837,D00021
V0009334,,"5186","5186",TOY,Camry,2022,automatic,petrol,Silver/Beige,693000,A00115
V0009340,,"5220","5220",TOY,Camry,2022,automatic,petrol,Silver/Beige,677235,A00115
V0009341,,"5430","5430",TOY,Camry,2022,automatic,petrol,Silver/Beige,668208,A00115
V0009345,,"6091","6091",TOY,Camry,2022,automatic,petrol,Silver/Beige,730010,A00115
V0009350,,"5525","5525",TOY,Camry,2022,automatic,petrol,Silver/Beige,623881,A00115
V0009353,,"5157","5157",TOY,Camry,2022,automatic,petrol,Silver/Beige,673926,A00115
V0009354,,"5109","5109",TOY,Camry,2022,automatic,petrol,Silver/Beige,720027,A00115
V0009355,,"6041","6041",TOY,Camry,2022,automatic,petrol,Silver/Beige,637168,A00115
V0009360,,"15207",'-,TOY,Hiace,2023,automatic,petrol,White,191896,D00021
V0009366,,"5124","5124",TOY,Camry,2022,automatic,petrol,Silver/Beige,676222,A00115
V0009368,,"96383","96383",TOY,Hiace,2022,automatic,petrol,White,261626,A00095
V0009374,,"5559","5559",TOY,Camry,2022,automatic,petrol,Silver/Beige,680129,A00115
V0009381,,"5202","5202",TOY,Camry,2022,automatic,petrol,Silver/Beige,659439,A00115
V0009384,,"5991","5991",TOY,Camry,2022,automatic,petrol,Silver/Beige,599645,A00115
V0009386,,"5185","5185",TOY,Camry,2022,automatic,petrol,Silver/Beige,644073,A00115
V0009391,,"5239","5239",TOY,Camry,2022,automatic,petrol,Silver/Beige,661641,A00115
V0009392,,"34178","34178",NIS,Urvan,2022,automatic,petrol,White,168987,A00095
V0009401,,"91715",'-,TOY,Hiace,2022,automatic,petrol,White,263765,A00095
V0009405,,"5428","5428",TOY,Camry,2022,automatic,petrol,Silver/Beige,778439,A00115
V0009411,,"9178","9178",TOY,Camry,2022,automatic,petrol,Silver/Beige,725524,A00115
V0009431,,"5472","5472",TOY,Camry,2022,automatic,petrol,Silver/Beige,570668,A00115
V0009432,,"6068","6068",TOY,Camry,2022,automatic,petrol,Silver/Beige,672863,A00115
V0009439,"1683","79372",'-,FOR,Edge,2013,automatic,petrol,Brown,152887,C00002
V0009451,,"79656","79656",MIT,Rosa,2022,automatic,diesel,Yellow,88048,A00095
V0009455,"1691","82011",BNI,TOY,Corolla,2021,automatic,petrol,Golden,274212,C00002
V0009458,,"78362","78362",MIT,Rosa,2022,automatic,diesel,Yellow,110306,A00095
V0009466,,"81125","81125",MIT,Rosa,2022,automatic,diesel,Yellow,143055,A00095
V0009468,,"78296","78296",MIT,Rosa,2022,automatic,diesel,Yellow,74208,A00095
V0009470,,"74923","74923",MIT,Rosa,2022,automatic,diesel,Yellow,95494,A00095
V0009476,,"73134","73134",MIT,Rosa,2022,automatic,diesel,Yellow,116798,A00095
V0009478,,"34875","34875",NIS,Urvan,2022,automatic,petrol,White,566595,A00095
V0009479,,"73103","73103",MIT,Rosa,2022,automatic,diesel,Yellow,119120,A00095
V0009480,,"73114","73114",MIT,Rosa,2022,automatic,diesel,Yellow,145036,A00095
V0009485,,"75142","75142",MIT,Rosa,2023,automatic,diesel,Agate RED,123075,A00095
V0009486,,"74811","74811",MIT,Rosa,2022,automatic,diesel,Yellow,107240,A00095
V0009487,,"75266","75266",MIT,Rosa,2022,automatic,diesel,Yellow,75782,A00095
V0009488,,"75566","75566",MIT,Rosa,2022,automatic,diesel,Yellow,115086,A00095
V0009489,,"78140","78140",MIT,Rosa,2022,automatic,diesel,Yellow,134536,A00095
V0009499,,"73342","73342",MIT,Rosa,2022,automatic,petrol,Yellow,125203,A00095
V0009500,,"73148","73148",MIT,Rosa,2022,automatic,petrol,Yellow,111970,A00095
V0009565,,"25286","74865",TOY,Hiace,2016,automatic,petrol,White,231195,M00130
V0009593,,"72878","72878",EIC,SKYLINE,2022,automatic,diesel,Yellow,38781,A00095
V0009602,,"72883","72883",EIC,SKYLINE,2022,automatic,diesel,Yellow,42286,A00095
V0009627,,"72877","72877",EIC,SKYLINE,2022,automatic,petrol,Yellow,31400,A00095
V0009628,,"72881","72881",EIC,SKYLINE,2022,automatic,petrol,Yellow,35955,A00095
V0009634,,"5206","5206",TOY,Camry,2022,automatic,petrol,Silver/Beige,724900,A00115
V0009638,,"5327","5327",TOY,Camry,2022,automatic,petrol,Silver/Beige,675675,A00115
V0009643,,"5155","5155",TOY,Camry,2022,automatic,petrol,Silver/Beige,649790,A00115
V0009645,"486","45609","45609",TOY,Hilux,2022,automatic,petrol,White,306898,C00002
V0009651,,"91057","91057",TAT,E-IV,2022,automatic,petrol,Yellow,82142,A00095
V0009654,,"5150","5150",TOY,Camry,2022,automatic,petrol,Silver/Beige,771222,A00115
V0009660,"1798","13924",'-,HON,City,2018,automatic,petrol,Silver Grey,322796,C00002
V0009662,,"5432","5432",TOY,Camry,2022,automatic,petrol,Silver/Beige,772522,A00115
V0009666,,"5156","5156",TOY,Camry,2022,automatic,petrol,Silver/Beige,695479,A00115
V0009667,,"5553","5553",TOY,Camry,2022,automatic,petrol,Silver/Beige,761787,A00115
V0009676,,"6060","6060",TOY,Camry,2022,automatic,petrol,Silver/Beige,800895,A00115
V0009677,,"5848","5848",TOY,Camry,2022,automatic,petrol,Silver/Beige,596362,A00115
V0009678,,"5250","5250",TOY,Camry,2022,automatic,petrol,Silver/Beige,701216,A00115
V0009685,,"72499","72499",ASH,Falcon,2022,automatic,petrol,Yellow,44001,A00095
V0009687,,"9342","9342",TOY,Camry,2022,automatic,petrol,Silver/Beige,764665,A00115
V0009688,,"5243","5243",TOY,Camry,2022,automatic,petrol,Silver/Beige,660003,A00115
V0009689,,"5647","5647",TOY,Camry,2022,automatic,petrol,Silver/Beige,662558,A00115
V0009693,,"9181","9181",TOY,Camry,2022,automatic,petrol,Silver/Beige,572840,A00115
V0009694,,"9349","9349",TOY,Camry,2022,automatic,petrol,Silver/Beige,681685,A00115
V0009696,,"5541","5541",TOY,Camry,2022,automatic,petrol,Silver/Beige,645743,A00115
V0009697,,"5346","5346",TOY,Camry,2022,automatic,petrol,Silver/Beige,664792,A00115
V0009704,,"44674",'-,MIT,Fuso Rosa,2022,automatic,petrol,White,165220,D00021
V0009708,,"5231","5231",TOY,Camry,2022,automatic,petrol,Silver/Beige,684298,A00115
V0009713,,"9271","9271",TOY,Camry,2022,automatic,petrol,Silver/Beige,659225,A00115
V0009714,,"5511","5511",TOY,Camry,2022,automatic,petrol,Silver/Beige,696856,A00115
V0009718,,"5653","5653",TOY,Camry,2022,automatic,petrol,Silver/Beige,648994,A00115
V0009727,,"5093","5093",TOY,Camry,2022,automatic,petrol,Silver/Beige,660266,A00115
V0009738,,"72850","72850",MIT,CANTER EURO 5,2022,manual,diesel,White,200077,A00095
V0009741,,"5224","5224",TOY,Camry,2022,automatic,petrol,Silver/Beige,668568,A00115
V0009749,,"5252","5252",TOY,Camry,2022,automatic,petrol,Silver/Beige,675860,A00115
V0009751,,"9343","9343",TOY,Camry,2022,automatic,petrol,Silver/Beige,621141,A00115
V0009754,,"5480","5480",TOY,Camry,2022,automatic,petrol,Silver/Beige,715428,A00115
V0009756,,"5130","5130",TOY,Camry,2022,automatic,petrol,Silver/Beige,657492,A00115
V0009757,,"5462","5462",TOY,Camry,2022,automatic,petrol,Silver/Beige,574066,A00115
V0009758,,"5706","5706",TOY,Camry,2022,automatic,petrol,Silver/Beige,717693,A00115
V0009760,,"89380",A380,TOY,Corolla,2022,automatic,petrol,White,375031,A00152
V0009762,,"89363",A363,TOY,Corolla,2022,automatic,petrol,White,370467,A00152
V0009763,,"89368",A368,TOY,Corolla,2022,automatic,petrol,White,378194,A00152
V0009770,,"5931","5931",TOY,Camry,2022,automatic,petrol,Silver/Beige,623060,A00115
V0009771,,"5414","5414",TOY,Camry,2022,automatic,petrol,Silver/Beige,537564,A00115
V0009774,,"5321","5321",TOY,Camry,2022,automatic,petrol,Silver/Beige,800179,A00115
V0009778,,"5946",AD5946,TOY,Camry,2022,automatic,diesel,Silver/Beige,721551,A00115
V0009779,,"89371",'-,TOY,Corolla,2022,automatic,petrol,White,372810,A00152
V0009780,,"89377",'-,TOY,Corolla,2022,automatic,petrol,White,338678,A00152
V0009781,,"89381",'-,TOY,Corolla,2022,automatic,petrol,White,388939,A00152
V0009782,,"89375",'-,TOY,Corolla,2022,automatic,petrol,White,371886,A00152
V0009786,,"72514","72514",ASH,Falcon,2022,automatic,petrol,Yellow,46019,A00095
V0009787,,"72590","72590",ASH,Falcon,2022,automatic,petrol,Yellow,118408,A00095
V0009789,,"89376",'-,TOY,Corolla,2022,automatic,petrol,White,337811,A00152
V0009790,,"89358",'-,TOY,Corolla,2022,automatic,petrol,White,358007,A00152
V0009791,,"89366",'-,TOY,Corolla,2022,automatic,petrol,White,369874,A00152
V0009792,,"89357",'-,TOY,Corolla,2022,automatic,petrol,White,3675810,A00152
V0009793,,"89382",'-,TOY,Hybrid Camry,2022,automatic,hybrid,White,194371,A00152
V0009794,,"89367",'-,TOY,Corolla,2022,automatic,petrol,White,366369,A00152
V0009795,,"89379",'-,TOY,Corolla,2022,automatic,petrol,White,342003,A00152
V0009796,,"89365",A365,TOY,Corolla,2022,automatic,petrol,White,370359,A00152
V0009797,,"89378",A378,TOY,Corolla,2022,automatic,petrol,White,353468,A00152
V0009798,,"89369",'-,TOY,Corolla,2022,automatic,petrol,White,378306,A00152
V0009799,,"89372",A372,TOY,Corolla,2022,automatic,petrol,White,350298,A00152
V0009800,,"89360",'-,TOY,Corolla,2022,automatic,petrol,White,351001,A00152
V0009801,,"5092","5092",TOY,Innova,2022,automatic,diesel,Silver Grey,526235,A00115
V0009817,,"72496","72496",ASH,Falcon,2022,automatic,petrol,Yellow,44101,A00095
V0009818,,"74334","74334",ASH,Falcon,2022,automatic,petrol,Yellow,44923,A00095
V0009823,,"72518","72518",ASH,Falcon,2022,automatic,petrol,Yellow,34244,A00095
V0009833,,"89353",NEW CAR,TOY,Hybrid Camry,2022,automatic,hybrid,White,402517,A00152
V0009834,,"89361",NEW CAR,TOY,Corolla,2022,automatic,hybrid,White,361478,A00152
V0009835,,"89364",A364,TOY,Corolla,2022,automatic,petrol,White,358623,A00152
V0009847,"1865","75044",'-,NIS,Urvan,2017,manual,petrol,White,367048,P00022
V0009854,,"5143","5143",TOY,Camry,2022,automatic,diesel,Silver Grey,794929,A00115
V0009861,,"89352",A352,TOY,Hybrid Camry,2022,automatic,hybrid,White,432215,A00152
V0009863,,"89355",A355,TOY,Hybrid Camry,2022,automatic,hybrid,White,405544,A00152
V0009884,,"89359",A359,TOY,Corolla,2022,automatic,petrol,White,371960,A00152
V0009885,,"89362",'-,TOY,Corolla,2022,automatic,petrol,White,374248,A00152
V0009889,,"89370",NEW CAB,TOY,Corolla,2022,automatic,petrol,White,341979,A00152
V0009890,,"89383","14100",TOY,Corolla,2022,automatic,petrol,White,347822,A00152
V0009895,,"53697",'-,JEE,Cherokee,2020,automatic,petrol,White,115811,C00002
V0009913,,"74333","74333",ASH,Falcon,2022,automatic,petrol,Yellow,43441,A00095
V0009929,,"5270","5270",TOY,Camry,2022,automatic,diesel,Silver Grey,650064,A00115
V0009931,,"5238","5238",TOY,Camry,2022,automatic,diesel,Silver Grey,673443,A00115
V0009945,,"5288","5288",TOY,Camry,2022,automatic,petrol,Silver/Beige,611146,A00115
V0009946,,"75252","75252",MIT,Rosa,2022,automatic,petrol,Yellow,117491,A00095
V0009947,,"5091","5091",TOY,Camry,2022,automatic,petrol,Silver/Beige,602888,A00115
V0009949,,"5214","5214",TOY,Camry,2022,automatic,petrol,Silver/Beige,633591,A00115
V0009951,,"72593","72593",ASH,Falcon,2022,automatic,diesel,Yellow,37350,A00095
V0009952,,"5102","5102",TOY,Camry,2022,automatic,petrol,Silver/Beige,639727,A00115
V0009953,,"5342","5342",TOY,Innova,2022,automatic,petrol,Silver/Beige,556162,A00115
V0009958,,"5315","5315",TOY,Camry,2022,automatic,petrol,Silver/Beige,558300,A00115
V0009982,,"46286","46286",TOY,Hiace,2022,manual,petrol,White,400200,A00095
V0009984,,"72519","72519",ASH,Falcon,2022,automatic,petrol,Yellow,33187,A00095
V0009987,,"5292","5292",TOY,Camry,2022,automatic,diesel,Silver/Beige,869656,A00115
V0010007,,"74321","74321",ASH,Falcon,2022,automatic,petrol,Yellow,102500,A00095
V0010014,,"5226","5226",TOY,Camry,2022,automatic,petrol,Silver/Beige,663099,A00115
V0010020,,"5467","5467",TOY,Camry,2022,automatic,petrol,Silver/Beige,700834,A00115
V0010029,,"74171","74171",ASH,Falcon,2022,automatic,petrol,Yellow,31788,A00095
V0010039,,"5502","5502",TOY,Camry,2022,automatic,petrol,Silver/Beige,619049,A00115
V0010046,,"5135","5135",TOY,Camry,2022,automatic,petrol,Silver/Beige,639307,A00115
V0010049,,"9324","9324",TOY,Camry,2022,automatic,petrol,Silver/Beige,628479,A00115
V0010051,,"5465","5465",TOY,Camry,2022,automatic,petrol,Silver/Beige,610823,A00115
V0010053,,"28835",'-,NIS,Urvan,2022,automatic,petrol,White,196214,D00021
V0010061,,"5171","5171",TOY,Camry,2022,automatic,petrol,Silver/Beige,638677,A00115
V0010070,,"5271","5271",TOY,Camry,2022,automatic,petrol,Silver/Beige,701487,A00115
V0010071,,"5420","5420",TOY,Camry,2022,automatic,petrol,Silver/Beige,647431,A00115
V0010078,,"5301","5301",TOY,Camry,2022,automatic,petrol,Silver/Beige,645018,A00115
V0010079,,"5212","5212",TOY,Camry,2022,automatic,petrol,Silver/Beige,663548,A00115
V0010080,,"5213","5213",TOY,Camry,2022,automatic,petrol,Silver/Beige,612772,A00115
V0010083,,"5112","5112",TOY,Camry,2022,automatic,petrol,Silver/Beige,668039,A00115
V0010084,,"5411","5411",TOY,Camry,2022,automatic,petrol,Silver/Beige,704914,A00115
V0010085,,"5149","5149",TOY,Camry,2022,automatic,petrol,Silver/Beige,625898,A00115
V0010087,,"5123","5123",TOY,Camry,2022,automatic,petrol,Silver/Beige,569293,A00115
V0010089,,"37191",'-,MIT,XPANDER,2022,automatic,petrol,Silver Grey,164051,D00021
V0010103,,"72494","72494",ASH,Falcon,2022,automatic,diesel,Yellow,119000,A00095
V0010121,,"5240","5240",TOY,Camry,2022,automatic,petrol,Silver/Beige,633074,A00115
V0010127,,"34871",'-,MIT,L 200,2022,automatic,petrol,White,131688,D00021
V0010128,,"34856",'-,NIS,Urvan,2022,manual,diesel,White,372720,D00021
V0010132,,"75402","75402",MIT,Rosa,2022,automatic,petrol,Yellow,115424,A00095
V0010136,,"79600","79600",MIT,Rosa,2022,automatic,diesel,Silver/Beige,121475,A00095
V0010137,,"75241","75241",MIT,Rosa,2022,automatic,petrol,Yellow,117175,A00095
V0010143,,"35873","35873",JAC,J7,2022,automatic,petrol,Red,108119,A00095
V0010161,,"45275","45275",MIT,ASX,2022,automatic,petrol,White,69700,A00095
V0010184,,"72671","72671",MIT,L 200,2022,automatic,petrol,White,96858,A00095
V0010190,,"42661",'-,JAC,S3,2022,automatic,petrol,White,118824,D00021
V0010195,"1308","73914",'-,NIS,Sentra,,automatic,petrol,Silver Grey,117235,A00114
V0010200,,"34857",'-,NIS,Urvan,2022,automatic,petrol,White,82995,D00021
V0010201,,"25872",'-,JAC,J7 ( SALOON ),2022,automatic,petrol,White,88373,D00021
V0010208,,"71495",'-,MIT,Attrage,2022,automatic,petrol,White,644919,D00021
V0010224,,"35877","35877",JAC,J7,2022,automatic,petrol,Black,41158,A00095
V0010227,,"34177",'-,MIT,Attrage,2022,automatic,petrol,Silver Grey,130646,D00021
V0010229,,"73143","73143",TOY,COROLLA CROSS,2022,automatic,petrol,White,220000,M00130
V0010262,,"12738",'-,MIT,L 200,2022,automatic,petrol,White,129687,D00021
V0010267,,"37626","37626",MIT,L 200,2022,automatic,petrol,White,146757,A00095
V0010290,,"44079",'-,JAC,J7,2022,automatic,petrol,Blue,911201,D00021
V0010312,,"37903",'-,MIT,XPANDER,2022,automatic,petrol,White,154405,D00021
V0010370,,"16241",'-,MIT,Attrage,2023,automatic,petrol,Silver Grey,97059,D00021
V0010372,,"37966","37966",MIT,ASX,2022,automatic,petrol,White,72570,A00095
V0010386,"500","84092","84092",HYN,Santa FE,2013,automatic,petrol,Grey,168626,C00002
V0010388,,"5316","5316",TOY,Camry,2023,automatic,diesel,Silver/Beige,647068,A00115
V0010393,,"48097","48097",MIT,XPANDER,2022,automatic,petrol,White,172010,A00095
V0010406,"2110","37582",'-,NIS,Tiida,2019,automatic,petrol,Silver Grey,228466,C00002
V0010427,,"72866","72866",MIT,Rosa,2022,automatic,petrol,Yellow,122149,A00095
V0010431,,"37927",'-,MIT,ASX,2022,automatic,petrol,White,92233,D00021
V0010441,,"5523","5523",TOY,Camry,2023,automatic,petrol,Silver/Beige,557529,A00115
V0010445,,"5216","5216",TOY,Camry,2023,automatic,petrol,Silver/Beige,511836,A00115
V0010447,,"77239","77239",MIT,XPANDER,2022,automatic,petrol,White,152996,A00095
V0010456,,"90779",'-,NIS,Urvan,2022,automatic,petrol,White,141395,D00021
V0010458,,"77256","77256",MIT,XPANDER,2022,automatic,petrol,White,178956,A00095
V0010459,,"5540","5540",TOY,Camry,2023,automatic,petrol,Silver/Beige,685526,A00115
V0010463,,"5125","5125",TOY,Camry,2023,automatic,petrol,Silver/Beige,653881,A00115
V0010465,,"5351","5351",TOY,Camry,2023,automatic,diesel,Silver Grey,601614,A00115
V0010473,,"5151","5151",TOY,Camry,2023,automatic,petrol,Silver/Beige,608776,A00115
V0010474,,"72865","72865",MIT,Rosa,2022,automatic,petrol,Yellow,107019,A00095
V0010475,,"5433","5433",TOY,Camry,2023,automatic,petrol,Silver/Beige,614700,A00115
V0010478,,"5319","5319",TOY,Camry,2023,automatic,petrol,Silver/Beige,559270,A00115
V0010481,,"5129","5129",TOY,Camry,2023,automatic,petrol,Silver/White,728968,A00115
V0010484,,"5409","5409",TOY,Camry,2023,automatic,petrol,Silver/Beige,593722,A00115
V0010485,,"5090","5090",TOY,Camry,2023,automatic,petrol,Silver Grey,580542,A00115
V0010486,,"5338","5338",TOY,Camry,2023,automatic,petrol,Silver Grey,615455,A00115
V0010489,,"5538","5538",TOY,Camry,2023,automatic,petrol,White,634812,A00115
V0010492,,"5407","5407",TOY,Camry,2023,automatic,petrol,Silver/Beige,596187,A00115
V0010494,,"5386","5386",TOY,Camry,2023,automatic,petrol,Silver/Beige,608611,A00115
V0010496,,"5424","5424",TOY,Camry,2023,automatic,petrol,Silver/Beige,609375,A00115
V0010499,,"5128","5128",TOY,Camry,2023,automatic,petrol,Silver/Beige,608168,A00115
V0010500,,"5339","5339",TOY,Camry,2023,automatic,petrol,Silver/Beige,618100,A00115
V0010505,,"35851",'-,JAC,J7 ( SALOON ),2022,automatic,petrol,White,83645,D00021
V0010508,,"5303","5303",TOY,Camry,2023,automatic,petrol,Silver/Beige,644850,A00115
V0010510,,"5786","5786",TOY,Camry,2023,automatic,petrol,Silver/Beige,723640,A00115
V0010512,,"5441","5441",TOY,Camry,2023,automatic,petrol,Silver/Beige,599248,A00115
V0010514,,"5366","5366",TOY,Camry,2023,automatic,petrol,Silver/Beige,609919,A00115
V0010516,,"5469","5469",TOY,Camry,2023,automatic,petrol,Silver/Beige,591607,A00115
V0010518,,"5100","5100",TOY,Camry,2023,automatic,petrol,Silver/Beige,632685,A00115
V0010520,"2148","38942",'-,MAZ,Mazda 6,2021,automatic,petrol,Silver Grey,193288,C00002
V0010521,,"5350","5350",TOY,Camry,2023,automatic,petrol,Silver/Beige,625107,A00115
V0010523,,"5434","5434",TOY,Camry,2023,automatic,petrol,Silver/Beige,599092,A00115
V0010527,,"5370","5370",TOY,Camry,2023,automatic,petrol,Silver/Beige,579714,A00115
V0010530,,"67344",'-,JAC,J7 ( SALOON ),2022,automatic,petrol,Silver Grey,86411,D00021
V0010531,,"5485","5485",TOY,Camry,2023,automatic,petrol,Silver/Beige,607814,A00115
V0010533,,"5503","5503",TOY,Camry,2023,automatic,petrol,Silver/Beige,599258,A00115
V0010534,,"5126","5126",TOY,Camry,2023,automatic,petrol,Silver/Beige,586985,A00115
V0010535,,"37963","37963",MIT,ASX,2022,automatic,petrol,White,115499,A00095
V0010538,,"5324","5324",TOY,Camry,2023,automatic,petrol,Silver/Beige,616403,A00115
V0010545,,"5086","5086",TOY,Camry,2023,automatic,petrol,Silver/Beige,579008,A00115
V0010546,,"5137",'-,TOY,Camry,2023,automatic,petrol,Silver Grey,680861,A00115
V0010550,,"77253",'-,MIT,XPANDER,2022,automatic,petrol,Silver Grey,152888,A00095
V0010553,,"5498","5498",TOY,Camry,2023,automatic,petrol,Silver/Beige,637555,A00115
V0010558,,"5500","5500",TOY,Camry,2023,automatic,petrol,Silver/Beige,618115,A00115
V0010559,,"5508","5508",TOY,Camry,2023,automatic,petrol,Silver/Beige,639653,A00115
V0010560,,"5492","5492",TOY,Camry,2023,automatic,petrol,Silver/Beige,607999,A00115
V0010568,,"74938",'-,MGM,MG5,2023,automatic,petrol,Silver Grey,118523,D00021
V0010575,"2163","53152",'-,TOY,Rav 4,2018,automatic,petrol,White,204606,C00002
V0010577,,"5515","5515",TOY,Camry,2023,automatic,petrol,Silver/Beige,525418,A00115
V0010579,,"73615",'-,TOY,Corolla,2023,automatic,petrol,White,373487,M00130
V0010580,,"73613",'-,TOY,Corolla,2023,automatic,petrol,White,343305,A00158
V0010582,,"5148","5148",TOY,Camry,2023,automatic,petrol,Silver/Beige,582011,A00115
V0010583,,"5098","5098",TOY,Camry,2023,automatic,petrol,Silver/Beige,609223,A00115
V0010588,,"16237",'-,MIT,Attrage,2023,automatic,petrol,Silver Grey,98150,D00021
V0010597,,"74968",'-,MGM,MG5,2023,automatic,petrol,Silver Grey,74669,D00021
V0010600,,"48106","48106",MIT,ASX,2022,automatic,petrol,White,66724,A00095
V0010604,,"75098",'-,MGM,MG5,2023,automatic,petrol,Silver Grey,92820,D00021
V0010608,,"57683",'-,MIT,L 200,2022,automatic,petrol,White,131472,D00021
V0010614,,"5210",'-,TOY,Camry,2023,automatic,petrol,Silver Grey,618939,A00115
V0010615,,"37957","37957",MIT,ASX,2022,automatic,petrol,White,102195,A00095
V0010618,,"5223",'-,TOY,Camry,2023,automatic,petrol,Silver Grey,597053,A00115
V0010622,,"35868","35868",JAC,J7 ( SALOON ),2022,automatic,petrol,Black,102056,A00095
V0010625,,"5115","5115",TOY,Camry,2023,automatic,petrol,Silver/Beige,585978,A00115
V0010627,,"5203","5203",TOY,Camry,2023,automatic,petrol,Silver/Beige,658382,A00115
V0010629,,"5199","5199",TOY,Camry,2023,automatic,petrol,Silver/Beige,580219,A00115
V0010636,"1308","31349",'-,TOY,Corolla,2015,automatic,petrol,Blue,131925,A00114
V0010637,,"37944",'-,MIT,ASX,2022,automatic,petrol,White,125343,D00021
V0010641,,"5207","5207",TOY,Camry,2023,automatic,petrol,Silver/Beige,614324,A00115
V0010649,,"5225","5225",TOY,Innova,2023,automatic,diesel,Silver/Beige,687971,A00115
V0010650,,"5229","5229",TOY,Innova,2023,automatic,diesel,Silver/Beige,554276,A00115
V0010651,,"5233","5233",TOY,Innova,2023,automatic,petrol,Silver/Beige,660382,A00115
V0010653,,"5245","5245",TOY,Innova,2023,automatic,diesel,Silver/Beige,635229,A00115
V0010654,,"5254","5254",TOY,Innova,2023,automatic,diesel,Silver/Beige,491706,A00115
V0010655,,"5256","5256",TOY,Innova,2023,automatic,diesel,Silver/Beige,544361,A00115
V0010656,,"5258","5258",TOY,Innova,2023,automatic,diesel,Silver/Beige,586600,A00115
V0010658,,"5262","5262",TOY,Innova,2023,automatic,diesel,Silver/Beige,603832,A00115
V0010659,,"5263","5263",TOY,Innova,2023,automatic,petrol,Silver/Beige,587047,A00115
V0010660,,"5265","5265",TOY,Camry,2023,automatic,diesel,Silver/Beige,558368,A00115
V0010662,,"5267","5267",TOY,Camry,2023,automatic,diesel,Silver/Beige,585201,A00115
V0010663,,"5269","1134257",TOY,Camry,2023,automatic,petrol,Silver/Beige,541894,A00115
V0010664,,"5272","5272",TOY,Camry,2023,automatic,diesel,Silver/Beige,594722,A00115
V0010665,,"5274","5274",TOY,Camry,2023,automatic,diesel,Silver/Beige,591204,A00115
V0010666,,"5282","5282",TOY,Camry,2023,automatic,diesel,Silver/Beige,586253,A00115
V0010667,,"5283","5283",TOY,Camry,2023,automatic,petrol,Silver/Beige,568823,A00115
V0010669,,"5295","5295",TOY,Camry,2023,automatic,diesel,Silver/Beige,637353,A00115
V0010670,,"5298","5298",TOY,Camry,2023,automatic,diesel,Silver/Beige,563848,A00115
V0010672,,"5300","5300",TOY,Camry,2023,automatic,petrol,Silver/Beige,627394,A00115
V0010673,,"5302","5302",TOY,Camry,2023,automatic,diesel,Silver/Beige,577383,A00115
V0010674,,"5304","5304",TOY,Camry,2023,automatic,diesel,Silver/Beige,567160,A00115
V0010675,,"5306","5306",TOY,Camry,2023,automatic,diesel,Silver/Beige,634579,A00115
V0010677,,"5307","5307",TOY,Camry,2023,automatic,diesel,Silver/Beige,690076,A00115
V0010678,,"5309","5309",TOY,Camry,2023,automatic,diesel,Agate RED,593270,A00115
V0010679,,"48062",'-,JAC,J7 ( SALOON ),2023,automatic,petrol,White,95360,D00021
V0010680,,"5310","5310",TOY,Camry,2023,automatic,diesel,Silver/Beige,583838,A00115
V0010681,,"5313","5313",TOY,Camry,2023,automatic,petrol,Silver/Beige,582489,A00115
V0010682,,"5317","5317",TOY,Camry,2023,automatic,diesel,Silver/Beige,549008,A00115
V0010683,,"5320","5320",TOY,Camry,2023,automatic,diesel,Silver/Beige,797733,A00115
V0010684,,"5336","5336",TOY,Camry,2023,automatic,petrol,Silver/Beige,589318,A00115
V0010685,,"5340","5340",TOY,Camry,2023,automatic,diesel,Silver/Beige,595747,A00115
V0010686,,"5341","5341",TOY,Camry,2023,automatic,diesel,Silver/Beige,569082,A00115
V0010687,,"5345","5345",TOY,Camry,2023,automatic,petrol,Silver/Beige,576639,A00115
V0010688,,"5352","5352",TOY,Camry,2023,automatic,diesel,Silver/Beige,607091,A00115
V0010689,,"5354","5354",TOY,Camry,2023,automatic,diesel,Silver/Beige,494345,A00115
V0010690,,"5357","5357",TOY,Camry,2023,automatic,diesel,Silver/Beige,581629,A00115
V0010691,,"5359","5359",TOY,Camry,2023,automatic,diesel,Silver/Beige,517443,A00115
V0010692,,"5371","5371",TOY,Camry,2023,automatic,diesel,Silver/Beige,632120,A00115
V0010693,,"5388","5388",TOY,Camry,2023,automatic,diesel,Silver/Beige,647636,A00115
V0010694,,"5389","5389",TOY,Camry,2023,automatic,diesel,Silver/Beige,686419,A00115
V0010695,,"5391","5391",TOY,Camry,2023,automatic,petrol,Silver/Beige,586197,A00115
V0010696,,"5396","5396",TOY,Camry,2023,automatic,diesel,Silver/Beige,571328,A00115
V0010697,,"5402","5402",TOY,Camry,2023,automatic,petrol,Silver/Beige,612455,A00115
V0010698,,"5405","5405",TOY,Camry,2023,automatic,diesel,Silver/Beige,583076,A00115
V0010699,,"5412","1139904",TOY,Camry,2023,automatic,petrol,Silver/Beige,654597,A00115
V0010701,,"5435","5435",TOY,Camry,2023,automatic,diesel,Silver/Beige,686942,A00115
V0010702,,"5536","5536",TOY,Camry,2023,automatic,diesel,Silver/Beige,654233,A00115
V0010716,,"5198","5198",TOY,Camry,2023,automatic,petrol,Silver/Beige,617452,A00115
V0010718,,"44075",'-,JAC,J7 ( SALOON ),2022,automatic,petrol,Blue,81621,D00021
V0010721,,"79472","79472",MIT,Rosa,2022,automatic,petrol,Yellow,105286,A00095
V0010723,,"75362","75362",MIT,Rosa,2022,automatic,petrol,Yellow,115496,A00095
V0010732,,"72592","72592",ASH,Falcon,2022,automatic,petrol,Yellow,31414,A00095
V0010741,,"71848",'-,NIS,Infiniti Q50,2023,automatic,petrol,White,108221,D00021
V0010745,,"92798","92798",TAT,E-IV,2022,automatic,petrol,Yellow,30672,A00095
V0010748,,"37885",'-,MIT,XPANDER,2022,automatic,petrol,White,231144,D00021
V0010750,,"75237","75237",MIT,Rosa,2022,automatic,diesel,Yellow,105044,A00095
V0010765,,"42660","42660",JAC,S3,2022,automatic,petrol,Black,88246,A00095
V0010767,,"5308","5308",TOY,Camry,2023,automatic,petrol,Silver/Beige,562301,A00115
V0010773,,"37959","37959",MIT,ASX,2022,automatic,petrol,White,108559,A00095
V0010785,,"88293","88293",NIS,Patrol,2022,automatic,petrol,White,88810,A00095
V0010787,,"24686",'-,NIS,Urvan,2023,automatic,petrol,White,156301,D00021
V0010788,,"22835",'-,JAC,J7 ( SALOON ),2023,automatic,petrol,Grey,86999,D00021
V0010790,,"16329",'-,MIT,Attrage,2023,automatic,petrol,Red,115410,D00021
V0010800,,"72841","72841",MIT,Rosa,2022,automatic,petrol,White,119325,A00095
V0010809,,"92187",'-,NIS,Urvan,2022,manual,diesel,White,150322,D00021
V0010812,,"85483","85483",JAC,J7 ( SALOON ),2022,automatic,petrol,Deep Blue,134223,A00095
V0010815,,"92980",'-,NIS,Urvan,2022,manual,petrol,White,133280,D00021
V0010817,,"79505",'-,MIT,ASX,2022,automatic,petrol,White,94044,D00021
V0010823,,"67960",'-,JAC,J7 ( SALOON ),2022,automatic,petrol,White,107136,D00021
V0010826,,"71847",'-,NIS,Infiniti Q50,2023,automatic,petrol,White,76678,D00021
V0010841,"1865","43136",'-,TOY,Corolla,2015,automatic,petrol,White,434816,P00022
V0010842,,"37192",'-,MIT,XPANDER,2022,automatic,petrol,Silver Grey,188788,D00021
V0010847,,"48809",'-,JAC,J7 ( SALOON ),2023,automatic,petrol,White,110415,D00021
V0010852,,"44073",'-,JAC,S3,2022,automatic,petrol,Black,91701,D00021
V0010853,,"69397",'-,JAC,J7,2022,automatic,diesel,Grey,139470,D00021
V0010858,,"75192","75192",MIT,Rosa,2022,automatic,diesel,Yellow,118801,A00095
V0010869,,"71516",'-,MIT,Attrage,2022,automatic,petrol,Silver Grey,140632,D00021
V0010871,,"14695",'-,MIT,Attrage,2023,automatic,petrol,Grey,110073,D00021
V0010873,,"75648","75648",JAC,J7 ( SALOON ),2023,automatic,petrol,White,118721,A00095
V0010879,,"37898",'-,MIT,XPANDER,2022,automatic,petrol,White,192239,D00021
V0010885,,"44063",'-,JAC,J7 ( SALOON ),2023,automatic,petrol,Grey,67036,D00021
V0010888,,"90745",'-,NIS,Urvan,2022,manual,petrol,White,117838,D00021
V0010889,,"74135",'-,MGM,MG5,2023,automatic,petrol,Silver Grey,78968,D00021
V0010892,,"37897","37897",MIT,XPANDER,2022,automatic,petrol,White,183050,A00095
V0010894,,"17248","17248",TOY,Corolla,2023,automatic,hybrid,White,381299,A00158
V0010901,,"34873",'-,MIT,CANTER EURO 5,2022,manual,diesel,White,82055,D00021
V0010917,,"34184",'-,MIT,Attrage,2022,automatic,petrol,Silver Grey,114465,D00021
V0010918,,"14694",'-,MIT,Attrage,2023,automatic,petrol,Grey,150342,D00021
V0010919,,"36426","36426",JAC,J7 ( SALOON ),2022,automatic,petrol,Black,94392,A00095
V0010924,,"74154",'-,MGM,MG5,2023,automatic,petrol,Silver Grey,73942,D00021
V0010930,,"84867","84867",JAC,J7 ( SALOON ),2022,automatic,diesel,White,160841,A00095
V0010931,,"14675","14675",MIT,Attrage,2023,automatic,diesel,Silver Grey,96408,A00095
V0010932,,"75639","75639",JAC,J7 ( SALOON ),2023,automatic,petrol,White,101805,A00095
V0010935,,"96780",'-,MIT,ASX,2022,automatic,petrol,Grey,105379,D00021
V0010937,,"25901",'-,NIS,Infiniti Q50,2023,automatic,petrol,White,86730,D00021
V0010942,,"71754",'-,MIT,Attrage,2022,automatic,petrol,Silver Grey,113295,D00021
V0010949,,"59564",'-,JAC,J7 ( SALOON ),2023,automatic,petrol,Blue,80548,D00021
V0010951,,"38597",'-,MIT,CANTER EURO 5,2023,manual,diesel,Green,162761,D00021
V0010955,,"69176","69176",MIT,ASX,2022,automatic,diesel,White,91966,A00095
V0010961,,"48064",'-,JAC,J7 ( SALOON ),2023,automatic,petrol,White,103792,D00021
V0010962,,"74160",'-,MGM,MG5,2023,automatic,petrol,Silver Grey,87298,D00021
V0010964,,"47986",'-,JAC,J7 ( SALOON ),2023,automatic,petrol,White,93002,D00021
V0010965,,"75145","75145",MIT,Rosa,2022,automatic,petrol,Yellow,91354,A00095
V0010969,,"74933",'-,MGM,MG5,2023,automatic,petrol,Silver Grey,120136,A00095
V0010970,,"71676",'-,MIT,CANTER EURO 5,2023,manual,diesel,Blue,266082,D00021
V0010978,,"69264",'-,MIT,ASX,2022,automatic,petrol,White,104830,D00021
V0010980,,"15306","15306",NIS,Patrol,2023,automatic,diesel,White,193665,A00095
V0010981,,"74918","74918",MGM,MG5,2023,automatic,petrol,White,108101,A00095
V0010984,,"70282","70282",MIT,ASX,2022,automatic,petrol,White,91058,A00095
V0010990,,"71670",'-,MIT,CANTER EURO 5,2023,manual,diesel,Green,166409,D00021
V0010991,,"37882",'-,MIT,XPANDER,2022,automatic,petrol,White,108526,D00021
V0011002,,"89049",A049,TOY,Camry,,automatic,petrol,White,310907,A00152
V0011004,,"89022",'-,TOY,Camry,,automatic,petrol,White,272239,A00152
V0011005,,"89020",A020,TOY,Camry,,automatic,petrol,White,308845,A00152
V0011007,,"89055",A055,TOY,Camry,,automatic,petrol,White,301083,A00152
V0011010,,"48264","48264",JAC,J7 ( SALOON ),2023,automatic,petrol,White,121330,A00095
V0011015,,"89142",E887,TOY,Camry,2023,automatic,petrol,White,2460751,A00152
V0011016,,"89039",A039,TOY,Camry,,automatic,petrol,White,309593,A00152
V0011026,,"5516","5516",TOY,Camry,2023,automatic,petrol,Silver/Beige,551142,A00115
V0011028,,"5518","5518",TOY,Camry,2023,automatic,petrol,Silver/Beige,580902,A00115
V0011030,,"5552","5552",TOY,Camry,2023,automatic,petrol,Silver/Beige,532910,A00115
V0011031,,"5555","5555",TOY,Camry,2023,automatic,petrol,Silver/Beige,563805,A00115
V0011034,,"5583","5583",TOY,Camry,2023,automatic,petrol,Silver/White,582354,A00115
V0011035,,"5607","5607",TOY,Camry,2023,automatic,diesel,Silver/Beige,5101732,A00115
V0011036,,"5629","5629",TOY,Camry,2023,automatic,diesel,Silver/White,541721,A00115
V0011037,,"5648","5648",TOY,Camry,2023,automatic,diesel,Silver/White,617361,A00115
V0011039,,"5886",'-,TOY,Camry,2023,automatic,petrol,Silver/White,633351,A00115
V0011040,,"5974","5971",TOY,Camry,2023,automatic,petrol,Silver/Beige,513451,A00115
V0011041,,"5982","5982",TOY,Camry,2023,automatic,diesel,Silver/Beige,494988,A00115
V0011042,,"6011",'-,TOY,Camry,2023,automatic,diesel,Silver/White,583445,A00115
V0011043,,"9155","9155",TOY,Camry,2023,automatic,diesel,Silver/White,531259,A00115
V0011044,,"9192","9192",TOY,Camry,2023,automatic,diesel,Silver/Beige,583166,A00115
V0011045,,"9219",'-,TOY,Camry,2023,automatic,petrol,Silver/Beige,593892,A00115
V0011046,,"9285",'-,TOY,Camry,2023,automatic,petrol,Silver/Beige,590628,A00115
V0011047,,"9322",'-,TOY,Camry,2023,automatic,petrol,Silver/Beige,585380,A00115
V0011048,,"9345",'-,TOY,Camry,2023,automatic,petrol,Silver/White,511883,A00115
V0011050,,"5422","5422",TOY,Camry,2023,automatic,diesel,Silver/Beige,496968,A00115
V0011051,,"5852",'-,TOY,Camry,2023,automatic,petrol,Silver/Beige,539143,A00115
V0011052,,"5138",'-,TOY,Camry,2023,automatic,petrol,Silver/White,534020,A00115
V0011054,,"5455",'-,TOY,Camry,2023,automatic,petrol,Silver/Beige,565323,A00115
V0011055,,"9337",'-,TOY,Camry,2023,automatic,petrol,Silver/White,582753,A00115
V0011056,,"5812",'-,TOY,Camry,2023,automatic,petrol,Silver/Beige,611603,A00115
V0011057,,"5954","5954",TOY,Camry,2023,automatic,diesel,Silver/Beige,551318,A00115
V0011058,,"9332",'-,TOY,Camry,2023,automatic,petrol,Silver/White,622198,A00115
V0011059,,"5406","5406",TOY,Camry,2023,automatic,petrol,Silver/Beige,463531,A00115
V0011060,,"9333",'-,TOY,Camry,2023,automatic,petrol,Silver/White,604723,A00115
V0011061,,"5520","0107",TOY,Camry,2023,automatic,petrol,Silver/Beige,621496,A00115
V0011062,,"5470","5470",TOY,Camry,2023,automatic,diesel,Silver/Beige,573890,A00115
V0011068,,"91541",'-,NIS,Urvan,2023,automatic,petrol,White,163847,D00021
V0011071,,"65092",'-,MIT,Attrage,2023,automatic,petrol,Silver Grey,116062,D00021
V0011075,,"25734","25734",MIT,Attrage,2022,automatic,petrol,White,123637,A00095
V0011076,,"16239",'-,MIT,Attrage,2023,automatic,petrol,Silver Grey,107986,D00021
V0011079,,"25879",'-,JAC,J7 ( SALOON ),2022,automatic,petrol,Silver Grey,99236,D00021
V0011081,,"59681","59681",JAC,J7 ( SALOON ),2023,automatic,petrol,Black,91135,A00095
V0011085,,"86094",'-,JAC,J7 ( SALOON ),2023,automatic,petrol,White,60276,D00021
V0011088,,"54277","54277",MIT,Attrage,2023,automatic,petrol,White,118169,A00095
V0011091,,"89024",'-,TOY,Camry,,automatic,petrol,White,283521,A00152
V0011092,,"89033",A033,TOY,Camry,2023,automatic,petrol,White,276812,A00152
V0011093,,"89019",A019,TOY,Camry,,automatic,petrol,White,355900,A00152
V0011094,,"89009",'-,TOY,Camry,,automatic,petrol,White,277393,A00152
V0011095,,"89054",A054,TOY,Camry,,automatic,petrol,White,297743,A00152
V0011096,,"89029",A029,TOY,Camry,,automatic,petrol,White,305683,A00152
V0011097,,"89008",'-,TOY,Camry,,automatic,petrol,White,276060,A00152
V0011099,,"89143",A143,TOY,Camry,,automatic,hybrid,White,307154,A00152
V0011100,,"89051",'-,TOY,Camry,,automatic,petrol,White,286776,A00152
V0011101,,"89002",A002,TOY,Camry,,automatic,petrol,White,295399,A00152
V0011103,,"89040",A040,TOY,Camry,,automatic,petrol,White,258174,A00152
V0011104,,"89145",A145,TOY,Camry,,automatic,petrol,White,286527,A00152
V0011105,,"89012",A012,TOY,Camry,,automatic,petrol,White,274762,A00152
V0011106,,"89144",A144,TOY,Camry,,automatic,petrol,White,341939,A00152
V0011108,,"89043",'-,TOY,Camry,,automatic,petrol,White,230836,A00152
V0011112,,"25875",'-,JAC,J7 ( SALOON ),2022,automatic,petrol,Silver Grey,82653,A00095
V0011115,,"89014",A014,TOY,Camry,,automatic,petrol,White,3088870,A00152
V0011117,,"89146",'-,TOY,Camry,,automatic,petrol,White,290769,A00152
V0011118,,"89015",A015,TOY,Camry,,automatic,petrol,White,286652,A00152
V0011120,,"89016",A016,TOY,Camry,,automatic,petrol,White,305189,A00152
V0011121,,"89023",A023,TOY,Camry,,automatic,petrol,White,342816,A00152
V0011122,,"89050",'-,TOY,Camry,,automatic,petrol,White,343918,A00152
V0011123,,"89041",A041,TOY,Camry,,automatic,petrol,White,265319,A00152
V0011124,,"89154",'-,TOY,Camry,,automatic,petrol,White,274782,A00152
V0011125,,"89021",A021,TOY,Camry,,automatic,petrol,White,229853,A00152
V0011126,,"89158",'-,TOY,Camry,,automatic,petrol,White,304266,A00152
V0011128,,"89155",'-,TOY,Hybrid Camry,,automatic,hybrid,White,210029,A00152
V0011129,,"89030",A030,TOY,Camry,2023,automatic,petrol,White,286968,A00152
V0011130,,"89036",A036,TOY,Camry,,automatic,petrol,White,272066,A00152
V0011131,,"89042",'-,TOY,Camry,,automatic,petrol,White,302497,A00152
V0011132,,"89025",A025,TOY,Camry,,automatic,petrol,White,353330,A00152
V0011133,,"89001",'-,TOY,Camry,,automatic,petrol,White,2341622,A00152
V0011134,,"89038",A038,TOY,Camry,,automatic,petrol,White,293809,A00152
V0011136,,"89003",'-,TOY,Camry,,automatic,petrol,White,282880,A00152
V0011137,,"89026",A026,TOY,Camry,2023,automatic,petrol,White,301532,A00152
V0011139,,"89139",A139,TOY,Camry,,automatic,petrol,White,279254,A00152
V0011140,,"89044",A044,TOY,Camry,,automatic,petrol,White,313747,A00152
V0011142,,"72503","72503",ASH,Falcon,2022,automatic,petrol,Yellow,36932,A00095
V0011145,,"16235",'-,MIT,Attrage,2023,automatic,petrol,White,183229,D00021
V0011146,,"89007",'-,TOY,Camry,,automatic,petrol,White,314608,A00152
V0011147,,"89011",'-,TOY,Camry,2023,automatic,petrol,White,285000,A00152
V0011148,,"89147",A147,TOY,Camry,,automatic,petrol,White,295053,A00152
V0011149,,"89141",A141,TOY,Camry,,automatic,petrol,White,241649,A00152
V0011151,,"89157",A157,TOY,Camry,,automatic,petrol,White,257366,A00152
V0011152,,"89034",A034,TOY,Camry,,automatic,petrol,White,276908,A00152
V0011160,,"75670","75670",JAC,J7 ( SALOON ),2023,automatic,petrol,White,86155,A00095
V0011169,,"64927",'-,JAC,J7 ( SALOON ),2023,automatic,petrol,White,100203,D00021
V0011170,,"89053",A053,TOY,Camry,,automatic,petrol,White,251590,A00152
V0011171,,"89153",A153,TOY,Camry,,automatic,petrol,White,279183,A00152
V0011172,,"89010",A010,TOY,Camry,,automatic,petrol,White,276434,A00152
V0011173,,"89152",'-,TOY,Camry,,automatic,petrol,White,290362,A00152
V0011174,,"89006",A006,TOY,Camry,,automatic,petrol,White,267305,A00152
V0011175,,"89046",A046,TOY,Camry,,automatic,petrol,White,264122,A00152
V0011176,,"89031",A031,TOY,Camry,,automatic,petrol,White,300480,A00152
V0011179,,"89047",A047,TOY,Camry,,automatic,petrol,White,216252,A00152
V0011180,,"89004",A004,TOY,Camry,,automatic,petrol,White,288510,A00152
V0011181,,"89140",'-,TOY,Camry,,automatic,petrol,White,240924,A00152
V0011182,,"89151",'-,TOY,Camry,,automatic,petrol,White,249730,A00152
V0011183,,"89052",'-,TOY,Camry,,automatic,petrol,White,239255,A00152
V0011184,,"89017",'-,TOY,Camry,,automatic,petrol,White,248571,A00152
V0011185,,"89148",'-,TOY,Camry,,automatic,petrol,White,285722,A00152
V0011189,,"58670","58670",JAC,J7 ( SALOON ),2023,automatic,petrol,Blue,60002,A00095
V0011193,,"89156",A156,TOY,Camry,,automatic,petrol,White,286257,A00152
V0011197,,"89028",A028,TOY,Camry,,automatic,petrol,White,354326,A00152
V0011199,,"30584",'-,MGM,MG5,2023,automatic,petrol,Silver Grey,108461,D00021
V0011207,,"87276",'-,JAC,J7 ( SALOON ),2023,automatic,petrol,White,98256,D00021
V0011210,,"47785",'-,JAC,J7 ( SALOON ),2023,automatic,petrol,White,83772,D00021
V0011212,,"69400",'-,MIT,CANTER EURO 5,2023,manual,diesel,Green,186841,D00021
V0011219,,"71831",'-,MIT,Attrage,2022,automatic,petrol,Silver Grey,113105,D00021
V0011221,,"75228","75228",MIT,Rosa,2023,automatic,petrol,Yellow,107334,A00095
V0011227,,"14657",'-,MIT,Attrage,2023,automatic,petrol,White,104364,D00021
V0011229,,"34137",'-,MIT,Attrage,2022,automatic,petrol,Silver Grey,121981,D00021
V0011230,,"76813",'-,HYN,Tucson,2023,automatic,petrol,White,128112,D00021
V0011235,,"98472","98472",NIS,Sunny,2023,automatic,petrol,White,125102,A00095
V0011237,,"71783",'-,MIT,Attrage,2022,automatic,petrol,Silver Grey,148092,D00021
V0011244,,"46793",'-,MIT,Attrage,2023,automatic,petrol,Silver Grey,130082,D00021
V0011247,,"76409","76409",NIS,Urvan,2023,automatic,petrol,White,254706,A00095
V0011248,,"36494",'-,NIS,Infiniti Q50,2022,automatic,petrol,Grey,82812,D00021
V0011250,,"37874",'-,MIT,XPANDER,2022,automatic,petrol,White,165735,D00021
V0011253,,"46732",'-,TOY,Corolla,2023,automatic,petrol,White,396175,A00158
V0011255,,"69314",'-,MIT,ASX,2022,automatic,petrol,White,89008,D00021
V0011256,,"14612",'-,MIT,Attrage,2023,automatic,petrol,Silver Grey,106810,D00021
V0011267,,"90652","90652",JAC,J7 ( SALOON ),2023,automatic,petrol,Deep Blue,95829,A00095
V0011268,,"83004","51086",NIS,Urvan,2023,manual,petrol,White,218224,A00095
V0011271,,"16327",'-,MIT,Attrage,2023,automatic,petrol,Blue,95530,D00021
V0011277,,"85982",'-,JAC,J7 ( SALOON ),2023,automatic,petrol,White,92576,D00021
V0011278,,"64316","64316",MIT,Rosa,2016,automatic,petrol,White,86593,M00130
V0011279,,"5484","5484",TOY,Camry,2023,automatic,petrol,Silver/Beige,581656,A00115
V0011285,,"88431","88431",NIS,Patrol,2022,automatic,petrol,White,100800,A00095
V0011294,,"48361",'-,MIT,Attrage,2023,automatic,petrol,Silver Grey,113945,D00021
V0011297,,"92940",'-,NIS,Urvan,2022,automatic,petrol,White,173045,D00021
V0011303,,"5426","5426",TOY,Camry,2023,automatic,petrol,Silver/Beige,451546,A00115
V0011307,,"30581","30581",MGM,MG5,2023,automatic,petrol,Silver Grey,102483,D00021
V0011310,,"5440","5440",TOY,Camry,2023,automatic,petrol,Silver/Beige,594158,A00115
V0011313,,"5483","5483",TOY,Camry,2023,automatic,petrol,Silver/Beige,537035,A00115
V0011315,,"5463","5463",TOY,Camry,2023,automatic,petrol,Silver/Beige,583114,A00115
V0011316,,"5444","5444",TOY,Camry,2023,automatic,petrol,Silver/Beige,498484,A00115
V0011318,"2311","98640",'-,TOY,Yaris,2023,automatic,petrol,White,182042,C00002
V0011320,,"5514","5514",TOY,Camry,2023,automatic,petrol,Silver/Beige,537508,A00115
V0011321,,"5482","5482",TOY,Camry,2023,automatic,petrol,Silver/Beige,624798,A00115
V0011323,,"5454","5454",TOY,Camry,2023,automatic,petrol,Silver/Beige,628921,A00115
V0011326,,"5497","5497",TOY,Camry,2023,automatic,petrol,Silver/Beige,463330,A00115
V0011331,,"5442","5442",TOY,Camry,2023,automatic,petrol,Silver/Beige,565679,A00115
V0011332,,"5460","5460",TOY,Camry,2023,automatic,petrol,Silver/Beige,603143,A00115
V0011335,,"24271","24271",NIS,Urvan,2023,automatic,petrol,White,243574,A00095
V0011336,,"5438","5438",TOY,Camry,2023,automatic,petrol,Silver/Beige,587193,A00115
V0011337,,"5448","5448",TOY,Camry,2023,automatic,petrol,Silver/White,566626,A00115
V0011339,,"5473","5473",TOY,Camry,2023,automatic,petrol,Silver/Beige,498597,A00115
V0011340,,"5491",'-,TOY,Camry,2023,automatic,petrol,Silver Grey,576299,A00115
V0011342,,"77386","77386",MIT,XPANDER,2022,automatic,petrol,White,146451,A00095
V0011343,,"65416",'-,JAC,J7 ( SALOON ),2023,automatic,petrol,White,122854,D00021
V0011345,,"95396",'-,NIS,Urvan,2023,manual,petrol,White,147907,A00095
V0011346,,"14652",'-,MIT,Attrage,2023,automatic,petrol,Silver Grey,91549,D00021
V0011347,,"23630",'-,NIS,Sunny,2023,automatic,petrol,White,119248,D00021
V0011349,,"5456","5456",TOY,Camry,2023,automatic,petrol,Silver/Beige,608035,A00115
V0011351,,"89692",'-,JAC,J7 ( SALOON ),2023,automatic,petrol,White,93017,D00021
V0011352,,"5476","5476",TOY,Camry,2023,automatic,petrol,Silver/Beige,525000,A00115
V0011353,,"83144",'-,NIS,Sunny,2023,automatic,petrol,White,99294,D00021
V0011356,,"87168",'-,JAC,J7 ( SALOON ),2023,automatic,petrol,White,144924,A00095
V0011366,,"90354",'-,JAC,J7 ( SALOON ),2023,automatic,petrol,Grey,86705,D00021
V0011367,,"25897",'-,NIS,Infiniti Q50,2023,automatic,petrol,White,81450,D00021
V0011380,,"23040",'-,MIT,L 200,2023,manual,diesel,Green,135052,D00021
V0011384,"2325","59267","59267",MIT,Montero,2022,automatic,petrol,White,206062,C00002
V0011386,,"48035","48035",JAC,J7 ( SALOON ),2023,automatic,petrol,White,74248,A00095
V0011394,,"98471",'-,NIS,Sunny,2023,automatic,petrol,White,137695,D00021
V0011396,,"38148",'-,ASH,Falcon,2023,manual,diesel,White,141263,D00021
V0011397,,"59682",'-,JAC,J7 ( SALOON ),2023,automatic,petrol,Blue,73582,D00021
V0011406,,"14674","14674",MIT,Attrage,2023,automatic,petrol,White,127012,A00095
V0011408,,"44097",'-,JAC,J7 ( SALOON ),2023,automatic,petrol,Grey,113305,D00021
V0011419,,"59628",'-,JAC,J7 ( SALOON ),2023,automatic,petrol,Blue,84816,A00095
V0011422,,"75159",'-,MGM,MG5,2023,automatic,petrol,Silver Grey,101847,D00021
V0011427,,"74309",'-,MGM,RX5,2023,automatic,petrol,Grey,78561,D00021
V0011428,,"90351",'-,JAC,J7 ( SALOON ),2023,automatic,petrol,Grey,73589,D00021
V0011437,,"14659",'-,MIT,Attrage,2023,automatic,petrol,White,112754,D00021
V0011443,,"70415",'-,NIS,Sunny,2023,automatic,petrol,White,877774,D00021
V0011447,,"76872",'-,MIT,L 200,2023,automatic,petrol,White,101124,D00021
V0011452,,"45946",'-,JAC,JS 4,2023,automatic,petrol,White,74064,D00021
V0011453,,"67903","67903",JAC,J7 ( SALOON ),2023,automatic,petrol,Red,92870,A00095
V0011458,,"74926","74926",MGM,MG5,2023,automatic,petrol,White,82001,A00095
V0011462,,"87601",'-,NIS,Patrol,2022,automatic,petrol,White,135286,D00021
V0011463,,"14672",'-,MIT,Attrage,2023,automatic,petrol,Grey,130727,A00095
V0011465,,"67298","67298",JAC,J7 ( SALOON ),2023,automatic,petrol,Black,101453,A00095
V0011467,,"91985",'-,NIS,Urvan,2023,automatic,petrol,White,94049,D00021
V0011468,,"91522",'-,NIS,Urvan,2023,automatic,petrol,White,119885,D00021
V0011473,,"85408","85407",NIS,Sunny,2023,automatic,petrol,White,144077,A00095
V0011474,,"96932","96932",JAC,J7 ( SALOON ),2023,automatic,petrol,White,83386,A00095
V0011475,,"22809","22809",JAC,J7 ( SALOON ),2023,automatic,petrol,Deep Blue,95930,A00095
V0011478,,"23761",'-,NIS,Urvan,2023,manual,petrol,White,135319,A00095
V0011479,,"23091","23091",JAC,J7 ( SALOON ),2023,automatic,petrol,White,80486,A00095
V0011488,,"74439",'-,MIT,L 200,2023,automatic,petrol,White,111002,D00021
V0011489,,"95576",'-,NIS,Urvan,2023,manual,petrol,White,118465,D00021
V0011491,,"75486","75486",JAC,J7 ( SALOON ),2023,automatic,petrol,Black,87220,A00095
V0011492,,"14697","14697",MIT,Attrage,2023,automatic,petrol,White,120000,A00095
V0011494,,"16232",'-,MIT,Attrage,2023,automatic,petrol,Blue,100299,D00021
V0011502,,"75543",'-,JAC,J7 ( SALOON ),2023,automatic,petrol,Black,125278,A00095
V0011503,,"84496",'-,MIT,CANTER EURO 5,2023,manual,diesel,Green,139499,D00021
V0011504,,"24419",'-,NIS,Urvan,2023,manual,petrol,White,131954,D00021
V0011506,,"80895",'-,NIS,Sunny,2023,automatic,petrol,White,119023,D00021
V0011508,,"84547",'-,MIT,Attrage,2023,automatic,petrol,White,104047,D00021
V0011509,,"59584","59584",JAC,J7 ( SALOON ),2023,automatic,petrol,Black,57672,A00095
V0011511,,"73350",'-,NIS,Sunny,2023,automatic,petrol,White,149617,D00021
V0011512,,"74959","74959",JAC,J7 ( SALOON ),2023,automatic,petrol,White,151667,A00095
V0011515,,"71732","71732",NIS,Infiniti Q50,2023,automatic,petrol,White,75794,A00095
V0011522,,"58721",'-,NIS,Sunny,2023,automatic,petrol,White,145681,D00021
V0011529,,"44062",'-,MIT,XPANDER,2022,automatic,petrol,White,148563,D00021
V0011535,,"75217",'-,MGM,MG5,2023,automatic,petrol,Silver Grey,47243,D00021
V0011539,,"73590",'-,HYN,Tucson,2023,automatic,petrol,White,144866,A00095
V0011543,,"60279",'-,JAC,JS 4,2023,automatic,petrol,Grey,108459,A00095
V0011544,,"74185","74185",MGM,MG5,2023,automatic,petrol,Black,93654,A00095
V0011546,,"22813","22813",JAC,J7 ( SALOON ),2023,automatic,petrol,White,116043,A00095
V0011554,,"73325",'-,NIS,Sunny,2023,automatic,petrol,White,107447,D00021
V0011555,,"63781","63781",MIT,Rosa,2023,automatic,diesel,White,106598,A00095
V0011559,,"5622","5622",TOY,Camry,2023,automatic,petrol,Silver/Beige,554542,A00115
V0011561,,"65528",'-,JAC,J7 ( SALOON ),2023,automatic,petrol,White,114238,A00095
V0011564,,"71528",'-,MIT,Attrage,2022,automatic,petrol,White,81047,D00021
V0011567,,"93727","93727",JAC,J7,2023,automatic,petrol,White,100412,A00095
V0011568,,"88791",'-,JAC,JS 4,2023,automatic,petrol,White,124512,D00021
V0011572,,"95787",'-,JAC,J7 ( SALOON ),2023,automatic,petrol,White,98121,D00021
V0011573,,"75058",'-,JAC,J7 ( SALOON ),2023,automatic,petrol,Grey,81879,D00021
V0011574,,"5561",'-,TOY,Camry,2023,automatic,petrol,Silver Grey,533511,A00115
V0011577,,"62549",'-,MGM,MG5,2023,automatic,petrol,White,89389,D00021
V0011581,,"69274","69274",TOY,Camry,2011,automatic,petrol,Red,231626,B00001
V0011582,,"5735",'-,TOY,Camry,2023,automatic,petrol,Silver Grey,546888,A00115
V0011585,,"37389",'-,NIS,Sunny,2023,automatic,petrol,White,93551,A00095
V0011588,,"46771",'-,MIT,Attrage,2023,automatic,petrol,Silver Grey,62558,D00021
V0011603,,"5568",'-,TOY,Camry,2023,automatic,petrol,Silver Grey,500608,A00115
V0011607,,"9251","9251",TOY,Camry,2023,automatic,petrol,Silver/Beige,534948,A00115
V0011610,,"37931",'-,MIT,ASX,2022,automatic,petrol,White,81677,D00021
V0011615,,"53582",'-,MGM,MG5,2023,automatic,petrol,White,80694,D00021
V0011619,,"59587","59587",JAC,J7 ( SALOON ),2023,automatic,petrol,Blue,63493,A00095
V0011620,,"53675",'-,JAC,J7 ( SALOON ),2023,automatic,petrol,White,94181,A00095
V0011623,,"25898","25898",NIS,Infiniti Q50,2023,automatic,petrol,Black,107294,A00095
V0011624,,"5323",'-,TOY,Camry,2023,automatic,petrol,Silver Grey,549593,A00115
V0011627,,"73161",'-,JAC,JS 4,2023,automatic,petrol,Grey,70966,D00021
V0011631,,"5362",'-,TOY,Camry,2023,automatic,petrol,Silver Grey,574484,A00115
V0011634,,"67571","67571",JAC,J7 ( SALOON ),2023,automatic,petrol,Black,92470,A00095
V0011636,,"63901",'-,JAC,J7 ( SALOON ),2023,automatic,petrol,White,79901,D00021
V0011643,,"5103",'-,TOY,Camry,2023,automatic,petrol,Silver Grey,569526,A00115
V0011644,,"9184",'-,TOY,Camry,2023,automatic,petrol,Silver Grey,595998,A00115
V0011647,,"5656","5656",TOY,Camry,2023,automatic,petrol,Silver/Beige,577643,A00115
V0011648,,"5645","5645",TOY,Camry,2023,automatic,petrol,Silver/Beige,564475,A00115
V0011650,,"5279","5279",TOY,Camry,2023,automatic,petrol,Silver/Beige,557530,A00115
V0011653,,"5856","5856",TOY,Camry,2023,automatic,petrol,Silver/Beige,546445,A00115
V0011659,,"48146","48146",JAC,J7 ( SALOON ),2023,automatic,petrol,Blue,97775,A00095
V0011660,,"5587","5587",TOY,Camry,2023,automatic,petrol,Silver/Beige,599168,A00115
V0011665,,"5264","5264",TOY,Camry,2023,automatic,petrol,Silver/Beige,544470,A00115
V0011666,,"5545","5545",TOY,Camry,2023,automatic,petrol,Silver/Beige,446600,A00115
V0011670,,"5984",'-,TOY,Camry,2023,automatic,petrol,Silver Grey,557531,A00115
V0011671,,"9170","9170",TOY,Camry,2023,automatic,petrol,Silver/Beige,524108,A00115
V0011673,,"5850","5850",TOY,Camry,2023,automatic,petrol,Silver/Beige,596225,A00115
V0011675,,"5589",'-,TOY,Camry,2023,automatic,petrol,Silver Grey,550655,A00115
V0011676,,"5400",'-,TOY,Camry,2023,automatic,petrol,Silver Grey,496376,A00115
V0011681,,"88720",'-,JAC,JS 4,2023,automatic,petrol,White,93613,D00021
V0011682,,"89077",A077,TOY,Camry,,automatic,petrol,White/Grey,263995,A00152
V0011684,,"89136",'--,TOY,Camry,,automatic,petrol,White/Grey,251178,A00152
V0011685,,"89131",A131,TOY,Camry,,automatic,petrol,White/Grey,258297,A00152
V0011686,,"89135",A135,TOY,Camry,,automatic,petrol,White/Grey,250402,A00152
V0011688,,"89132",A132,TOY,Camry,,automatic,petrol,White/Grey,293247,A00152
V0011689,,"89125",'--,TOY,Camry,,automatic,petrol,White/Grey,298581,A00152
V0011690,,"89124",'---,TOY,Camry,,automatic,petrol,White/Grey,320363,A00152
V0011692,,"5111","5111",TOY,Camry,2023,automatic,petrol,Silver Grey,522882,A00115
V0011693,,"89090",A090,TOY,Camry,,automatic,petrol,White/Grey,286177,A00152
V0011694,,"89079",'--,TOY,Camry,,automatic,petrol,White/Grey,300203,A00152
V0011696,,"89084",A084,TOY,Camry,,automatic,petrol,White/Grey,277927,A00152
V0011697,,"89071",A071,TOY,Camry,,automatic,petrol,White/Grey,268103,A00152
V0011698,,"89070",A070,TOY,Camry,,automatic,petrol,White/Grey,2781253,A00152
V0011699,,"84564",'-,MIT,Attrage,2023,automatic,petrol,White,101189,D00021
V0011700,,"5882",'-,TOY,Camry,2023,automatic,petrol,Silver Grey,478041,A00115
V0011701,,"5554","5554",TOY,Camry,2023,automatic,petrol,Silver Grey,553379,A00115
V0011708,,"5141",'-,TOY,Camry,2023,automatic,petrol,Silver Grey,533219,A00115
V0011712,,"14673","14673",MIT,Attrage,2023,automatic,petrol,Grey,118041,A00095
V0011713,,"5513","5513",TOY,Camry,2023,automatic,petrol,Silver Grey,499806,A00115
V0011714,,"5644","5644",TOY,Camry,2023,automatic,petrol,Silver Grey,544369,A00115
V0011715,,"5782","5782",TOY,Camry,2023,automatic,petrol,Silver Grey,532471,A00115
V0011716,,"46285","46285",TOY,Hiace,2022,automatic,petrol,White,152187,A00095
V0011718,,"5962","5962",TOY,Camry,2023,automatic,petrol,Silver Grey,545054,A00115
V0011719,,"5372",'-,TOY,Camry,2023,automatic,petrol,Silver/Beige,522920,A00115
V0011722,,"9156",'-,TOY,Camry,2023,automatic,petrol,,609636,A00115
V0011723,,"9295","9295",TOY,Camry,2023,automatic,petrol,Silver Grey,514905,A00115
V0011724,,"6046","6046",TOY,Camry,2023,automatic,petrol,Silver Grey,489447,A00115
V0011726,,"5450",'-,TOY,Camry,2023,automatic,petrol,Silver Grey,514595,A00115
V0011727,,"47927",'-,JAC,J7 ( SALOON ),2023,automatic,petrol,White,101996,D00021
V0011729,,"5184","5184",TOY,Camry,2023,automatic,petrol,Silver Grey,547313,A00115
V0011734,,"76228","76228",JAC,JS 4,2023,automatic,petrol,Red,55383,A00095
V0011735,,"5471","5471",TOY,Camry,2023,automatic,petrol,Silver Grey,542148,A00115
V0011736,,"5348",'-,TOY,Camry,2023,automatic,petrol,Silver Grey,507311,A00115
V0011737,,"5322","5322",TOY,Camry,2023,automatic,petrol,Silver Grey,553880,A00115
V0011738,,"5537",'-,TOY,Camry,2023,automatic,petrol,Silver Grey,539078,A00115
V0011739,,"5278","5278",TOY,Camry,2023,automatic,petrol,Silver Grey,537015,A00115
V0011741,,"9354","9354",TOY,Camry,2023,automatic,petrol,Silver Grey,441667,A00115
V0011742,,"5332",'-,TOY,Camry,2023,automatic,petrol,Silver Grey,579242,A00115
V0011743,,"5481",'-,TOY,Camry,2023,automatic,petrol,Silver Grey,493074,A00115
V0011745,,"5477","5477",TOY,Camry,2023,automatic,petrol,Silver Grey,459641,A00115
V0011749,,"5567",'-,TOY,Camry,2023,automatic,petrol,Silver Grey,462395,A00115
V0011750,,"5399","5399",TOY,Camry,2023,automatic,petrol,Silver Grey,495413,A00115
V0011751,,"89076",A076,TOY,Camry,,automatic,petrol,Silver/Beige,277486,A00152
V0011752,,"89059",A059,TOY,Camry,,automatic,petrol,Silver/Beige,334873,A00152
V0011753,,"9358","9358",TOY,Camry,2023,automatic,petrol,Silver Grey,580394,A00115
V0011755,,"89067",A067,TOY,Camry,,automatic,petrol,Silver/Beige,254805,A00152
V0011756,,"89056",A056,TOY,Camry,,automatic,petrol,Silver/Beige,279231,A00152
V0011757,,"89096",'-,TOY,Camry,,automatic,petrol,Silver/Beige,268036,A00152
V0011758,,"89122",A122,TOY,Camry,,automatic,petrol,Silver/Beige,274878,A00152
V0011759,,"9229","9229",TOY,Camry,2023,automatic,petrol,Silver Grey,507790,A00115
V0011760,,"5558","5558",TOY,Camry,2023,automatic,petrol,Silver Grey,378276,A00115
V0011761,,"5534","5534",TOY,Camry,2023,automatic,petrol,Silver Grey,541403,A00115
V0011762,,"86602","86602",JAC,J7 ( SALOON ),2023,automatic,petrol,White,97893,A00095
V0011764,,"91556",'-,NIS,Urvan,2023,automatic,petrol,White,100782,D00021
V0011765,,"6093","6093",TOY,Camry,2023,automatic,petrol,Silver Grey,525207,A00115
V0011766,,"5702","5702",TOY,Camry,2023,automatic,petrol,Silver Grey,516695,A00115
V0011770,,"65484",'-,MIT,Attrage,2023,automatic,petrol,Grey,149547,D00021
V0011771,,"44109",'-,JAC,J7 ( SALOON ),2023,automatic,petrol,Silver Grey,8082026,A00095
V0011773,,"44063",'-,MIT,XPANDER,2022,automatic,petrol,Grey,181899,D00021
V0011774,,"73386",'-,NIS,Sunny,2023,automatic,petrol,White,79057,D00021
V0011775,,"5416","5416",TOY,Camry,2023,automatic,petrol,Silver Grey,531780,A00115
V0011776,,"6100","6100",TOY,Camry,2023,automatic,petrol,Silver Grey,466529,A00115
V0011777,,"5556","5556",TOY,Camry,2023,automatic,petrol,Silver Grey,512670,A00115
V0011779,,"5975","5975",TOY,Camry,2023,automatic,petrol,Silver Grey,516877,A00115
V0011784,,"89102",A102,TOY,Camry,,automatic,petrol,Silver/Beige,244499,A00152
V0011786,,"89098",'-,TOY,Camry,,automatic,petrol,Silver/Beige,323256,A00152
V0011787,,"89138",'-,TOY,Camry,,automatic,petrol,Silver/Beige,306701,A00152
V0011788,,"89117",A117,TOY,Camry,,automatic,petrol,Silver/Beige,276844,A00152
V0011789,,"89127",'-,TOY,Camry,,automatic,petrol,Silver/Beige,286558,A00152
V0011790,,"89081",A081,TOY,Camry,,automatic,petrol,Silver/Beige,269942,A00152
V0011791,,"89073",A073,TOY,Camry,,automatic,petrol,Silver/Beige,272182,A00152
V0011792,,"89134",'-,TOY,Camry,,automatic,petrol,Silver/Beige,3064515,A00152
V0011795,,"5512",'-,TOY,Camry,2023,automatic,petrol,Silver/Beige,582336,A00115
V0011797,,"5493",'-,TOY,Camry,2023,automatic,petrol,Silver/Beige,579748,A00115
V0011798,,"75039","75039",JAC,J7 ( SALOON ),2023,automatic,petrol,Grey,86404,A00095
V0011799,,"88970",'-,JAC,J7 ( SALOON ),2023,automatic,petrol,White,128360,D00021
V0011801,,"66703",'-,MIT,Attrage,2023,automatic,petrol,Silver Grey,106372,A00095
V0011802,,"65711",'-,NIS,Sunny,2023,automatic,petrol,White,75748,D00021
V0011804,,"5715",'-,TOY,Camry,2023,automatic,petrol,Silver/Beige,595105,A00115
V0011805,,"5643",'-,TOY,Camry,2023,automatic,petrol,Silver/Beige,494582,A00115
V0011806,,"5528",'-,TOY,Camry,2023,automatic,petrol,Silver/Beige,557328,A00115
V0011809,,"89129",'-,TOY,Camry,,automatic,petrol,Silver/Beige,317286,A00152
V0011811,,"89130",'-,TOY,Camry,,automatic,petrol,Silver/Beige,277774,A00152
V0011813,,"90297",'-,JAC,JS 4,2023,automatic,petrol,White,72625,D00021
V0011815,,"5580","5580",TOY,Camry,2023,automatic,petrol,Silver Grey,512399,A00115
V0011817,,"5458",'-,TOY,Camry,2023,automatic,petrol,Silver/Beige,567517,A00115
V0011819,,"5549",'-,TOY,Camry,2023,automatic,petrol,Silver Grey,540755,A00115
V0011820,,"5522",'-,TOY,Camry,2023,automatic,petrol,Silver Grey,571445,A00115
V0011823,,"5381","5381",TOY,Camry,2023,automatic,petrol,Silver Grey,475875,A00115
V0011824,,"98482",'-,NIS,Sunny,2023,automatic,petrol,White,127450,D00021
V0011825,,"5524","5524",TOY,Camry,2023,automatic,petrol,Silver Grey,674568,A00115
V0011826,,"5519","5519",TOY,Camry,2023,automatic,petrol,Silver Grey,470114,A00115
V0011828,,"5874","5874",TOY,Camry,2023,automatic,petrol,Silver Grey,500064,A00115
V0011832,,"5586",'-,TOY,Camry,2023,automatic,petrol,Silver/Beige,493128,A00115
V0011834,,"5529",'-,TOY,Camry,2023,automatic,petrol,Silver/Beige,602930,A00115
V0011836,,"5521",'-,TOY,Camry,2023,automatic,petrol,Silver/Beige,500154,A00115
V0011837,,"5533","5533",TOY,Camry,2023,automatic,petrol,Silver Grey,550734,A00115
V0011838,,"9329","9329",TOY,Camry,2023,automatic,petrol,Silver Grey,603919,A00115
V0011839,,"48021",'-,NIS,Sunny,2023,automatic,petrol,White,85248,D00021
V0011840,,"89105",A105,TOY,Camry,,automatic,petrol,Silver/Beige,298760,A00152
V0011841,,"89107",A107,TOY,Camry,,automatic,petrol,Silver/Beige,244414,A00152
V0011844,,"89087",A087,TOY,Camry,,automatic,petrol,Silver/Beige,273941,A00152
V0011845,,"89086",A086,TOY,Camry,,automatic,petrol,Silver/Beige,286905,A00152
V0011846,,"5578",'-,TOY,Camry,2023,automatic,petrol,Silver/Beige,603592,A00115
V0011847,,"5547",'-,TOY,Camry,2023,automatic,petrol,Silver/Beige,559248,A00115
V0011848,,"5452","5452",TOY,Camry,2023,automatic,petrol,Silver Grey,550151,A00115
V0011849,,"5466","5466",TOY,Camry,2023,automatic,petrol,Silver Grey,497705,A00115
V0011850,,"9191","9191",TOY,Camry,2023,automatic,petrol,Silver Grey,515676,A00115
V0011851,,"5356","5356",TOY,Camry,2023,automatic,petrol,Silver Grey,525904,A00115
V0011852,,"9351",'-,TOY,Camry,2023,automatic,petrol,Silver/Beige,495045,A00115
V0011853,,"5814","5814",TOY,Camry,2023,automatic,petrol,Silver Grey,570271,A00115
V0011854,,"5393","5393",TOY,Camry,2023,automatic,petrol,Silver Grey,553066,A00115
V0011857,,"62189",'-,MIT,Attrage,2023,automatic,petrol,Grey,112614,D00021
V0011859,,"90289",'-,JAC,JS 4,2023,automatic,petrol,White,92541,D00021
V0011860,,"5447","5447",TOY,Camry,2023,automatic,petrol,Silver Grey,537210,A00115
V0011862,,"5530","5530",TOY,Camry,2023,automatic,petrol,Silver Grey,510850,A00115
V0011864,,"5392",'-,TOY,Camry,2023,automatic,petrol,Silver Grey,523013,A00115
V0011865,,"5488","5488",TOY,Camry,2023,automatic,petrol,Silver Grey,528589,A00115
V0011866,,"5816","5816",TOY,Camry,2023,automatic,petrol,Silver Grey,537687,A00115
V0011867,,"58653","58653",JAC,J7 ( SALOON ),2023,automatic,petrol,White,84332,A00095
V0011868,,"5495","5495",TOY,Camry,2023,automatic,petrol,Silver Grey,556974,A00115
V0011870,,"89068",A068,TOY,Camry,,automatic,petrol,Silver/Beige,278649,A00152
V0011871,,"89094",'-,TOY,Camry,,automatic,petrol,Silver/Beige,292898,A00152
V0011872,,"89088",'-,TOY,Camry,,automatic,petrol,Silver/Beige,250004,A00152
V0011874,,"5369","5369",TOY,Camry,2023,automatic,petrol,Silver Grey,465667,A00115
V0011875,,"5535","55",TOY,Camry,2023,automatic,petrol,Silver Grey,554108,A00115
V0011878,,"5579",'-,TOY,Camry,2023,automatic,petrol,Silver/Beige,497900,A00115
V0011879,,"71832",'-,MIT,Attrage,2022,automatic,petrol,White,127769,A00095
V0011880,,"5572","5572",TOY,Camry,2023,automatic,petrol,Silver Grey,536851,A00115
V0011881,,"5358","5358",TOY,Camry,2023,automatic,petrol,Silver Grey,560657,A00115
V0011882,,"5382","5382",TOY,Camry,2023,automatic,petrol,Silver Grey,574917,A00115
V0011883,,"5377","5377",TOY,Camry,2023,automatic,petrol,Silver Grey,492862,A00115
V0011884,,"5574","5574",TOY,Camry,2023,automatic,petrol,Silver Grey,513321,A00115
V0011886,,"9293","9293",TOY,Camry,2023,automatic,petrol,Silver Grey,447433,A00115
V0011887,,"5588",'-,TOY,Camry,2023,automatic,petrol,Silver/Beige,449222,A00115
V0011889,,"5368","5368",TOY,Camry,2023,automatic,petrol,Silver Grey,456137,A00115
V0011891,,"5437","5437",TOY,Camry,2023,automatic,petrol,Silver Grey,493509,A00115
V0011892,,"5333","5333",TOY,Camry,2023,automatic,petrol,Silver Grey,528165,A00115
V0011893,,"5222","5222",TOY,Camry,2023,automatic,petrol,Silver Grey,536702,A00115
V0011895,,"63403","63403",JAC,JS 4,2023,automatic,petrol,Blue,68398,A00095
V0011896,,"5679","5679",TOY,Camry,2023,automatic,petrol,Silver Grey,545296,A00115
V0011897,,"5945","5945",TOY,Camry,2023,automatic,petrol,Silver Grey,484907,A00115
V0011901,,"89060",A060,TOY,Camry,,automatic,petrol,Silver/Beige,307365,A00152
V0011902,,"62831",'-,JAC,JS 4,2023,automatic,petrol,White,84676,A00095
V0011903,,"42419",'-,MIT,CANTER EURO 5,2023,manual,diesel,White,228443,D00021
V0011906,,"90282","90282",JAC,JS 4,2023,automatic,petrol,White,117131,A00095
V0011907,,"5478","5478",TOY,Camry,2023,automatic,petrol,Silver Grey,5554284,A00115
V0011908,,"5486","5486",TOY,Camry,2023,automatic,petrol,Silver Grey,565893,A00115
V0011909,,"5099","5099",TOY,Camry,2023,automatic,petrol,Silver Grey,532119,A00115
V0011912,,"89057",A057,TOY,Camry,2023,automatic,petrol,Silver/Beige,306566,A00152
V0011922,,"5363","5363",TOY,Camry,2023,automatic,petrol,Silver Grey,511840,A00115
V0011930,,"90369",'-,JAC,J7 ( SALOON ),2023,automatic,petrol,White,92948,D00021
V0011931,,"45584","45584",NIS,Urvan,2023,automatic,petrol,White,145426,A00095
V0011934,,"89061",A061,TOY,Camry,,automatic,petrol,Silver/Beige,319649,A00152
V0011935,,"89085",A085,TOY,Camry,,automatic,petrol,Silver/Beige,344088,A00152
V0011936,,"89080",A080,TOY,Camry,,automatic,petrol,Silver/Beige,303567,A00152
V0011937,,"89074",'-,TOY,Hybrid Camry,2024,automatic,hybrid,White,218144,A00152
V0011938,,"89082",A082,TOY,Camry,,automatic,petrol,Silver/Beige,255064,A00152
V0011939,,"89075",A075,TOY,Camry,,automatic,petrol,Silver/Beige,293090,A00152
V0011940,,"89092",A092,TOY,Hybrid Camry,,automatic,hybrid,White,2364250,A00152
V0011941,,"89062",A062,TOY,Camry,,automatic,petrol,Silver/Beige,279916,A00152
V0011942,,"89078",'-,TOY,Camry,2023,automatic,petrol,Silver/Beige,291294,A00152
V0011943,,"89089",'-,TOY,Camry,,automatic,petrol,Silver/Beige,296864,A00152
V0011944,,"89069",A069,TOY,Camry,,automatic,petrol,Silver/Beige,278429,A00152
V0011945,,"89066",'-,TOY,Camry,2023,automatic,petrol,Silver/Beige,288117,A00152
V0011946,,"89065",A065,TOY,Camry,,automatic,petrol,Silver/Beige,282076,A00152
V0011947,,"89072",A072,TOY,Camry,,automatic,petrol,Silver/Beige,297155,A00152
V0011948,,"89063",A063,TOY,Camry,,automatic,petrol,Silver/Beige,280255,A00152
V0011949,,"89108",A108,TOY,Camry,,automatic,petrol,Silver/Beige,293847,A00152
V0011950,,"89103",A103,TOY,Camry,,automatic,petrol,Silver/Beige,291303,A00152
V0011951,,"89095",A095,TOY,Camry,,automatic,petrol,Silver/Beige,269161,A00152
V0011952,,"89100",A100,TOY,Camry,,automatic,petrol,Silver/Beige,267218,A00152
V0011953,,"89091",A091,TOY,Camry,,automatic,petrol,Silver/Beige,291878,A00152
V0011954,"2401","14779",'-,TOY,Corolla,2013,automatic,petrol,White,137682,C00002
V0011955,,"73302",'-,NIS,Sunny,2023,automatic,petrol,White,101330,D00021
V0011956,,"63850",'-,MIT,L 200,2023,automatic,petrol,White,157303,D00021
V0011959,,"89109",A109,TOY,Camry,,automatic,petrol,Silver/Beige,326519,A00152
V0011960,,"89118",A118,TOY,Hybrid Camry,,automatic,hybrid,White,226473,A00152
V0011961,,"89120",A120,TOY,Camry,,automatic,petrol,Silver/Beige,252733,A00152
V0011962,,"89112",A112,TOY,Camry,,automatic,petrol,Silver/Beige,291399,A00152
V0011963,,"89110",'-,TOY,Camry,,automatic,petrol,Silver/Beige,317985,A00152
V0011966,,"89093",A093,TOY,Camry,,automatic,petrol,Silver/Beige,273440,A00152
V0011967,,"89101",'-,TOY,Camry,,automatic,petrol,Silver/Beige,298205,A00152
V0011968,,"89099",A099,TOY,Camry,,automatic,petrol,Silver/Beige,289764,A00152
V0011969,,"89111",'-,TOY,Camry,,automatic,petrol,Silver/Beige,270565,A00152
V0011970,,"89114",A114,TOY,Camry,,automatic,petrol,Silver/Beige,258719,A00152
V0011971,,"89113",A113,TOY,Camry,,automatic,petrol,Silver/Beige,306468,A00152
V0011972,,"89116",'-,TOY,Camry,,automatic,petrol,Silver/Beige,311473,A00152
V0011973,,"89128",'-,TOY,Camry,,automatic,petrol,Silver/Beige,283753,A00152
V0011974,,"89133",A133,TOY,Camry,,automatic,petrol,Silver/Beige,315093,A00152
V0011975,,"89126",A126,TOY,Camry,,automatic,petrol,Silver/Beige,285457,A00152
V0011976,,"89137",A137,TOY,Camry,,automatic,petrol,Silver/Beige,251965,A00152
V0011977,,"89119",'-,TOY,Camry,,automatic,petrol,Silver/Beige,242708,A00152
V0011979,,"84150",'-,JAC,JS 4,2023,automatic,petrol,Blue,80160,A00095
V0011980,,"73384",'-,NIS,Sunny,2023,automatic,petrol,White,83599,D00021
V0011981,,"89115","89115",NIS,Sunny,2023,automatic,petrol,White,100394,A00095
V0011990,,"59901","59901",JAC,JS 4,2023,automatic,petrol,Grey,110426,A00095
V0011992,,"32625","32625",NIS,Sunny,2023,automatic,petrol,White,54419,A00095
V0011996,,"35704",'-,MGM,MG5,2023,automatic,petrol,White,55980,D00021
V0012000,,"96514",'-,MIT,ASX,2022,automatic,petrol,Silver Grey,88545,D00021
V0012008,,"90288",'-,JAC,JS 4,2023,automatic,petrol,White,79187,D00021
V0012011,,"65483",'-,MIT,Attrage,2023,automatic,petrol,White,87031,D00021
V0012013,,"67850","67850",JAC,JS 4,2023,automatic,petrol,White,85786,A00095
V0012016,,"71753",'-,MIT,Attrage,2022,automatic,petrol,Silver Grey,139729,D00021
V0012017,,"69278",'-,MIT,ASX,2023,automatic,petrol,White,89459,D00021
V0012019,,"35670","35670",MGM,MG5,2023,automatic,petrol,White,104603,A00095
V0012021,,"36629",'-,MIT,Attrage,2023,automatic,petrol,White,123883,D00021
V0012026,,"23284","23284",MIT,L 200,2023,automatic,petrol,White,122624,A00095
V0012031,,"62357","62357",MIT,Attrage,2023,automatic,petrol,Grey,143099,A00095
V0012032,,"73354","73354",NIS,Sunny,2023,automatic,petrol,White,110914,A00095
V0012034,,"70768",'-,MIT,Attrage,2023,automatic,petrol,Grey,95790,D00021
V0012037,,"73382",'-,NIS,Sunny,2023,automatic,petrol,White,106724,D00021
V0012038,,"45211",'-,MIT,ASX,2022,automatic,petrol,White,98764,D00021
V0012040,,"14671","14671",MIT,Attrage,2023,automatic,petrol,Grey,74758,A00095
V0012042,,"42161",'-,MIT,CANTER EURO 5,2023,manual,diesel,White,189566,D00021
V0012046,,"65468","65468",JAC,J7 ( SALOON ),2023,automatic,petrol,White,91754,A00095
V0012052,,"5325","5325",TOY,Hybrid Camry,2023,automatic,hybrid,Silver Grey,499490,A00115
V0012053,,"73293",'-,NIS,Sunny,2023,automatic,diesel,White,127573,D00021
V0012054,,"96380","96380",TOY,Hiace,2022,automatic,petrol,White,99700,A00095
V0012055,,"83110",'-,JAC,JS 4,2023,automatic,petrol,Blue,76429,D00021
V0012059,,"38526",'-,NIS,Sunny,2023,automatic,petrol,Silver Grey,136953,D00021
V0012063,,"31975",'-,TOY,Yaris,2023,automatic,petrol,White,102499,D00021
V0012064,,"73290",'-,NIS,Sunny,2023,automatic,petrol,White,83863,D00021
V0012077,,"34110","34110",TOY,Innova,2023,automatic,petrol,White,170299,M00130
V0012078,,"34250","34250",TOY,Innova,2023,automatic,petrol,White,174702,M00130
V0012079,,"29852","29852",TOY,Innova,2023,automatic,petrol,White,181409,M00130
V0012081,,"56179","56179",MIT,Attrage,2023,automatic,petrol,White,76363,A00095
V0012083,,"80434",'-,MIT,CANTER EURO 5,2023,manual,diesel,White,196323,D00021
V0012085,,"78192","78192",NIS,Altima,2023,automatic,petrol,White,63562,A00095
V0012087,,"96379","96379",TOY,Hiace,2022,automatic,diesel,White,96391,A00095
V0012094,,"90323",'-,JAC,JS 4,2023,automatic,diesel,White,40719,A00095
V0012096,,"90279",'-,JAC,JS 4,2023,automatic,diesel,White,84407,A00095
V0012099,,"90375","90375",JAC,J7 ( SALOON ),2023,automatic,petrol,Black,66864,A00095
V0012101,,"5474","5474",TOY,Camry,2023,automatic,petrol,Silver/Beige,485644,A00115
V0012103,,"69309",'-,MIT,ASX,2022,automatic,petrol,White,104123,A00095
V0012107,,"33976","33976",TOY,Innova,2023,automatic,petrol,White,183772,M00130
V0012110,,"34090","34090",TOY,Innova,2023,automatic,petrol,White,193170,M00130
V0012111,,"65489",'-,MIT,Attrage,2023,automatic,petrol,White,76607,A00095
V0012112,,"93409",'-,JAC,J7,2023,automatic,petrol,Grey,83629,A00095
V0012113,,"70266",'-,JAC,JS 4,2023,automatic,petrol,White,98614,A00095
V0012114,,"80995",'-,NIS,Urvan,2023,automatic,petrol,White,281866,D00021
V0012115,,"26774","26774",TOY,Innova,2023,automatic,petrol,White,186246,M00130
V0012119,,"74210",'-,MGM,MG5,2023,automatic,petrol,Silver Grey,129923,A00095
V0012120,,"30866","30866",TOY,Innova,2023,automatic,petrol,White,209410,M00130
V0012121,,"84562","84562",MIT,Attrage,2023,automatic,petrol,White,83290,A00095
V0012123,,"16326",'-,MIT,Attrage,2023,automatic,petrol,Red,104473,A00095
V0012124,,"90367","90367",JAC,J7 ( SALOON ),2023,automatic,petrol,Black,63276,A00095
V0012125,,"89018",'-,JAC,J7,2023,automatic,petrol,White,71903,A00095
V0012127,,"17360","17360",MGM,MG5,2023,automatic,petrol,White,82277,A00095
V0012130,,"31978",'-,TOY,Yaris,2023,automatic,petrol,White,142311,D00021
V0012131,,"5870","5870",TOY,Camry,2023,automatic,petrol,Silver/Beige,476979,A00115
V0012136,,"5633","5633",TOY,Camry,2023,automatic,petrol,Silver/Beige,471216,A00115
V0012138,,"78028","78028",SAI,MAXUS V 80,2023,automatic,petrol,White,83721,A00095
V0012140,,"89205",A205,TOY,Hybrid Camry,,automatic,hybrid,White,282483,A00152
V0012141,,"89232",A232,TOY,Hybrid Camry,,automatic,hybrid,White,312848,A00152
V0012142,,"89165",A165,TOY,Hybrid Camry,,automatic,diesel,White,263962,A00152
V0012145,,"89164",'---,TOY,Hybrid Camry,2023,automatic,petrol,White,313404,A00152
V0012146,,"89162",A162,TOY,Hybrid Camry,,automatic,hybrid,White,314692,A00152
V0012149,,"89242",A242,TOY,Hybrid Camry,,automatic,hybrid,White,312448,A00152
V0012152,,"89215",A215,TOY,Hybrid Camry,,automatic,hybrid,White,284090,A00152
V0012155,,"89222",A222,TOY,Hybrid Camry,,automatic,hybrid,White,293785,A00152
V0012156,,"88976",'-,JAC,J7,2023,automatic,petrol,White,78000,A00095
V0012157,,"89212",A212,TOY,Hybrid Camry,,automatic,hybrid,White,2644312,A00152
V0012158,,"5464","5464",TOY,Hybrid Camry,2023,automatic,hybrid,Silver/Beige,561033,A00115
V0012160,,"89206",A206,TOY,Hybrid Camry,,automatic,hybrid,White,266829,A00152
V0012163,,"89214",'---,TOY,Hybrid Camry,,automatic,hybrid,White,282910,A00152
V0012165,,"89217",'---,TOY,Hybrid Camry,,automatic,hybrid,White,292230,A00152
V0012168,,"89208",A208,TOY,Hybrid Camry,,automatic,hybrid,White,247443,A00152
V0012169,,"89302",A302,TOY,Corolla,,automatic,petrol,White,2506531,A00152
V0012170,,"89308",A308,TOY,Corolla,,automatic,diesel,White,267555,A00152
V0012171,,"89299",A299,TOY,Corolla,,automatic,petrol,White,237799,A00152
V0012172,,"89315",A315,TOY,Corolla,,automatic,petrol,White,219862,A00152
V0012173,,"89298",A298,TOY,Corolla,,automatic,petrol,White,202037,A00152
V0012174,,"89291",A291,TOY,Corolla,,automatic,petrol,White,213625,A00152
V0012175,,"89316",A316,TOY,Corolla,,automatic,diesel,White,239518,A00152
V0012176,,"89301",A301,TOY,Corolla,2023,automatic,petrol,White,241612,A00152
V0012177,,"89317",A317,TOY,Corolla,,automatic,petrol,White,234730,A00152
V0012178,,"89310",A310,TOY,Corolla,,automatic,petrol,White,215128,A00152
V0012180,,"89313",A313,TOY,Corolla,,automatic,petrol,White,2417370,A00152
V0012181,,"89223",A223,TOY,Hybrid Camry,,automatic,hybrid,White,287557,A00152
V0012182,,"74288",'-,MGM,RX5,2023,automatic,petrol,Blue,94185,A00095
V0012183,,"89320",A320,TOY,Corolla,,automatic,petrol,White,251165,A00152
V0012184,,"89280",'---,TOY,Corolla,,automatic,petrol,White,259301,A00152
V0012185,,"89279",'---,TOY,Hybrid Camry,,automatic,hybrid,White,204496,A00152
V0012186,,"89194",A194,TOY,Hybrid Camry,,automatic,hybrid,White,284630,A00152
V0012187,,"89170",A170,TOY,Hybrid Camry,,automatic,hybrid,White,300056,A00152
V0012188,,"89181",'---,TOY,Hybrid Camry,,automatic,hybrid,White,204413,A00152
V0012189,,"89182",'--,TOY,Hybrid Camry,,automatic,hybrid,White,298957,A00152
V0012190,,"89188",A188,TOY,Hybrid Camry,,automatic,hybrid,White,259502,A00152
V0012192,,"89196",'---,TOY,Hybrid Camry,,automatic,hybrid,White,256607,A00152
V0012193,,"89197",A197,TOY,Hybrid Camry,,automatic,hybrid,White,282324,A00152
V0012194,,"89201",A201,TOY,Hybrid Camry,,automatic,hybrid,White,260629,A00152
V0012195,,"89229",A229,TOY,Hybrid Camry,,automatic,hybrid,White,270706,A00152
V0012197,,"89231",A231,TOY,Hybrid Camry,,automatic,hybrid,White,318988,A00152
V0012200,,"5168","5168",TOY,Camry,2023,automatic,petrol,Silver/Beige,482137,A00115
V0012202,,"89250",A250,TOY,Hybrid Camry,,automatic,hybrid,White,280490,A00152
V0012203,,"89195",A195,TOY,Hybrid Camry,,automatic,hybrid,White,303297,A00152
V0012206,,"5833","5833",TOY,Camry,2023,automatic,petrol,Silver/White,474541,A00115
V0012207,,"23410","23410",MIT,L 200,2023,automatic,petrol,White,159687,A00095
V0012210,,"89296",A296,TOY,Corolla,,automatic,petrol,White,241341,A00152
V0012211,,"89251",A251,TOY,Hybrid Camry,,automatic,hybrid,White,304725,A00152
V0012214,,"59708",'-,JAC,J7,2023,automatic,petrol,Blue,82652,A00095
V0012215,,"77540",'-,JAC,JS 4,2023,automatic,petrol,Blue,107846,A00095
V0012216,,"90368",'-,JAC,J7,2023,automatic,petrol,White,85604,A00095
V0012228,,"89283",A283,TOY,Corolla,,automatic,petrol,White,218136,A00152
V0012229,,"89245",A245,HYN,Sonata,,automatic,hybrid,White,95602,A00152
V0012231,,"89306",A306,TOY,Corolla,,automatic,petrol,White,241754,A00152
V0012232,,"89325",'---,TOY,Corolla,,automatic,petrol,White,228097,A00152
V0012233,,"89175",A175,TOY,Hybrid Camry,,automatic,hybrid,White,280937,A00152
V0012235,,"89240",A240,TOY,Hybrid Camry,,automatic,hybrid,White,258685,A00152
V0012236,,"89243",A243,TOY,Hybrid Camry,2023,automatic,hybrid,White,293069,A00152
V0012237,,"89177",'---,TOY,Hybrid Camry,2023,automatic,petrol,White,269629,A00152
V0012238,,"89216",'----,TOY,Hybrid Camry,,automatic,hybrid,White,275533,A00152
V0012240,,"89239",'----,TOY,Hybrid Camry,,automatic,hybrid,White,351544,A00152
V0012241,,"89236",A236,TOY,Hybrid Camry,,automatic,hybrid,White,304938,A00152
V0012242,,"89258",A258,TOY,Hybrid Camry,,automatic,hybrid,White,227425,A00152
V0012244,,"66083",'-,MIT,Attrage,2023,automatic,petrol,White,107875,A00095
V0012245,,"89289",A289,TOY,Corolla,,automatic,petrol,White,254331,A00152
V0012246,,"89281",A281,TOY,Corolla,,automatic,petrol,White,208815,A00152
V0012247,,"89282",A282,TOY,Corolla,,automatic,petrol,White,288674,A00152
V0012249,,"89209",'---,TOY,Hybrid Camry,,automatic,hybrid,White,317531,A00152
V0012250,,"89221",A221,TOY,Hybrid Camry,,automatic,hybrid,White,260089,A00152
V0012251,,"30624","30624",MGM,RX5,2023,automatic,petrol,White,82913,A00097
V0012252,,"5640","5640",TOY,Camry,2023,automatic,petrol,Silver/Beige,433542,A00115
V0012253,,"38527",'-,NIS,Sunny,2023,automatic,petrol,Silver Grey,192780,A00095
V0012254,"1711","30082","30082",HON,Civic,2011,automatic,petrol,Black,238069,C00002
V0012255,,"89244",'---,TOY,Hybrid Camry,,automatic,hybrid,White,270065,A00152
V0012256,,"89168",'---,TOY,Hybrid Camry,,automatic,hybrid,White,277715,A00152
V0012257,,"89160",'---,TOY,Hybrid Camry,,automatic,hybrid,White,305753,A00152
V0012258,,"89183",A183,TOY,Hybrid Camry,,automatic,hybrid,White,270299,A00152
V0012259,,"89203",A203,TOY,Hybrid Camry,,automatic,hybrid,White,337963,A00152
V0012260,,"89211",A211,TOY,Hybrid Camry,,automatic,hybrid,White,288729,A00152
V0012261,,"89178",A178,TOY,Hybrid Camry,,automatic,hybrid,White,336458,A00152
V0012262,,"89314",A314,TOY,Corolla,,automatic,hybrid,White,220821,A00152
V0012263,,"89189",A189,TOY,Hybrid Camry,,automatic,hybrid,White,285128,A00152
V0012264,,"88713",'-,JAC,JS 4,2023,automatic,petrol,White,156469,A00095
V0012265,,"62853","62853",JAC,JS 4,2023,automatic,petrol,White,300000,A00095
V0012268,,"68753","68753",JAC,J7 ( SALOON ),2023,automatic,petrol,Black,53943,A00095
V0012271,,"58623",'-,JAC,J7,2023,automatic,petrol,White,112142,A00095
V0012273,,"89253",A253,TOY,Hybrid Camry,,automatic,hybrid,White,272634,A00152
V0012274,,"89241",A241,TOY,Hybrid Camry,,automatic,hybrid,White,273520,A00152
V0012275,,"89249",'---,TOY,Hybrid Camry,,automatic,hybrid,White,260487,A00152
V0012276,,"89332",A332,TOY,Corolla,,automatic,petrol,White,234696,A00152
V0012278,,"66520",'---,MIT,Attrage,,automatic,petrol,White,88329,A00097
V0012279,,"37693","37693",MGM,MG5,2023,automatic,petrol,White,81587,A00095
V0012280,,"89167",A167,TOY,Hybrid Camry,,automatic,hybrid,White,272447,A00152
V0012282,,"89171",A171,TOY,Hybrid Camry,,automatic,hybrid,White,311267,A00152
V0012283,,"89173",A173,TOY,Hybrid Camry,2023,automatic,hybrid,White,262158,A00152
V0012284,,"89174",A174,TOY,Hybrid Camry,,automatic,hybrid,White,284333,A00152
V0012287,,"89180",A180,TOY,Hybrid Camry,,automatic,hybrid,White,319702,A00152
V0012288,,"89185",'---,TOY,Hybrid Camry,,automatic,hybrid,White,308242,A00152
V0012289,,"89186",'----,TOY,Hybrid Camry,,automatic,hybrid,White,267158,A00152
V0012290,,"89190",A190,TOY,Hybrid Camry,,automatic,hybrid,White,293333,A00152
V0012291,,"89191",A191,TOY,Hybrid Camry,2023,automatic,hybrid,White,230267,A00152
V0012292,,"89193",'----,TOY,Hybrid Camry,,automatic,hybrid,White,298314,A00152
V0012294,,"89199",A199,TOY,Hybrid Camry,,automatic,hybrid,White,289722,A00152
V0012295,,"89227",'---,TOY,Hybrid Camry,,automatic,hybrid,White,88503,A00152
V0012296,,"78541","78541",SAI,MAXUS V 80,2023,automatic,petrol,Yellow,96674,A00095
V0012298,,"89200",'---,TOY,Hybrid Camry,,automatic,hybrid,White,274804,A00152
V0012299,,"89210",A210,TOY,Hybrid Camry,,automatic,hybrid,White,287383,A00152
V0012300,,"89213",A213,TOY,Hybrid Camry,2023,automatic,hybrid,White,269627,A00152
V0012301,,"89220",A220,TOY,Hybrid Camry,,automatic,hybrid,White,287990,A00152
V0012302,,"89224",'----,TOY,Hybrid Camry,,automatic,hybrid,White,300857,A00152
V0012303,,"89225",'---,TOY,Hybrid Camry,,automatic,hybrid,White,275966,A00152
V0012305,,"89228",A228,TOY,Hybrid Camry,,automatic,hybrid,White,297142,A00152
V0012306,,"89230",'----,TOY,Hybrid Camry,,automatic,hybrid,White,62047,A00152
V0012308,,"89234",A234,TOY,Hybrid Camry,,automatic,hybrid,White,434676,A00152
V0012309,,"89237",'---,TOY,Hybrid Camry,,automatic,hybrid,White,296716,A00152
V0012311,,"89246",'---,TOY,Hybrid Camry,,automatic,hybrid,White,294116,A00152
V0012312,,"89247",'----,TOY,Hybrid Camry,2023,automatic,hybrid,White,298800,A00152
V0012314,,"89252",'----,TOY,Hybrid Camry,,automatic,hybrid,White,2538732,A00152
V0012315,,"89254",A254,TOY,Hybrid Camry,,automatic,hybrid,White,321915,A00152
V0012316,,"89256",A256,TOY,Hybrid Camry,,automatic,hybrid,White,295650,A00152
V0012317,,"89257",A257,TOY,Hybrid Camry,,automatic,hybrid,White,292367,A00152
V0012318,,"89166",A166,TOY,Hybrid Camry,,automatic,hybrid,White,292361,A00152
V0012319,,"89184",A184,TOY,Hybrid Camry,2023,automatic,hybrid,White,310315,A00152
V0012320,,"89202",A202,TOY,Hybrid Camry,,automatic,hybrid,White,246661,A00152
V0012321,,"66471","66471",NIS,Sunny,2023,automatic,petrol,White,112500,A00095
V0012323,,"66702","66702",MIT,Attrage,2023,automatic,petrol,White,90845,A00095
V0012326,,"5376","5376",TOY,Camry,2023,automatic,petrol,Silver/Beige,466349,A00115
V0012328,"2445","88159",'-,TOY,Hiace,2015,manual,petrol,White,577682,C00002
V0012329,,"77212","77212",SAI,MAXUS V 80,2023,automatic,petrol,Yellow,68851,A00095
V0012332,,"89309",A309,TOY,Corolla,,automatic,petrol,White,223282,A00152
V0012333,,"89322",A322,TOY,Corolla,,automatic,petrol,White,215875,A00152
V0012334,,"89300",A300,TOY,Corolla,2023,automatic,petrol,White,222020,A00152
V0012335,,"89278",A278,TOY,Corolla,,automatic,petrol,White,276354,A00152
V0012336,,"89330",'----,TOY,Corolla,,automatic,petrol,White,232911,A00152
V0012337,,"89303",A303,TOY,Corolla,,automatic,petrol,White,202493,A00152
V0012338,,"89327",A327,TOY,Corolla,,automatic,petrol,White,270172,A00152
V0012342,,"89260",'---,TOY,Corolla,,automatic,petrol,White,233867,A00152
V0012343,,"89261",'---,TOY,Hybrid Camry,,automatic,hybrid,White,189160,A00152
V0012344,,"89304",A304,TOY,Corolla,,automatic,petrol,White,232980,A00152
V0012345,,"89305",A305,TOY,Corolla,,automatic,petrol,White,2224970,A00152
V0012346,,"89263",A263,TOY,Corolla,2023,automatic,petrol,White,307004,A00152
V0012347,,"89264",A264,TOY,Corolla,,automatic,petrol,White,209866,A00152
V0012348,,"89265",A265,TOY,Corolla,,automatic,petrol,White,282382,A00152
V0012349,,"89266",A266,TOY,Corolla,,automatic,petrol,White,246965,A00152
V0012350,,"89267",A267,TOY,Corolla,,automatic,petrol,White,252161,A00152
V0012351,,"89268",A268,TOY,Corolla,,automatic,petrol,White,277699,A00152
V0012352,,"89269",'---,TOY,Corolla,2023,automatic,petrol,White,192767,A00152
V0012353,,"89270",'---,TOY,Corolla,2023,automatic,petrol,White,232264,A00152
V0012355,,"89272",'---,TOY,Corolla,,automatic,petrol,White,210318,A00152
V0012356,,"89273",'---,TOY,Corolla,,automatic,petrol,White,211500,A00152
V0012357,,"89274",'---,TOY,Corolla,,automatic,petrol,White,3100480,A00152
V0012358,,"89198",'---,TOY,Hybrid Camry,,automatic,hybrid,White,205319,A00152
V0012359,,"89276",A276,TOY,Corolla,,automatic,petrol,White,245517,A00152
V0012360,,"89277",'---,TOY,Corolla,,automatic,petrol,White,239245,A00152
V0012361,,"35669","35669",MGM,MG5,2023,automatic,petrol,White,104520,A00095
V0012363,,"89297",A297,TOY,Corolla,,automatic,petrol,White,257403,A00152
V0012364,,"89307",'---,TOY,Corolla,,automatic,petrol,White,247521,A00152
V0012365,,"89311",A311,TOY,Corolla,,automatic,petrol,White,217952,A00152
V0012366,,"89312",A312,TOY,Corolla,,automatic,petrol,White,259638,A00152
V0012367,,"89318",A318,TOY,Corolla,,automatic,petrol,White,236879,A00152
V0012368,,"89319",A319,TOY,Corolla,,automatic,petrol,White,197777,A00152
V0012369,,"89323",A323,TOY,Corolla,,automatic,petrol,White,231469,A00152
V0012370,,"89324",A324,TOY,Corolla,,automatic,petrol,White,241050,A00152
V0012371,,"89328",A328,TOY,Corolla,,automatic,petrol,White,224446,A00152
V0012372,,"89329",A329,TOY,Corolla,,automatic,petrol,White,264963,A00152
V0012373,,"89331",A331,TOY,Corolla,,automatic,petrol,White,304671,A00152
V0012374,,"89285",A285,TOY,Corolla,,automatic,petrol,White,241969,A00152
V0012375,,"89286",A286,TOY,Corolla,,automatic,petrol,White,208743,A00152
V0012376,,"89287",A287,TOY,Corolla,,automatic,petrol,White,235451,A00152
V0012377,,"89288",A288,HYN,Sonata,,automatic,hybrid,White,120616,A00152
V0012378,,"89290",A290,TOY,Corolla,,automatic,petrol,White,2132161,A00152
V0012379,,"89292",A292,TOY,Corolla,,automatic,petrol,White,265483,A00152
V0012380,,"89294",A294,TOY,Corolla,2023,automatic,petrol,White,2400340,A00152
V0012381,,"77813","77813",SAI,MAXUS V 80,2023,automatic,petrol,Yellow,91430,A00095
V0012383,,"84573","84573",MIT,Attrage,2023,automatic,petrol,White,93250,A00095
V0012384,,"62186",'---,MIT,Attrage,,automatic,petrol,Grey,77894,A00097
V0012385,,"34825",'---,MGM,RX5,,automatic,petrol,Grey,60691,A00097
V0012388,,"89333",A333,JAC,J7 ( SALOON ),,automatic,petrol,White,209591,A00152
V0012390,,"89342",A342,TOY,Hybrid Camry,,automatic,hybrid,White,414611,A00152
V0012391,,"89343",A343,TOY,Hybrid Camry,2026,automatic,hybrid,White,39000,A00152
V0012392,,"89346",'---,JAC,J7 ( SALOON ),2023,automatic,hybrid,White,163160,A00152
V0012393,,"89336",A336,TOY,Hybrid Camry,2026,automatic,hybrid,White,54193,A00152
V0012394,,"73381","73381",NIS,Sunny,2023,automatic,petrol,White,88038,A00095
V0012398,,"31949",'---,JAC,JS 4,2023,automatic,petrol,White,73562,A00097
V0012399,,"62156",'---,MIT,Attrage,2023,automatic,petrol,Grey,63558,A00097
V0012401,,"65495",'----,MIT,Attrage,2023,automatic,petrol,White,91234,A00095
V0012403,,"78679","78679",MGM,GT,2023,automatic,petrol,Red,194200,C00002
V0012407,,"89116","89116",NIS,Sunny,2023,automatic,petrol,White,116726,A00095
V0012408,,"89262",'---,TOY,Corolla,,automatic,petrol,White,224472,A00152
V0012414,,"89334",A334,TOY,Hybrid Camry,,automatic,hybrid,White,231017,A00152
V0012415,,"89335",'---,TOY,Hybrid Camry,2026,automatic,hybrid,White,59666,A00152
V0012416,,"89345",'---,TOY,Hybrid Camry,,automatic,hybrid,White,30040,A00152
V0012417,,"89338",A338,JAC,J7 ( SALOON ),,automatic,hybrid,White,155779,A00152
V0012419,,"89349",A340,TOY,Hybrid Camry,2026,automatic,hybrid,White,53622,A00152
V0012420,,"89341",'---,TOY,Hybrid Camry,2026,automatic,hybrid,White,54154,A00152
V0012423,,"89348",'---,TOY,Hybrid Camry,,automatic,hybrid,White,54565,A00152
V0012425,,"89350",'---,HYN,Sonata,,automatic,hybrid,White,117553,A00152
V0012426,,"89351",A351,TOY,Hybrid Camry,,automatic,hybrid,White,27937,A00152
V0012428,,"39714","39714",JAC,J7 ( SALOON ),2023,automatic,petrol,Deep Blue,77002,A00095
V0012432,,"75122",'----,MGM,MG5,2023,automatic,petrol,Silver Grey,116688,A00097
V0012437,,"53793","53793",JAC,J7 ( SALOON ),2023,automatic,petrol,Blue,74283,A00095
V0012442,,"92276",'---,TOY,Fortuner,2023,automatic,petrol,White,127794,A00097
V0012443,,"74948",'---,MGM,MG5,2023,automatic,petrol,Silver Grey,105825,A00097
V0012451,,"89642",'---,MIT,Attrage,2023,automatic,petrol,Grey,72494,A00097
V0012454,,"35662",'---,MGM,RX5,2023,automatic,petrol,Grey,55607,D00021
V0012456,,"89385",A395,TOY,Hybrid Camry,,automatic,hybrid,White,293605,A00152
V0012457,,"89386",A386,TOY,Hybrid Camry,,automatic,hybrid,White,281035,A00152
V0012458,,"89387",A387,TOY,Hybrid Camry,,automatic,hybrid,White,218100,A00152
V0012459,,"89388",A388,TOY,Hybrid Camry,,automatic,hybrid,White,225683,A00152
V0012460,,"89389",A389,TOY,Hybrid Camry,,automatic,hybrid,White,269079,A00152
V0012461,,"89390",A390,TOY,Hybrid Camry,,automatic,hybrid,White,292620,A00152
V0012463,,"89392",A392,TOY,Hybrid Camry,,automatic,hybrid,White,270667,A00152
V0012464,,"89393",A393,TOY,Hybrid Camry,,automatic,hybrid,White,295947,A00152
V0012465,,"89394",A394,TOY,Hybrid Camry,,automatic,hybrid,White,297391,A00152
V0012466,,"89395",A395,TOY,Hybrid Camry,,automatic,hybrid,White,254125,A00152
V0012467,,"89396",A396,TOY,Hybrid Camry,,automatic,hybrid,White,285204,A00152
V0012468,,"89397",A397,TOY,Hybrid Camry,,automatic,hybrid,White,290914,A00152
V0012469,,"89398",A398,TOY,Hybrid Camry,,automatic,hybrid,White,278931,A00152
V0012470,,"89399",A399,TOY,Hybrid Camry,,automatic,hybrid,White,332170,A00152
V0012471,,"89400",A400,TOY,Hybrid Camry,,automatic,hybrid,White,240241,A00152
V0012472,,"89401",A401,TOY,Hybrid Camry,,automatic,hybrid,White,250037,A00152
V0012473,,"89402",A402,TOY,Hybrid Camry,,automatic,hybrid,White,299344,A00152
V0012474,,"89403",A403,TOY,Hybrid Camry,,automatic,hybrid,White,284144,A00152
V0012475,,"89404",A404,TOY,Hybrid Camry,,automatic,hybrid,White,245687,A00152
V0012476,,"89405",A405,TOY,Hybrid Camry,,automatic,hybrid,White,250383,A00152
V0012477,,"89406",A406,TOY,Hybrid Camry,,automatic,hybrid,White,269766,A00152
V0012478,,"89407",A407,TOY,Hybrid Camry,,automatic,hybrid,White,324504,A00152
V0012479,,"89408",A408,TOY,Hybrid Camry,,automatic,hybrid,White,267985,A00152
V0012480,,"89409",A409,TOY,Hybrid Camry,,automatic,hybrid,White,67245,A00152
V0012481,,"89410",A410,TOY,Hybrid Camry,,automatic,hybrid,White,227180,A00152
V0012482,,"89411",A411,TOY,Hybrid Camry,,automatic,hybrid,White,283941,A00152
V0012483,,"89412",A412,TOY,Hybrid Camry,2023,automatic,hybrid,White,310398,A00152
V0012484,,"89413",A413,TOY,Hybrid Camry,,automatic,hybrid,White,256367,A00152
V0012485,,"89414",A414,TOY,Hybrid Camry,2023,automatic,hybrid,White,251628,A00152
V0012486,,"89415",A415,TOY,Hybrid Camry,,automatic,hybrid,White,273638,A00152
V0012487,,"89416",A416,TOY,Hybrid Camry,,automatic,hybrid,White,274388,A00152
V0012488,,"89470",A470,TOY,Hybrid Camry,,automatic,hybrid,White,261716,A00152
V0012489,,"89459",A459,TOY,Hybrid Camry,,automatic,hybrid,White,275947,A00152
V0012490,,"89426",A426,TOY,Hybrid Camry,,automatic,hybrid,White,333002,A00152
V0012491,,"89468",A468,TOY,Hybrid Camry,,automatic,hybrid,White,2960681,A00152
V0012492,,"89451",A451,TOY,Hybrid Camry,,automatic,hybrid,White,285893,A00152
V0012494,,"89418",A418,TOY,Hybrid Camry,,automatic,hybrid,White,258857,A00152
V0012495,,"89419",A419,TOY,Hybrid Camry,2023,automatic,hybrid,White,241490,A00152
V0012496,,"89420",A420,TOY,Hybrid Camry,,automatic,hybrid,White,271244,A00152
V0012497,,"89421",A421,TOY,Hybrid Camry,,automatic,hybrid,White,283871,A00152
V0012498,,"89422",A422,TOY,Hybrid Camry,,automatic,hybrid,White,269800,A00152
V0012499,,"89423",A423,TOY,Hybrid Camry,,automatic,hybrid,White,280627,A00152
V0012500,,"89424",A424,TOY,Hybrid Camry,,automatic,hybrid,White,271353,A00152
V0012502,,"89427",A427,TOY,Hybrid Camry,,automatic,hybrid,White,358447,A00152
V0012503,,"89428",A428,TOY,Hybrid Camry,,automatic,hybrid,White,277645,A00152
V0012504,,"89429",A429,TOY,Hybrid Camry,,automatic,hybrid,White,250999,A00152
V0012505,,"89430",A430,HYN,Sonata,,automatic,hybrid,White,89036,A00152
V0012506,,"89431",A431,TOY,Hybrid Camry,,automatic,hybrid,White,264075,A00152
V0012508,,"89432",A432,TOY,Hybrid Camry,,automatic,hybrid,White,249093,A00152
V0012510,,"89434",A434,TOY,Hybrid Camry,,automatic,hybrid,White,279992,A00152
V0012511,,"89435",A435,TOY,Hybrid Camry,,automatic,hybrid,White,271534,A00152
V0012513,,"89437",A437,TOY,Hybrid Camry,,automatic,hybrid,White,301760,A00152
V0012514,,"89438",A438,TOY,Hybrid Camry,,automatic,hybrid,White,289786,A00152
V0012515,,"89439",A439,TOY,Hybrid Camry,,automatic,hybrid,White,278590,A00152
V0012516,,"89440",A440,TOY,Hybrid Camry,,automatic,hybrid,White,299618,A00152
V0012517,,"89441",A441,TOY,Hybrid Camry,,automatic,hybrid,White,328673,A00152
V0012518,,"89442",A442,TOY,Hybrid Camry,,automatic,hybrid,White,245320,A00152
V0012519,,"89443",A443,TOY,Hybrid Camry,,automatic,hybrid,White,326911,A00152
V0012520,,"89444",A444,TOY,Hybrid Camry,,automatic,hybrid,White,301201,A00152
V0012521,,"89445",A445,TOY,Hybrid Camry,,automatic,hybrid,White,302443,A00152
V0012522,,"89446",A446,TOY,Hybrid Camry,,automatic,hybrid,White,69346,A00152
V0012523,,"89447",A447,TOY,Hybrid Camry,,automatic,hybrid,White,279515,A00152
V0012527,,"65481",'---,MIT,Attrage,2023,automatic,petrol,White,89720,D00021
V0012528,,"38590",'---,NIS,Sunny,2023,automatic,petrol,White,99928,D00021
V0012529,,"89463",A463,TOY,Hybrid Camry,,automatic,hybrid,White,274039,A00152
V0012531,,"89473",A473,TOY,Hybrid Camry,,automatic,hybrid,White,246800,A00152
V0012533,,"59135",'---,MIT,Attrage,,automatic,petrol,Grey,80340,D00021
V0012534,,"89418",'---,TOY,Yaris,2023,automatic,petrol,White,79498,D00021
V0012535,,"89448",A448,HYN,Sonata,,automatic,hybrid,White,115845,A00152
V0012536,,"89449",A449,TOY,Hybrid Camry,,automatic,hybrid,White,256109,A00152
V0012537,,"89450",A450,TOY,Hybrid Camry,,automatic,hybrid,White,281084,A00152
V0012538,,"89452",A452,TOY,Hybrid Camry,,automatic,hybrid,White,243821,A00152
V0012539,,"89453",A453,TOY,Hybrid Camry,,automatic,hybrid,White,273773,A00152
V0012540,,"89454",A454,TOY,Hybrid Camry,,automatic,hybrid,White,2627020,A00152
V0012541,,"89455",A455,TOY,Hybrid Camry,,automatic,hybrid,White,272329,A00152
V0012543,,"89457",A457,TOY,Hybrid Camry,,automatic,hybrid,White,268311,A00152
V0012544,,"89458",A458,TOY,Hybrid Camry,,automatic,hybrid,White,191049,A00152
V0012545,,"89460",A460,TOY,Hybrid Camry,,automatic,hybrid,White,272508,A00152
V0012546,,"89461",A461,TOY,Hybrid Camry,,automatic,hybrid,White,299874,A00152
V0012547,,"89462",A462,TOY,Hybrid Camry,,automatic,hybrid,White,318848,A00152
V0012548,,"89464",A464,TOY,Hybrid Camry,,automatic,hybrid,White,246973,A00152
V0012549,,"89465",A465,TOY,Hybrid Camry,,automatic,hybrid,White,228321,A00152
V0012550,,"89466",A466,TOY,Hybrid Camry,,automatic,hybrid,White,284979,A00152
V0012551,,"89467",A467,TOY,Hybrid Camry,,automatic,hybrid,White,297233,A00152
V0012552,,"89469",A469,TOY,Hybrid Camry,,automatic,hybrid,White,263388,A00152
V0012553,,"89471",A471,TOY,Hybrid Camry,,automatic,hybrid,White,2595310,A00152
V0012554,,"89472",A472,TOY,Hybrid Camry,,automatic,hybrid,White,294301,A00152
V0012555,"2325","56354","56354",KIA,Cerato,2021,automatic,petrol,Blue,63999,C00002
V0012559,,"9250","9250",TOY,Innova,2023,automatic,petrol,Silver/Beige,472753,A00115
V0012560,,"6059","6059",TOY,Innova,2023,automatic,petrol,Silver/Beige,419721,A00115
V0012561,,"93410",'-,JAC,J7 ( SALOON ),2023,automatic,petrol,Grey,77987,D00021
V0012562,,"71047",'-,MIT,Attrage,2023,automatic,petrol,Grey,124682,D00021
V0012565,,"5401","2TRB082301",TOY,Innova,2023,automatic,petrol,Silver/Beige,637800,A00115
V0012566,,"5789","5789",TOY,Innova,2023,automatic,petrol,Silver/Beige,417486,A00115
V0012570,,"90315",'-,JAC,JS 4,2023,automatic,petrol,White,74019,D00021
V0012571,,"89015",'-,JAC,J7 ( SALOON ),2023,automatic,petrol,White,70975,D00021
V0012572,,"54315",'-,JAC,JS 4,2023,automatic,petrol,White,60016,D00021
V0012582,,"62193","62193",MIT,Attrage,2023,automatic,petrol,White,90942,A00095
V0012583,"2458","48010",'-,HYN,Sonata,2023,automatic,petrol,Silver Grey,210705,C00002
V0012584,,"75182",'-,MGM,MG5,2023,automatic,petrol,Silver Grey,90633,D00021
V0012587,,"89515",'-,TOY,Hybrid Camry,,automatic,petrol,Silver/Beige,248095,A00152
V0012588,,"80466",'-,JAC,JS 4,2023,automatic,petrol,Blue,69919,D00021
V0012589,,"25794",'-,MGM,MG5,2023,automatic,petrol,Silver Grey,88058,D00021
V0012592,,"99485",'-,MIT,Attrage,2023,automatic,petrol,Grey,108087,D00021
V0012593,,"89512",A512,TOY,Hybrid Camry,,automatic,hybrid,White,210574,A00152
V0012596,,"62360","62360",MIT,Attrage,2023,automatic,petrol,White,128940,A00095
V0012598,,"35798",'-,MGM,RX5,2023,automatic,petrol,Grey,92037,D00021
V0012599,,"85269",'-,MIT,Attrage,2023,automatic,petrol,Grey,141402,D00021
V0012600,,"74238","74238",JAC,JS 4,2023,automatic,petrol,Deep Blue,84271,A00095
V0012601,,"89493",'-,TOY,Hybrid Camry,,automatic,hybrid,Silver/Beige,246771,A00152
V0012602,,"89498",'-,TOY,Hybrid Camry,,automatic,petrol,Silver/Beige,239650,A00152
V0012603,,"89488",'-,TOY,Hybrid Camry,,automatic,hybrid,Silver/Beige,317083,A00152
V0012604,,"89487",'-,TOY,Hybrid Camry,,automatic,hybrid,Silver/Beige,248973,A00152
V0012605,,"89499",'-,TOY,Hybrid Camry,,automatic,hybrid,Silver/Beige,268112,A00152
V0012606,,"89486",'-,TOY,Hybrid Camry,,automatic,hybrid,Silver/Beige,272369,A00152
V0012608,,"89502",'-,TOY,Hybrid Camry,,automatic,hybrid,Silver/Beige,267267,A00152
V0012609,,"89484",'-,TOY,Hybrid Camry,,automatic,hybrid,Silver/Beige,273566,A00152
V0012610,,"89497",'-,TOY,Hybrid Camry,,automatic,hybrid,Silver/Beige,262625,A00152
V0012611,,"89495",'-,TOY,Hybrid Camry,,automatic,hybrid,Silver/Beige,235903,A00152
V0012612,,"89503",'-,TOY,Hybrid Camry,,automatic,hybrid,Silver/Beige,292943,A00152
V0012613,,"89508",'-,TOY,Hybrid Camry,,automatic,hybrid,Silver/Beige,287759,A00152
V0012614,,"32018","32018",TOY,Yaris,2023,automatic,petrol,White,139626,A00095
V0012619,,"73255",'-,MIT,Attrage,2023,automatic,petrol,Grey,72372,D00021
V0012620,,"35686","35686",MGM,RX5,2023,automatic,petrol,Black,65319,A00095
V0012622,,"31948","31948",TOY,Yaris,2023,automatic,petrol,White,81023,A00095
V0012626,,"89475",'-,TOY,Hybrid Camry,,automatic,petrol,Silver/Beige,257825,A00152
V0012627,,"89494",'-,TOY,Hybrid Camry,,automatic,petrol,Silver/Beige,387768,A00152
V0012628,,"89490",'-,TOY,Hybrid Camry,,automatic,petrol,Silver/Beige,230157,A00152
V0012629,,"89510",'-,TOY,Hybrid Camry,,automatic,petrol,Silver/Beige,257142,A00152
V0012630,,"89480",'-,TOY,Hybrid Camry,,automatic,petrol,Silver/Beige,200307,A00152
V0012632,,"89485",'-,TOY,Hybrid Camry,,automatic,petrol,Silver/Beige,223580,A00152
V0012633,,"25886",'-,JAC,J7 ( SALOON ),2022,automatic,petrol,Grey,83840,A00095
V0012635,,"65496","65496",MIT,Attrage,2023,automatic,petrol,White,127454,A00095
V0012643,,"91956","91956",TOY,Yaris,2023,automatic,petrol,White,103539,A00095
V0012646,,"89476",'-,TOY,Hybrid Camry,,automatic,hybrid,Silver/Beige,260485,A00152
V0012647,,"89477",'-,TOY,Hybrid Camry,,automatic,petrol,Silver/Beige,285366,A00152
V0012649,,"89479",'-,TOY,Hybrid Camry,,automatic,hybrid,Silver/Beige,279284,A00152
V0012650,,"89482",'-,TOY,Hybrid Camry,,automatic,hybrid,Silver/Beige,305172,A00152
V0012651,,"89483",'-,TOY,Hybrid Camry,,automatic,hybrid,Silver/Beige,256008,A00152
V0012652,,"89489",'-,TOY,Hybrid Camry,,automatic,hybrid,Silver/Beige,330400,A00152
V0012653,,"89492",'-,TOY,Hybrid Camry,,automatic,hybrid,Silver/Beige,243228,A00152
V0012654,,"89496",'-,TOY,Hybrid Camry,,automatic,hybrid,Silver/Beige,230057,A00152
V0012655,,"89500",'-,TOY,Hybrid Camry,,automatic,petrol,Silver/Beige,236120,A00152
V0012657,,"89501",'-,TOY,Hybrid Camry,,automatic,hybrid,Silver/Beige,285142,A00152
V0012658,,"89504",'-,TOY,Hybrid Camry,,automatic,hybrid,Silver/Beige,279802,A00152
V0012659,,"89505",'-,TOY,Hybrid Camry,,automatic,hybrid,Silver/Beige,221561,A00152
V0012661,,"89509",'-,TOY,Hybrid Camry,,automatic,hybrid,Silver/Beige,281763,A00152
V0012662,,"89511",'-,TOY,Hybrid Camry,2023,automatic,hybrid,Silver/Beige,267001,A00152
V0012663,,"89513",'-,TOY,Hybrid Camry,,automatic,hybrid,Silver/Beige,279472,A00152
V0012664,,"89514",'-,TOY,Hybrid Camry,,automatic,hybrid,Silver/Beige,295562,A00152
V0012665,,"89516",'-,TOY,Hybrid Camry,,automatic,hybrid,Silver/Beige,286850,A00152
V0012667,,"46779","46779",MIT,Attrage,2023,automatic,petrol,White,117979,A00095
V0012675,,"84543","84543",MIT,Attrage,2023,automatic,petrol,White,120724,A00095
V0012679,,"31934",'-,JAC,JS 4,2023,automatic,petrol,Blue,62527,D00021
V0012680,,"32802","32802",NIS,Sunny,2023,automatic,petrol,White,158919,A00095
V0012681,,"49548","49548",JAC,J7 ( SALOON ),2023,automatic,petrol,Blue,69320,A00095
V0012683,,"46814",'-,MIT,Attrage,2023,automatic,petrol,Silver Grey,76458,D00021
V0012688,,"14653",'-,MIT,Attrage,2023,automatic,petrol,Silver Grey,94482,D00021
V0012689,"1787","76102","76102",HYN,Santa FE,2015,automatic,petrol,Grey,201308,C00002
V0012693,,"95582",'-,NIS,Urvan,2023,manual,petrol,White,168348,D00021
V0012694,,"70485","70485",MIT,Attrage,2023,automatic,petrol,White,71434,A00095
V0012696,,"46304",'-,MIT,Attrage,2023,automatic,petrol,Grey,72704,D00021
V0012698,,"66578",'-,MIT,Attrage,2023,automatic,petrol,White,90721,D00021
V0012704,,"72934","72934",MIT,L 200,2023,automatic,petrol,White,127563,A00095
V0012707,,"97626",'-,NIS,Sunny,2023,automatic,petrol,White,81276,D00021
V0012710,,"65086","65086",MIT,Attrage,2023,automatic,petrol,White,155551,A00095
V0012711,,"62190","62190",MIT,Attrage,2023,automatic,petrol,White,89659,A00095
V0012712,,"62089","62089",MIT,Attrage,2023,automatic,petrol,White,89407,A00095
V0012714,,"14651","14651",MIT,Attrage,2023,automatic,petrol,White,133680,A00095
V0012716,,"35682",'-,MGM,MG5,2023,automatic,petrol,White,105848,D00021
V0012717,,"71793","71793",NIS,Infiniti Q50,2023,automatic,petrol,Black,61812,A00095
V0012722,,"52960",'-,MIT,Eclipse Cross,2023,automatic,petrol,White,76890,D00021
V0012724,"2476","63596",'-,BMW,"420",2017,automatic,petrol,Black,105846,C00002
V0012726,,"18570",'-,RAB,RABDAN 1,2023,automatic,petrol,Blue,9592,D00021
V0012738,,"99513",'-,MIT,Attrage,2023,automatic,petrol,Grey,100661,D00021
V0012740,,"31980",'-,TOY,Yaris,2023,automatic,petrol,White,73836,D00021
V0012744,"2477","52456",'-,AUD,Audi A6,2020,automatic,petrol,White,120857,C00002
V0012746,,"38349",'-,NIS,Sunny,2023,automatic,petrol,White,111263,D00021
V0012749,,"66470","66470",NIS,Sunny,2023,automatic,petrol,White,79738,A00095
V0012751,,"33481","33481",NIS,Sunny,2023,automatic,petrol,White,93101,A00095
V0012754,,"74228","74228",MGM,MG5,2023,automatic,petrol,White,83598,A00095
V0012759,,"90372",'-,JAC,J7 ( SALOON ),2023,automatic,petrol,White,78082,D00021
V0012761,,"49122","49122",MIT,Attrage,2023,automatic,petrol,White,75169,A00095
V0012762,,"62482","62482",MIT,Attrage,2023,automatic,petrol,White,158631,A00095
V0012763,,"56286","56286",MIT,Attrage,2023,automatic,petrol,White,67378,A00095
V0012764,,"88064",'-,MIT,Attrage,2023,automatic,petrol,Grey,111235,D00021
V0012765,,"70751",'-,MIT,Attrage,2023,automatic,petrol,White,131095,D00021
V0012768,,"56114","56114",MIT,Attrage,2023,automatic,petrol,White,84466,A00095
V0012770,,"37688","37688",MGM,RX5,2023,automatic,petrol,Black,106345,A00095
V0012772,,"70782","70782",MIT,Attrage,2023,automatic,petrol,White,130995,A00095
V0012774,,"92130",'-,NIS,Sunny,2023,automatic,petrol,White,104041,D00021
V0012775,,"51336","51336",JAC,JS 4,2023,automatic,petrol,Blue,67511,A00095
V0012782,,"31952","31952",JAC,JS 4,2023,automatic,petrol,Black,88848,A00095
V0012787,,"74319",'-,MGM,RX5,2023,automatic,petrol,White,78158,D00021
V0012791,,"56349","56349",MIT,Attrage,2023,automatic,petrol,White,137927,A00095
V0012794,,"89519",'-,TOY,Hybrid Camry,,automatic,hybrid,White,298472,A00152
V0012795,,"89524",'-,TOY,Hybrid Camry,,automatic,hybrid,White,268203,A00152
V0012796,,"89527",'-,TOY,Hybrid Camry,,automatic,hybrid,White,249826,A00152
V0012797,,"89552",'-,TOY,Hybrid Camry,,automatic,hybrid,White,268986,A00152
V0012798,,"89570",'-,TOY,Hybrid Camry,,automatic,hybrid,White,237607,A00152
V0012801,,"89575",'-,TOY,Hybrid Camry,,automatic,hybrid,White,269258,A00152
V0012802,,"89579",'-,TOY,Hybrid Camry,,automatic,hybrid,White,60466,A00152
V0012803,,"89588",'-,TOY,Hybrid Camry,,automatic,hybrid,White,243140,A00152
V0012804,,"89596",'-,TOY,Hybrid Camry,,automatic,hybrid,White,230762,A00152
V0012805,,"89601",'-,TOY,Hybrid Camry,,automatic,hybrid,White,270001,A00152
V0012806,,"89605",'-,TOY,Hybrid Camry,,automatic,hybrid,White,231110,A00152
V0012807,,"89607",'-,TOY,Hybrid Camry,,automatic,hybrid,White,227389,A00152
V0012810,,"89538",A538,TOY,Hybrid Camry,,automatic,hybrid,White,246113,A00152
V0012811,,"89517",A517,TOY,Hybrid Camry,,automatic,hybrid,White,240970,A00152
V0012812,,"89518",A518,TOY,Hybrid Camry,,automatic,hybrid,White,253954,A00152
V0012813,,"89559",A559,TOY,Hybrid Camry,,automatic,hybrid,White,263226,A00152
V0012814,,"89539",A539,TOY,Hybrid Camry,,automatic,hybrid,White,307646,A00152
V0012815,,"89562",A592,TOY,Hybrid Camry,2024,automatic,hybrid,White,323302,A00152
V0012816,,"89547",A547,TOY,Hybrid Camry,,automatic,hybrid,White,266516,A00152
V0012817,,"89554",A554,TOY,Hybrid Camry,,automatic,hybrid,White,266044,A00152
V0012820,,"89548",A548,TOY,Hybrid Camry,,automatic,hybrid,White,240355,A00152
V0012821,,"89561",A561,TOY,Hybrid Camry,,automatic,hybrid,White,250715,A00152
V0012822,,"89549",A549,TOY,Hybrid Camry,,automatic,hybrid,White,298328,A00152
V0012823,,"89612",A612,TOY,Hybrid Camry,,automatic,hybrid,White,261249,A00152
V0012824,,"89568",A568,TOY,Hybrid Camry,,automatic,hybrid,White,268489,A00152
V0012825,,"89573",A573,TOY,Hybrid Camry,,automatic,hybrid,White,298001,A00152
V0012826,,"89597",A597,TOY,Hybrid Camry,,automatic,hybrid,White,229020,A00152
V0012827,,"89557",A557,TOY,Hybrid Camry,,automatic,hybrid,White,208452,A00152
V0012828,,"89535",A535,TOY,Hybrid Camry,,automatic,hybrid,White,350908,A00152
V0012830,,"89560",A560,TOY,Hybrid Camry,,automatic,hybrid,White,254639,A00152
V0012831,,"89530",A530,TOY,Hybrid Camry,,automatic,hybrid,White,293516,A00152
V0012832,,"89608",A608,TOY,Hybrid Camry,,automatic,hybrid,White,292709,A00152
V0012833,,"89610",A610,TOY,Hybrid Camry,,automatic,hybrid,White,256900,A00152
V0012834,,"89613",A613,TOY,Hybrid Camry,,automatic,hybrid,White,258543,A00152
V0012835,,"89541",A541,TOY,Hybrid Camry,,automatic,hybrid,White,285500,A00152
V0012836,,"89540",A540,TOY,Hybrid Camry,,automatic,hybrid,White,376774,A00152
V0012837,,"89606",A606,TOY,Hybrid Camry,,automatic,hybrid,White,227488,A00152
V0012838,,"89587",A587,TOY,Hybrid Camry,,automatic,hybrid,White,253390,A00152
V0012839,,"89585",A585,TOY,Hybrid Camry,,automatic,hybrid,White,303241,A00152
V0012840,,"89586",A586,TOY,Hybrid Camry,2024,automatic,hybrid,White,308710,A00152
V0012841,,"89543",A543,TOY,Hybrid Camry,,automatic,hybrid,White,255621,A00152
V0012842,,"89571",A571,TOY,Hybrid Camry,,automatic,hybrid,White,295829,A00152
V0012843,,"89553",A553,TOY,Hybrid Camry,,automatic,hybrid,White,301589,A00152
V0012844,,"89523",A523,TOY,Hybrid Camry,,automatic,hybrid,White,228812,A00152
V0012845,,"89566",A566,TOY,Hybrid Camry,2024,automatic,hybrid,White,271159,A00152
V0012846,,"89542",A542,TOY,Hybrid Camry,,automatic,hybrid,White,221548,A00152
V0012847,,"89555",A555,TOY,Hybrid Camry,,automatic,hybrid,White,115886,A00152
V0012848,,"89529",A529,TOY,Hybrid Camry,,automatic,hybrid,White,256437,A00152
V0012850,,"89558",A558,TOY,Hybrid Camry,,automatic,hybrid,White,268344,A00152
V0012852,,"89534",A534,TOY,Hybrid Camry,,automatic,hybrid,White,243525,A00152
V0012853,,"89520",'-,TOY,Hybrid Camry,2024,automatic,hybrid,White,228656,A00152
V0012854,,"89521",'-,TOY,Hybrid Camry,,automatic,hybrid,White,241384,A00152
V0012855,,"89522",'-,TOY,Hybrid Camry,,automatic,hybrid,White,261294,A00152
V0012856,,"89525",'-,TOY,Hybrid Camry,,automatic,hybrid,White,254049,A00152
V0012857,,"89526",'-,TOY,Hybrid Camry,,automatic,hybrid,White,246897,A00152
V0012859,,"89531",'-,TOY,Hybrid Camry,,automatic,hybrid,White,234449,A00152
V0012860,,"89532",'-,TOY,Hybrid Camry,,automatic,hybrid,White,203084,A00152
V0012861,,"89536",'-,TOY,Hybrid Camry,2024,automatic,hybrid,White,243621,A00152
V0012862,,"89544",'-,TOY,Hybrid Camry,,automatic,hybrid,White,780580,A00152
V0012863,,"89546",'-,TOY,Hybrid Camry,,automatic,hybrid,White,274834,A00152
V0012864,,"89550",'-,TOY,Hybrid Camry,,automatic,hybrid,White,284902,A00152
V0012865,,"89551",'-,TOY,Hybrid Camry,,automatic,hybrid,White,267389,A00152
V0012866,,"89556",'-,TOY,Hybrid Camry,,automatic,hybrid,White,274310,A00152
V0012867,,"89563",'-,TOY,Hybrid Camry,,automatic,hybrid,White,206804,A00152
V0012868,,"89564",'-,TOY,Hybrid Camry,,automatic,hybrid,White,246324,A00152
V0012869,,"89565",'-,TOY,Hybrid Camry,,automatic,hybrid,White,237219,A00152
V0012870,,"89567",'-,TOY,Hybrid Camry,,automatic,hybrid,White,241188,A00152
V0012871,,"89569",'-,TOY,Hybrid Camry,,automatic,hybrid,White,233913,A00152
V0012872,,"89572",'-,TOY,Hybrid Camry,,automatic,hybrid,White,242974,A00152
V0012873,,"89574",'-,TOY,Hybrid Camry,,automatic,hybrid,White,240638,A00152
V0012874,,"89576",'-,TOY,Hybrid Camry,,automatic,hybrid,White,257568,A00152
V0012875,,"89577",'-,TOY,Hybrid Camry,,automatic,hybrid,White,257076,A00152
V0012885,,"89593",'-,TOY,Hybrid Camry,,automatic,hybrid,White,260359,A00152
V0012886,,"89595",'-,TOY,Hybrid Camry,,automatic,hybrid,White,231949,A00152
V0012887,,"89591",'-,TOY,Hybrid Camry,,automatic,hybrid,White,202660,A00152
V0012889,,"89589",'-,TOY,Hybrid Camry,,automatic,hybrid,White,230219,A00152
V0012890,,"89602",'-,TOY,Hybrid Camry,,automatic,hybrid,White,242562,A00152
V0012891,,"89644",'-,TOY,Hybrid Camry,,automatic,hybrid,White,296325,A00152
V0012892,,"89581",'-,TOY,Hybrid Camry,,automatic,hybrid,White,258717,A00152
V0012893,,"89609",'-,TOY,Hybrid Camry,,automatic,hybrid,White,282362,A00152
V0012895,,"89616",'-,TOY,Hybrid Camry,,automatic,hybrid,White,273867,A00152
V0012896,,"89628",'-,TOY,Hybrid Camry,,automatic,hybrid,White,2234271,A00152
V0012897,,"89611",'-,TOY,Hybrid Camry,,automatic,hybrid,White,264278,A00152
V0012898,,"89584",'-,TOY,Hybrid Camry,,automatic,hybrid,White,252241,A00152
V0012899,,"89604",'-,TOY,Hybrid Camry,,automatic,hybrid,White,278340,A00152
V0012900,,"89653",'-,TOY,Hybrid Camry,,automatic,hybrid,White,252466,A00152
V0012903,,"15809",'-,FOR,TRANSIT,2024,automatic,petrol,White,24275,M00130
V0012907,,"89598",A598,TOY,Hybrid Camry,,automatic,hybrid,White,280950,A00152
V0012909,,"89615",A615,TOY,Hybrid Camry,,automatic,hybrid,White,250807,A00152
V0012911,,"89578",A578,TOY,Hybrid Camry,,automatic,diesel,White,254976,A00152
V0012912,,"20257",'-,JAC,S3,2023,automatic,petrol,White,64208,D00021
V0012914,,"89592",'-,TOY,Hybrid Camry,,automatic,hybrid,White,271188,A00152
V0012915,,"89580",'-,TOY,Hybrid Camry,,automatic,hybrid,White,232757,A00152
V0012916,,"89639",'-,TOY,Hybrid Camry,,automatic,hybrid,White,248277,A00152
V0012917,,"89600",'-,TOY,Hybrid Camry,2024,automatic,hybrid,White,242134,A00152
V0012919,,"97310",'-,NIS,Sunny,2023,automatic,petrol,White,104542,D00021
V0012923,,"37704","37704",MGM,RX5,2023,automatic,petrol,Black,79523,A00095
V0012927,,"92106",'-,TOY,Fortuner,2023,automatic,petrol,White/Grey,93463,D00021
V0012928,,"89599",'-,TOY,Hybrid Camry,,automatic,hybrid,White,237800,A00152
V0012929,,"49407","49407",JAC,JS 4,2023,automatic,petrol,Blue,149595,A00095
V0012932,,"32596","32596",MGM,RX5,2023,automatic,petrol,White,58603,A00095
V0012933,,"36654","36654",MIT,Attrage,2023,automatic,petrol,White,91761,A00095
V0012935,,"38530","38530",NIS,Sunny,2023,automatic,petrol,White,84563,A00095
V0012937,,"89632",'-,TOY,Hybrid Camry,2024,automatic,hybrid,White,264558,A00152
V0012938,,"89645",'-,TOY,Hybrid Camry,,automatic,hybrid,White,244085,A00152
V0012939,,"89635",'-,TOY,Hybrid Camry,,automatic,hybrid,White,208463,A00152
V0012940,,"89641",'-,TOY,Hybrid Camry,,automatic,hybrid,White,83112,A00152
V0012941,,"89654",'-,TOY,Hybrid Camry,,automatic,hybrid,White,273978,A00152
V0012942,,"89582",'-,TOY,Hybrid Camry,,automatic,hybrid,White,252947,A00152
V0012944,,"89624",'-,TOY,Hybrid Camry,,automatic,hybrid,White,224291,A00152
V0012945,,"89618",'-,TOY,Hybrid Camry,,automatic,hybrid,White,277080,A00152
V0012946,,"89621",'-,TOY,Hybrid Camry,,automatic,hybrid,White,2307180,A00152
V0012947,,"89633",'-,TOY,Hybrid Camry,,automatic,hybrid,White,286339,A00152
V0012948,,"89646",'-,TOY,Hybrid Camry,,automatic,hybrid,White,269882,A00152
V0012949,,"89636",'-,TOY,Hybrid Camry,,automatic,hybrid,White,225432,A00152
V0012950,,"89637",'-,TOY,Hybrid Camry,,automatic,hybrid,White,254456,A00152
V0012951,,"89622",'-,TOY,Hybrid Camry,,automatic,hybrid,White,236148,A00152
V0012952,,"89629",'-,TOY,Hybrid Camry,,automatic,hybrid,White,268060,A00152
V0012953,,"89640",'-,TOY,Hybrid Camry,,automatic,hybrid,White,237163,A00152
V0012954,,"89647",'-,TOY,Hybrid Camry,,automatic,hybrid,White,262500,A00152
V0012955,,"89651",'-,TOY,Hybrid Camry,,automatic,hybrid,White,245154,A00152
V0012956,,"89623",'-,TOY,Hybrid Camry,,automatic,hybrid,White,259129,A00152
V0012957,,"89648",'-,TOY,Hybrid Camry,,automatic,hybrid,White,250330,A00152
V0012959,,"89614",'-,TOY,Hybrid Camry,,automatic,hybrid,White,207613,A00152
V0012960,,"89617",'-,TOY,Hybrid Camry,,automatic,hybrid,White,229779,A00152
V0012962,,"89625",'-,TOY,Hybrid Camry,2024,automatic,hybrid,White,292697,A00152
V0012963,,"89627",'-,TOY,Hybrid Camry,,automatic,hybrid,White,257777,A00152
V0012964,,"89630",'-,TOY,Hybrid Camry,,automatic,hybrid,White,293429,A00152
V0012965,,"89634",'-,TOY,Hybrid Camry,,automatic,hybrid,White,259680,A00152
V0012966,,"68325","68325",MIT,Fuso Rosa,2023,automatic,petrol,Yellow,139894,A00095
V0012967,,"89619",'-,TOY,Hybrid Camry,,automatic,hybrid,White,252904,A00152
V0012968,,"89671",'-,TOY,Hybrid Camry,,automatic,hybrid,White,228885,A00152
V0012969,,"89679",'-,TOY,Hybrid Camry,,automatic,hybrid,White,232732,A00152
V0012970,,"89664",'-,TOY,Hybrid Camry,,automatic,hybrid,White,246384,A00152
V0012971,,"89662",'-,TOY,Hybrid Camry,,automatic,hybrid,White,222857,A00152
V0012972,,"89668",'-,TOY,Hybrid Camry,,automatic,hybrid,White,259865,A00152
V0012973,,"89626",'-,TOY,Hybrid Camry,,automatic,hybrid,White,232917,A00152
V0012974,,"89631",'-,TOY,Hybrid Camry,,automatic,hybrid,White,322847,A00152
V0012975,,"89638",'-,TOY,Hybrid Camry,,automatic,hybrid,White,251187,A00152
V0012976,,"89643",'-,TOY,Hybrid Camry,,automatic,hybrid,White,253400,A00152
V0012977,,"89649",'-,TOY,Hybrid Camry,,automatic,hybrid,White,328706,A00152
V0012978,,"89650",'-,TOY,Hybrid Camry,,automatic,hybrid,White,270931,A00152
V0012979,,"89652",'-,TOY,Hybrid Camry,,automatic,hybrid,White,86700,A00152
V0012980,,"89706",'-,HYN,Sonata,,automatic,hybrid,White,162681,A00152
V0012981,,"89707",'-,TOY,Hybrid Camry,,automatic,hybrid,White,273857,A00152
V0012982,,"89708",'-,TOY,Hybrid Camry,,automatic,hybrid,White,244832,A00152
V0012983,,"89709",'-,TOY,Hybrid Camry,,automatic,hybrid,White,249756,A00152
V0012984,,"89710",'-,TOY,Hybrid Camry,,automatic,hybrid,White,283489,A00152
V0012985,,"89655",'-,TOY,Hybrid Camry,2024,automatic,hybrid,White,266721,A00152
V0012986,,"89656",'-,HYN,Sonata,,automatic,hybrid,White,119960,A00152
V0012987,,"89657",'-,TOY,Hybrid Camry,,automatic,hybrid,White,258674,A00152
V0012988,,"89658",'-,TOY,Hybrid Camry,,automatic,hybrid,White,248971,A00152
V0012989,,"89659",'-,TOY,Hybrid Camry,,automatic,hybrid,White,201027,A00152
V0012990,,"89660",'-,HYN,Sonata,,automatic,hybrid,White,145468,A00152
V0012991,,"89661",'-,TOY,Hybrid Camry,2024,automatic,hybrid,White,2579160,A00152
V0012993,,"89665",'-,TOY,Hybrid Camry,,automatic,hybrid,White,243972,A00152
V0012994,,"89666",'-,TOY,Hybrid Camry,,automatic,hybrid,White,257408,A00152
V0012995,,"89667",'-,TOY,Hybrid Camry,2024,automatic,hybrid,White,283930,A00152
V0012996,,"89669",'-,TOY,Hybrid Camry,,automatic,hybrid,White,253120,A00152
V0012998,,"89672",'-,TOY,Hybrid Camry,,automatic,hybrid,White,216750,A00152
V0012999,,"89673",'-,TOY,Hybrid Camry,,automatic,hybrid,White,249216,A00152
V0013002,,"89676",'-,TOY,Hybrid Camry,,automatic,hybrid,White,288111,A00152
V0013003,,"89677",'-,TOY,Hybrid Camry,,automatic,hybrid,White,272258,A00152
V0013004,,"89678",'-,TOY,Hybrid Camry,,automatic,hybrid,White,239613,A00152
V0013005,,"89680",'-,TOY,Hybrid Camry,,automatic,hybrid,White,279555,A00152
V0013006,,"89681",'-,TOY,Hybrid Camry,,automatic,hybrid,White,257283,A00152
V0013007,,"89682",'-,TOY,Hybrid Camry,,automatic,hybrid,White,269361,A00152
V0013008,,"89683",'-,TOY,Hybrid Camry,,automatic,hybrid,White,247751,A00152
V0013009,,"89684",'-,TOY,Hybrid Camry,,automatic,hybrid,White,271251,A00152
V0013010,,"89685",'-,TOY,Hybrid Camry,,automatic,hybrid,White,247124,A00152
V0013011,,"89686",'-,TOY,Hybrid Camry,,automatic,hybrid,White,273340,A00152
V0013012,,"89687",'-,TOY,Hybrid Camry,,automatic,hybrid,White,246314,A00152
V0013015,,"59285",'-,MGM,MG5,2024,automatic,petrol,Silver Grey,62305,D00021
V0013016,,"89689",'-,TOY,Hybrid Camry,,automatic,hybrid,White,270315,A00152
V0013017,,"89704",'-,TOY,Hybrid Camry,,automatic,hybrid,White,262839,A00152
V0013018,,"89698",'-,TOY,Hybrid Camry,2024,automatic,hybrid,White,242837,A00152
V0013019,,"89697",'-,TOY,Hybrid Camry,,automatic,hybrid,White,222397,A00152
V0013020,,"89703",'-,TOY,Hybrid Camry,2024,automatic,hybrid,White,269101,A00152
V0013021,,"89695",'-,TOY,Hybrid Camry,,automatic,hybrid,White,810395,A00152
V0013022,,"89701",A701,TOY,Hybrid Camry,,automatic,hybrid,White,254353,A00152
V0013023,,"89688",A688,TOY,Hybrid Camry,,automatic,hybrid,White,218590,A00152
V0013024,,"89690",'-,TOY,Hybrid Camry,,automatic,hybrid,White,260338,A00152
V0013025,,"89691",'-,TOY,Hybrid Camry,,automatic,hybrid,White,236421,A00152
V0013027,,"89692",'-,TOY,Hybrid Camry,,automatic,hybrid,White,274620,A00152
V0013028,,"89693",'-,TOY,Hybrid Camry,,automatic,hybrid,White,250536,A00152
V0013029,,"89694",'-,TOY,Hybrid Camry,,automatic,hybrid,White,258362,A00152
V0013030,,"89696",'-,TOY,Hybrid Camry,,automatic,hybrid,White,251990,A00152
V0013032,,"89699",'-,TOY,Hybrid Camry,,automatic,hybrid,White,224887,A00152
V0013033,,"89700",'-,TOY,Hybrid Camry,,automatic,hybrid,White,278954,A00152
V0013034,,"89702",'-,TOY,Hybrid Camry,,automatic,hybrid,White,302961,A00152
V0013035,,"89705",'-,TOY,Hybrid Camry,,automatic,hybrid,White,241769,A00152
V0013038,,"64255",'-,MIT,Eclipse Cross,2023,automatic,petrol,White,69309,D00021
V0013039,,"38532",'-,NIS,Urvan,2023,automatic,petrol,White,161836,D00021
V0013040,,"24285",'-,MIT,Attrage,2023,automatic,petrol,Blue,81850,D00021
V0013042,,"75828","75828",MIT,CANTER EURO 5,2023,manual,diesel,White,140620,M00130
V0013054,,"73324",'-,NIS,Sunny,2023,automatic,petrol,White,73325,D00021
V0013056,,"38412",'-,MIT,L 200,2023,automatic,petrol,White,205103,D00021
V0013057,,"86630",'-,RAB,RABDAN 1,2023,automatic,hybrid,White,42549,D00021
V0013061,,"31963","31963",TOY,Yaris,2023,automatic,petrol,White,84359,A00095
V0013063,,"73094","73094",MIT,Attrage,2023,automatic,petrol,Grey,84067,A00095
V0013064,,"62510","62510",MIT,Attrage,2023,automatic,petrol,Grey,113079,A00095
V0013065,,"62188",'-,MIT,Attrage,2023,automatic,petrol,Grey,89591,D00021
V0013066,,"19748",'-,RAB,RABDAN 1,2023,automatic,petrol,White,36876,D00021
V0013067,,"35672","35672",MGM,MG5,2023,automatic,petrol,White,100472,A00095
V0013068,,"38542",'-,NIS,Urvan,2023,automatic,petrol,White,321501,D00021
V0013070,,"90465",'-,MIT,XPANDER,2024,automatic,petrol,White,109311,D00021
V0013072,,"62358","62358",MIT,Attrage,2023,automatic,petrol,White,138719,A00095
V0013073,,"19468","19468",MIT,Attrage,2023,automatic,petrol,White,95783,A00095
V0013074,,"31943","31943",TOY,Yaris,2023,automatic,petrol,White,87611,A00095
V0013078,,"56020",'-,NIS,Urvan,2023,automatic,petrol,White,165075,D00021
V0013081,,"90283","90283",NIS,Sunny,2023,automatic,petrol,White,85911,A00095
V0013083,,"45582","45582",NIS,Urvan,2023,manual,petrol,White,106969,A00095
V0013084,,"73359","73359",NIS,Sunny,2023,automatic,petrol,White,76816,A00095
V0013087,,"62493","62493",MIT,Attrage,2023,automatic,petrol,Grey,105441,A00095
V0013089,,"90472",'-,MIT,XPANDER,2024,automatic,petrol,White,114811,D00021
V0013091,,"89810",'-,JAC,JS 4,2023,automatic,petrol,White,82076,D00021
V0013094,"2508","54586","54586",TOY,Yaris,2024,automatic,petrol,White,294158,C00002
V0013096,,"32635","32635",NIS,Sunny,2023,automatic,petrol,White,84161,A00095
V0013097,,"89714",'-,TOY,Hybrid Camry,,automatic,hybrid,White,252393,A00152
V0013098,,"89726",'-,TOY,Hybrid Camry,,automatic,hybrid,White,215819,A00152
V0013099,,"89724",'-,TOY,Hybrid Camry,,automatic,hybrid,White,230180,A00152
V0013100,,"89776",'-,TOY,Hybrid Camry,,automatic,hybrid,White,282574,A00152
V0013101,,"89758",'-,TOY,Hybrid Camry,,automatic,hybrid,White,244054,A00152
V0013102,,"89775",'-,TOY,Hybrid Camry,,automatic,hybrid,White,224149,A00152
V0013103,,"89778",'-,TOY,Hybrid Camry,,automatic,hybrid,White,294878,A00152
V0013104,,"89768",'-,TOY,Hybrid Camry,,automatic,hybrid,White,241254,A00152
V0013105,,"89721",'-,TOY,Hybrid Camry,,automatic,hybrid,White,249950,A00152
V0013106,,"89780",'-,TOY,Hybrid Camry,,automatic,hybrid,White,270329,A00152
V0013108,,"89767",'-,TOY,Hybrid Camry,,automatic,hybrid,White,299786,A00152
V0013109,,"89765",'-,TOY,Hybrid Camry,,automatic,hybrid,White,236111,A00152
V0013110,,"89769",'-,TOY,Hybrid Camry,,automatic,hybrid,White,69777,A00152
V0013111,,"89770",'-,TOY,Hybrid Camry,,automatic,hybrid,White,242213,A00152
V0013112,,"89764",'-,TOY,Hybrid Camry,,automatic,hybrid,White,242655,A00152
V0013113,,"89766",'-,TOY,Hybrid Camry,,automatic,hybrid,White,236676,A00152
V0013115,,"89763",'-,TOY,Hybrid Camry,,automatic,hybrid,White,272538,A00152
V0013116,,"89741",'-,TOY,Hybrid Camry,,automatic,hybrid,White,76623,A00152
V0013117,,"89771",'-,TOY,Hybrid Camry,,automatic,hybrid,White,212751,A00152
V0013120,,"89711",'-,TOY,Hybrid Camry,,automatic,hybrid,White,231895,A00152
V0013121,,"89712",'-,TOY,Hybrid Camry,,automatic,hybrid,White,247078,A00152
V0013122,,"89713",'-,TOY,Hybrid Camry,,automatic,hybrid,White,232028,A00152
V0013123,,"89715",'-,TOY,Hybrid Camry,,automatic,hybrid,White,288862,A00152
V0013124,,"89716",'-,TOY,Hybrid Camry,,automatic,hybrid,White,200380,A00152
V0013125,,"89717",'-,TOY,Hybrid Camry,,automatic,hybrid,White,243576,A00152
V0013126,,"89718",'-,TOY,Hybrid Camry,,automatic,hybrid,White,231897,A00152
V0013127,,"89719",'-,TOY,Hybrid Camry,,automatic,hybrid,White,234126,A00152
V0013128,,"89720",'-,TOY,Hybrid Camry,,automatic,hybrid,White,301255,A00152
V0013129,,"89722",'-,TOY,Hybrid Camry,,automatic,hybrid,White,261035,A00152
V0013130,,"89723",'-,TOY,Hybrid Camry,,automatic,hybrid,White,2859331,A00152
V0013131,,"89725",'-,TOY,Hybrid Camry,,automatic,hybrid,White,248800,A00152
V0013132,,"89727",'-,TOY,Hybrid Camry,,automatic,hybrid,White,268187,A00152
V0013133,,"89728",'-,TOY,Hybrid Camry,,automatic,hybrid,White,256672,A00152
V0013134,,"89729",'-,TOY,Hybrid Camry,,automatic,hybrid,White,289506,A00152
V0013135,,"89730",'-,TOY,Hybrid Camry,,automatic,hybrid,White,273247,A00152
V0013136,,"89731",'-,TOY,Hybrid Camry,,automatic,hybrid,White,223972,A00152
V0013137,,"31929","31929",JAC,JS 4,2023,automatic,petrol,Blue,77670,A00095
V0013138,,"89732",'-,TOY,Hybrid Camry,,automatic,hybrid,White,209411,A00152
V0013139,,"89733",'-,TOY,Hybrid Camry,,automatic,hybrid,White,330220,A00152
V0013140,,"89734",'-,TOY,Hybrid Camry,,automatic,hybrid,White,233051,A00152
V0013141,,"89735",'-,TOY,Hybrid Camry,,automatic,hybrid,White,202736,A00152
V0013142,,"89736",'-,TOY,Hybrid Camry,,automatic,hybrid,White,267563,A00152
V0013144,,"89738",'-,TOY,Hybrid Camry,,automatic,hybrid,White,271267,A00152
V0013145,,"89739",'-,TOY,Hybrid Camry,,automatic,hybrid,White,254394,A00152
V0013146,,"89742",'-,TOY,Hybrid Camry,,automatic,hybrid,White,217526,A00152
V0013147,,"89743",'-,TOY,Hybrid Camry,,automatic,hybrid,White,224145,A00152
V0013148,,"89744",'-,TOY,Hybrid Camry,,automatic,hybrid,White,228818,A00152
V0013149,,"89745",'-,TOY,Hybrid Camry,,automatic,hybrid,White,213271,A00152
V0013150,,"89746",'-,TOY,Hybrid Camry,,automatic,hybrid,White,261344,A00152
V0013151,,"89747",'-,TOY,Hybrid Camry,2024,automatic,hybrid,White,222469,A00152
V0013152,,"89748",'-,TOY,Hybrid Camry,,automatic,hybrid,White,290446,A00152
V0013153,,"89749",'-,TOY,Hybrid Camry,,automatic,hybrid,White,226496,A00152
V0013156,,"89751",'-,TOY,Hybrid Camry,,automatic,hybrid,White,321544,A00152
V0013157,,"77692","77692",MIT,CANTER EURO 5,2023,manual,diesel,White,101507,M00130
V0013159,,"89752",'-,TOY,Hybrid Camry,,automatic,hybrid,White,202471,A00152
V0013160,,"89753",'-,TOY,Hybrid Camry,,automatic,hybrid,White,282634,A00152
V0013161,,"89754",'-,TOY,Hybrid Camry,,automatic,hybrid,White,278398,A00152
V0013162,,"89755",'-,TOY,Hybrid Camry,,automatic,hybrid,White,252630,A00152
V0013163,,"89756",'-,TOY,Hybrid Camry,,automatic,hybrid,White,260306,A00152
V0013165,,"89759",'-,TOY,Hybrid Camry,,automatic,hybrid,White,213496,A00152
V0013166,,"89760",'-,TOY,Hybrid Camry,,automatic,hybrid,White,253934,A00152
V0013167,,"89761",'-,TOY,Hybrid Camry,,automatic,hybrid,White,255154,A00152
V0013168,,"89762",'-,TOY,Hybrid Camry,,automatic,hybrid,White,86000,A00152
V0013169,,"89772",'-,TOY,Hybrid Camry,,automatic,hybrid,White,265844,A00152
V0013170,,"89773",'-,TOY,Hybrid Camry,,automatic,hybrid,White,237047,A00152
V0013171,,"89774",'-,TOY,Hybrid Camry,,automatic,hybrid,White,237890,A00152
V0013172,,"89777",'-,TOY,Hybrid Camry,,automatic,hybrid,White,223788,A00152
V0013173,,"89779",'-,TOY,Hybrid Camry,,automatic,hybrid,White,255072,A00152
V0013174,,"89781",'-,TOY,Hybrid Camry,,automatic,hybrid,Silver Grey,228860,A00152
V0013175,,"89782",'-,TOY,Hybrid Camry,,automatic,hybrid,Silver Grey,218414,A00152
V0013176,,"89783",'-,HYN,Sonata,,automatic,hybrid,Silver Grey,111947,A00152
V0013177,,"89784",'-,TOY,Hybrid Camry,,automatic,hybrid,Silver Grey,207560,A00152
V0013178,,"89785",'-,TOY,Hybrid Camry,,automatic,hybrid,Silver Grey,249677,A00152
V0013179,,"89786",'-,TOY,Hybrid Camry,,automatic,hybrid,Silver Grey,242681,A00152
V0013180,,"89787",'-,TOY,Hybrid Camry,,automatic,hybrid,Silver Grey,242400,A00152
V0013185,,"31974",'-,JAC,JS 4,2023,automatic,petrol,White,53329,D00021
V0013186,,"34823",'-,MGM,RX5,2023,automatic,petrol,White,61962,D00021
V0013187,,"89788",'-,TOY,Hybrid Camry,,automatic,hybrid,Silver Grey,202111,A00152
V0013188,,"89789",'-,TOY,Hybrid Camry,,automatic,petrol,Silver Grey,222363,A00152
V0013189,,"89790",'-,TOY,Hybrid Camry,,automatic,hybrid,Silver Grey,5082027,A00152
V0013190,,"89791",'-,TOY,Hybrid Camry,,automatic,hybrid,Silver Grey,251074,A00152
V0013191,,"89792",'-,HYN,Sonata,,automatic,hybrid,Silver Grey,119201,A00152
V0013192,,"89793",'-,TOY,Hybrid Camry,,automatic,hybrid,Silver Grey,249919,A00152
V0013193,,"89794",'-,TOY,Hybrid Camry,,automatic,hybrid,Silver Grey,225010,A00152
V0013194,,"89795",'-,TOY,Hybrid Camry,,automatic,hybrid,Silver Grey,273782,A00152
V0013195,,"89796",'-,TOY,Hybrid Camry,,automatic,hybrid,Silver Grey,234002,A00152
V0013196,,"89797",'-,TOY,Hybrid Camry,,automatic,hybrid,Silver Grey,245062,A00152
V0013197,,"89798",'-,TOY,Hybrid Camry,,automatic,hybrid,Silver Grey,237441,A00152
V0013198,,"89799",'-,TOY,Hybrid Camry,,automatic,hybrid,Silver Grey,278170,A00152
V0013199,,"89800",'-,TOY,Hybrid Camry,,automatic,hybrid,Silver Grey,210952,A00152
V0013201,,"89802",'-,TOY,Hybrid Camry,,automatic,hybrid,Silver Grey,240405,A00152
V0013202,,"89809",'-,TOY,Hybrid Camry,,automatic,hybrid,Silver Grey,266746,A00152
V0013203,,"89803",'-,TOY,Hybrid Camry,,automatic,hybrid,Silver Grey,238669,A00152
V0013204,,"89804",'-,TOY,Hybrid Camry,,automatic,hybrid,Silver Grey,256321,A00152
V0013205,,"89805",'-,TOY,Hybrid Camry,,automatic,hybrid,Silver Grey,252199,A00152
V0013206,,"89807",'-,TOY,Hybrid Camry,,automatic,hybrid,Silver Grey,275063,A00152
V0013207,,"89808",'-,TOY,Hybrid Camry,,automatic,hybrid,Silver Grey,231539,A00152
V0013209,,"89820",'-,TOY,Hybrid Camry,,automatic,hybrid,Silver Grey,242627,A00152
V0013212,,"89810",'-,TOY,Hybrid Camry,,automatic,hybrid,Silver Grey,248106,A00152
V0013213,,"89811",'-,TOY,Hybrid Camry,,automatic,hybrid,Silver Grey,262564,A00152
V0013214,,"89812",'-,TOY,Hybrid Camry,,automatic,hybrid,Silver Grey,219087,A00152
V0013215,,"89813",'-,TOY,Hybrid Camry,,automatic,hybrid,Silver Grey,244027,A00152
V0013216,,"89814",'-,TOY,Hybrid Camry,,automatic,hybrid,Silver Grey,232211,A00152
V0013217,,"76414",'-,MGM,MG5,2024,automatic,petrol,Silver Grey,72673,D00021
V0013218,,"89815",'-,TOY,Hybrid Camry,,automatic,hybrid,Silver Grey,231166,A00152
V0013219,,"89816",'-,HYN,Sonata,,automatic,hybrid,Silver Grey,105301,A00152
V0013220,,"89817",'-,TOY,Hybrid Camry,,automatic,hybrid,Silver Grey,226488,A00152
V0013221,,"89818",'-,TOY,Hybrid Camry,,automatic,hybrid,Silver Grey,239934,A00152
V0013222,,"89819",'-,TOY,Hybrid Camry,,automatic,hybrid,Silver Grey,222957,A00152
V0013224,,"89822",'-,TOY,Hybrid Camry,,automatic,hybrid,Silver Grey,214991,A00152
V0013225,,"89823",'-,TOY,Hybrid Camry,,automatic,hybrid,Silver Grey,193589,A00152
V0013226,,"89824",'-,TOY,Hybrid Camry,,automatic,hybrid,Silver Grey,234734,A00152
V0013227,,"89825",'-,TOY,Hybrid Camry,,automatic,hybrid,Silver Grey,269642,A00152
V0013228,,"89826",'-,TOY,Hybrid Camry,,automatic,hybrid,Silver Grey,239618,A00152
V0013230,,"89828",'-,TOY,Hybrid Camry,,automatic,hybrid,Silver Grey,2297851,A00152
V0013231,,"89829",'-,TOY,Hybrid Camry,,automatic,hybrid,Silver Grey,214151,A00152
V0013233,,"90476",'-,MIT,XPANDER,2024,automatic,petrol,White,117869,D00021
V0013234,,"22816",'-,JAC,J7 ( SALOON ),2023,automatic,petrol,Grey,116560,D00021
V0013237,,"40868",'-,JAC,JS 4,2023,automatic,petrol,Grey,70518,D00021
V0013239,,"65684",'-,NIS,Sunny,2023,automatic,petrol,White,108898,D00021
V0013246,,"89830",'-,TOY,Hybrid Camry,,automatic,hybrid,Silver Grey,263502,A00152
V0013248,,"89832",'-,TOY,Hybrid Camry,,automatic,hybrid,Silver Grey,461270,A00152
V0013249,,"89833",'-,TOY,Hybrid Camry,,automatic,hybrid,Silver Grey,295296,A00152
V0013250,,"89834",'-,TOY,Hybrid Camry,,automatic,hybrid,Silver Grey,240121,A00152
V0013251,,"89835",'-,TOY,Hybrid Camry,,automatic,hybrid,Silver Grey,209959,A00152
V0013253,,"89837",'-,TOY,Hybrid Camry,,automatic,hybrid,Silver Grey,264079,A00152
V0013254,,"89838",'-,TOY,Hybrid Camry,,automatic,hybrid,Silver Grey,246976,A00152
V0013255,,"89590",'-,TOY,Hybrid Camry,2024,automatic,hybrid,Silver Grey,192384,A00152
V0013256,,"89840",'-,TOY,Hybrid Camry,,automatic,hybrid,Silver Grey,217110,A00152
V0013257,,"89841",'-,TOY,Hybrid Camry,,automatic,hybrid,Silver Grey,256819,A00152
V0013258,,"89842",'-,TOY,Hybrid Camry,,automatic,hybrid,Silver Grey,274691,A00152
V0013259,,"89843",'-,TOY,Hybrid Camry,,automatic,hybrid,Silver Grey,234642,A00152
V0013260,,"89844",'-,TOY,Hybrid Camry,,automatic,hybrid,Silver Grey,268533,A00152
V0013261,,"89845",'-,TOY,Hybrid Camry,,automatic,hybrid,Silver Grey,217080,A00152
V0013262,,"89846",'-,TOY,Hybrid Camry,,automatic,hybrid,Silver Grey,266648,A00152
V0013264,,"89848",'-,TOY,Hybrid Camry,,automatic,hybrid,Silver Grey,2277876,A00152
V0013265,,"89849",'-,TOY,Hybrid Camry,,automatic,hybrid,Silver Grey,197907,A00152
V0013266,,"89850",'-,TOY,Hybrid Camry,,automatic,hybrid,Silver Grey,228430,A00152
V0013267,,"89851",'-,TOY,Hybrid Camry,,automatic,hybrid,Silver Grey,242011,A00152
V0013269,,"69957","69957",MIT,XPANDER,2023,automatic,hybrid,Black,91264,A00095
V0013270,,"89853",'-,TOY,Hybrid Camry,,automatic,hybrid,Silver Grey,215696,A00152
V0013271,,"89854",'-,TOY,Hybrid Camry,,automatic,hybrid,Silver Grey,275440,A00152
V0013274,,"89855",'-,TOY,Hybrid Camry,,automatic,hybrid,Silver Grey,212620,A00152
V0013275,,"89856",'-,TOY,Hybrid Camry,,automatic,hybrid,Silver Grey,237374,A00152
V0013277,,"89857",'-,TOY,Hybrid Camry,,automatic,hybrid,Silver Grey,237654,A00152
V0013278,,"89858",'-,TOY,Hybrid Camry,,automatic,hybrid,Silver Grey,240967,A00152
V0013279,,"89859",'-,TOY,Hybrid Camry,,automatic,hybrid,Silver Grey,233677,A00152
V0013280,,"38589",'-,NIS,Sunny,2023,automatic,petrol,White,155504,D00021
V0013286,,"39154","39154",RAB,RABDAN 1,2023,automatic,petrol,Grey,63513,A00095
V0013290,,"82921","82921",MIT,Montero,2023,automatic,petrol,White,78286,A00095
V0013291,,"31928","31928",JAC,JS 4,2023,automatic,petrol,Grey,68255,A00095
V0013292,,"83867","83867",MIT,Attrage,2023,automatic,petrol,Agate RED,103362,A00095
V0013294,,"74017",'-,MIT,CANTER EURO 5,2024,manual,diesel,White,152306,D00021
V0013300,,"89860",'-,TOY,Hybrid Camry,,automatic,hybrid,Silver Grey,216551,A00152
V0013301,,"89861",'-,TOY,Hybrid Camry,,automatic,hybrid,Silver Grey,226406,A00152
V0013302,,"89862",'-,TOY,Hybrid Camry,,automatic,hybrid,Silver Grey,256968,A00152
V0013303,,"89863",'-,TOY,Hybrid Camry,,automatic,hybrid,Silver Grey,256333,A00152
V0013304,,"89864",'-,TOY,Hybrid Camry,,automatic,hybrid,Silver Grey,190168,A00152
V0013305,,"89865",'-,TOY,Hybrid Camry,,automatic,hybrid,Silver Grey,90623,A00152
V0013306,,"89866",'-,TOY,Hybrid Camry,,automatic,hybrid,Silver Grey,258096,A00152
V0013307,,"89867",'-,TOY,Hybrid Camry,,automatic,hybrid,Silver Grey,217313,A00152
V0013308,,"89868",'-,TOY,Hybrid Camry,,automatic,hybrid,Silver Grey,275257,A00152
V0013309,,"89869",'-,TOY,Hybrid Camry,,automatic,hybrid,Silver Grey,265912,A00152
V0013310,,"89870",'-,TOY,Hybrid Camry,,automatic,hybrid,Silver Grey,275643,A00152
V0013311,,"92057",'-,TOY,Camry,2023,automatic,petrol,White,93946,D00021
V0013312,,"89871",'-,TOY,Hybrid Camry,,automatic,hybrid,Silver Grey,2505003,A00152
V0013313,,"89872",'-,TOY,Hybrid Camry,,automatic,hybrid,Silver Grey,251610,A00152
V0013314,,"89873",'-,TOY,Hybrid Camry,,automatic,hybrid,Silver Grey,301623,A00152
V0013315,,"89874",'-,TOY,Hybrid Camry,,automatic,hybrid,Silver Grey,231009,A00152
V0013316,,"89875",'-,TOY,Hybrid Camry,,automatic,hybrid,Silver Grey,275550,A00152
V0013317,,"89876",'-,TOY,Hybrid Camry,,automatic,hybrid,Silver Grey,184891,A00152
V0013318,,"89877",'-,TOY,Hybrid Camry,,automatic,hybrid,Silver Grey,230509,A00152
V0013319,,"89878",'-,TOY,Hybrid Camry,,automatic,hybrid,Silver Grey,295972,A00152
V0013320,,"89879",'-,TOY,Hybrid Camry,,automatic,hybrid,White,203086,A00152
V0013321,,"89880",'-,TOY,Hybrid Camry,,automatic,hybrid,Silver Grey,244870,A00152
V0013324,,"56135",'-,MIT,Attrage,2023,automatic,petrol,White,30082,A00095
V0013327,,"23627",'-,MIT,L 200,2023,automatic,petrol,White,143509,D00021
V0013330,,"90312",'-,JAC,JS 4,2023,automatic,petrol,White,66009,D00021
V0013332,,"24245",'-,MIT,CANTER EURO 5,2024,manual,diesel,White,141713,D00021
V0013335,,"90485",'-,MIT,XPANDER,2024,automatic,petrol,White,94544,D00021
V0013342,,"85735","85735",RAB,RABDAN 1,2023,automatic,petrol,White,46078,A00095
V0013345,,"74015",'-,MIT,CANTER EURO 5,2024,manual,diesel,White,235286,D00021
V0013352,,"24286",'-,JAC,S3,2023,automatic,petrol,Siver/BLue,58337,D00021
V0013353,,"42298",'-,NIS,Sunny,2023,automatic,petrol,White,148511,D00021
V0013355,,"73358","73358",NIS,Sunny,2023,automatic,petrol,White,118144,A00095
V0013364,,"93036",'-,MIT,CANTER EURO 5,2024,manual,diesel,White,124121,D00021
V0013369,,"69575","69575",MIT,Attrage,2023,automatic,petrol,White,69580,A00095
V0013370,,"84550","84550",MIT,Attrage,2023,automatic,petrol,White,137310,A00095
V0013376,,"98026","98026",MIT,Montero,2024,automatic,petrol,White,145037,A00095
V0013380,,"84133",'-,MGM,MG5,2024,automatic,petrol,White,67956,D00021
V0013384,,"71695",'-,MGM,MG5,2024,automatic,petrol,Silver Grey,75570,D00021
V0013386,,"51957",'-,MIT,Montero,2023,automatic,petrol,Silver Grey,83995,D00021
V0013389,,"15402","15402",JAC,JS 4,2024,automatic,petrol,White,61613,A00095
V0013393,,"14287",'-,JAC,JS 4,2024,automatic,petrol,White,60184,D00021
V0013395,,"90478",'-,MIT,XPANDER,2024,automatic,petrol,White,62786,D00021
V0013403,,"31944","31944",JAC,JS 4,2023,automatic,petrol,Grey,49636,A00095
V0013404,,"90374",'-,JAC,J7 ( SALOON ),2023,automatic,petrol,White,85640,D00021
V0013406,,"18372",'-,MIT,CANTER EURO 5,2024,manual,diesel,White,185000,M00130
V0013407,,"55960",'-,MIT,CANTER EURO 5,2023,manual,diesel,White,134273,D00021
V0013408,,"90462","90462",MIT,XPANDER,2024,automatic,petrol,White,103290,D00021
V0013411,,"99586",'-,MIT,Attrage,2023,automatic,petrol,Grey,105079,D00021
V0013413,,"28532",'-,RAB,RABDAN 1,2023,automatic,hybrid,White,46219,D00021
V0013415,,"75852",'-,MIT,Attrage,2024,automatic,petrol,Silver Grey,68095,D00021
V0013417,,"99834",'-,MIT,Attrage,2023,automatic,petrol,Grey,98683,D00021
V0013419,,"66597","66597",MIT,Attrage,2023,automatic,petrol,White,132739,A00095
V0013420,,"95574",'-,NIS,Urvan,2023,manual,petrol,White,237947,D00021
V0013424,,"62533",'-,MGM,MG5,2023,automatic,petrol,White,86898,A00095
V0013425,,"62148","62148",MIT,Attrage,2023,automatic,petrol,White,100468,A00095
V0013427,,"93118",'-,MIT,CANTER EURO 5,2024,manual,diesel,White,161467,D00021
V0013430,,"42419",'-,ASH,OYSTER,2024,manual,diesel,White,109508,D00021
V0013432,,"77968","77968",SAI,MAXUS V 80,2023,automatic,petrol,Yellow,72017,A00095
V0013443,,"39242",'-,MGM,MG5,2024,automatic,petrol,White,61140,D00021
V0013446,,"38517","38517",NIS,Sunny,2023,automatic,petrol,White,122606,A00095
V0013447,,"73348",'-,NIS,Sunny,2023,automatic,petrol,White,126667,D00021
V0013450,,"59830",'-,JAC,J7 ( SALOON ),2023,automatic,petrol,Blue,85871,D00021
V0013451,,"66478",'-,NIS,Sunny,2023,automatic,petrol,White,122855,D00021
V0013453,,"70762","70762",MIT,Attrage,2023,automatic,petrol,White,89902,A00095
V0013455,,"93408","93408",JAC,J7 ( SALOON ),2023,automatic,petrol,Grey,79089,A00095
V0013458,,"70784",'-,MIT,Attrage,2023,automatic,petrol,White,98373,D00021
V0013462,,"99542",'-,NIS,Sunny,2023,automatic,petrol,White,103192,D00021
V0013463,,"30472",'-,MIT,ASX,2024,automatic,petrol,White,53068,D00021
V0013464,,"15395",'-,JAC,JS 4,2024,automatic,petrol,Grey,58435,D00021
V0013467,,"62478",*,MIT,Attrage,2023,automatic,petrol,Grey,70579,A00095
V0013474,,"52965","52965",MIT,Eclipse Cross,2023,automatic,petrol,White,86647,A00095
V0013476,,"72350","72350",MIT,CANTER EURO 5,2024,manual,diesel,White,175309,A00095
V0013477,,"19608","19608",RAB,RABDAN 1,2023,automatic,petrol,Blue,38770,A00095
V0013478,,"95760","95730",JAC,JS 4,2023,automatic,petrol,White,53955,A00095
V0013479,,"98566","98556",NIS,Sunny,2023,automatic,petrol,White,119369,A00095
V0013480,,"45891",'-,MIT,Attrage,2023,automatic,petrol,White,64957,D00021
V0013484,,"62534","62534",MGM,MG5,2023,automatic,petrol,White,78424,A00095
V0013485,,"54331","54331",JAC,J7,2024,automatic,petrol,White,69777,A00095
V0013486,,"42360",'-,MIT,CANTER EURO 5,2023,manual,diesel,White,243307,D00021
V0013489,,"23421",'-,MIT,L 200,2023,manual,petrol,White,144281,D00021
V0013490,,"89887",'-,TOY,Hybrid Camry,,automatic,hybrid,White,170563,A00152
V0013491,,"89888",'-,TOY,Hybrid Camry,,automatic,hybrid,White,253196,A00152
V0013492,,"89890",'-,TOY,Hybrid Camry,,automatic,hybrid,White,273744,A00152
V0013493,,"89891",'-,TOY,Hybrid Camry,,automatic,hybrid,White,2375954,A00152
V0013494,,"89893",'-,TOY,Hybrid Camry,,automatic,hybrid,White,228279,A00152
V0013497,,"89906",'-,TOY,Hybrid Camry,,automatic,hybrid,White,272416,A00152
V0013498,,"89032",'-,TOY,Hybrid Camry,2024,automatic,hybrid,White,209402,A00152
V0013499,,"89909",'-,TOY,Hybrid Camry,,automatic,hybrid,White,152110,A00152
V0013500,,"89910",'-,TOY,Hybrid Camry,,automatic,hybrid,White,69190,A00152
V0013501,,"89911",'-,TOY,Hybrid Camry,,automatic,hybrid,White,131036,A00152
V0013502,,"67314",'-,JAC,J7 ( SALOON ),,automatic,petrol,White,84879,D00021
V0013508,,"66435",'-,MIT,Attrage,2023,automatic,petrol,Grey,86022,D00021
V0013510,,"89881",'-,TOY,Hybrid Camry,,automatic,hybrid,White,261500,A00152
V0013511,,"89883",'-,TOY,Hybrid Camry,,automatic,hybrid,White,235598,A00152
V0013512,,"89885",'-,TOY,Hybrid Camry,,automatic,hybrid,White,235913,A00152
V0013513,,"89374",'-,TOY,Hybrid Camry,,automatic,hybrid,White,255210,A00152
V0013514,,"89892",'-,TOY,Hybrid Camry,,automatic,hybrid,White,230830,A00152
V0013516,,"89594",'-,TOY,Hybrid Camry,2024,automatic,hybrid,White,162676,A00152
V0013517,,"89905",'-,TOY,Hybrid Camry,,automatic,hybrid,White,241189,A00152
V0013518,,"89907",'-,TOY,Hybrid Camry,,automatic,hybrid,White,222795,A00152
V0013520,,"31680","31680",MGM,MG5,2024,automatic,petrol,White,72822,A00095
V0013522,,"36747",'-,MIT,CANTER EURO 5,2024,manual,diesel,White,194303,D00021
V0013523,,"37886",'-,MIT,XPANDER,2022,automatic,petrol,White,142329,D00021
V0013524,,"45889",'-,MIT,Attrage,2023,automatic,petrol,White,133854,D00021
V0013530,,"38410",'-,MIT,L 200,2023,automatic,petrol,White,184149,D00021
V0013532,,"32624",'-,MGM,MG5,2023,automatic,petrol,White,102838,D00021
V0013534,,"31972","31972",JAC,JS 4,2023,automatic,petrol,White,64263,A00095
V0013536,,"31679","31679",MGM,MG5,2024,automatic,petrol,White,71766,A00095
V0013537,,"84556",'-,MIT,Attrage,,automatic,diesel,,107543,A00095
V0013538,,"89926",'-,TOY,Hybrid Camry,,automatic,hybrid,White,262823,A00152
V0013539,,"89897",'-,TOY,Hybrid Camry,,automatic,hybrid,White,247690,A00152
V0013540,,"89886",'-,TOY,Hybrid Camry,,automatic,hybrid,White,223206,A00152
V0013541,,"89896",'-,TOY,Hybrid Camry,,automatic,hybrid,White,237956,A00152
V0013543,,"89884",'-,TOY,Hybrid Camry,,automatic,hybrid,White,249235,A00152
V0013544,,"89882",'-,TOY,Hybrid Camry,,automatic,hybrid,White,251360,A00152
V0013545,,"89900",'-,HYN,Sonata,,automatic,hybrid,White,113091,A00152
V0013546,,"89928",'-,TOY,Hybrid Camry,,automatic,hybrid,White,230145,A00152
V0013547,,"89899",'-,TOY,Hybrid Camry,,automatic,hybrid,White,262725,A00152
V0013548,,"89898",'-,TOY,Hybrid Camry,,automatic,hybrid,White,317939,A00152
V0013550,,"76214","76214",MIT,Attrage,2024,automatic,petrol,White,44091,A00095
V0013551,,"66457",'-,NIS,Sunny,2023,automatic,petrol,White,93539,D00021
V0013552,,"88972",'-,JAC,J7 ( SALOON ),2023,automatic,petrol,White,73868,D00021
V0013557,,"56883",'-,MIT,Attrage,2024,automatic,petrol,Silver Grey,112457,D00021
V0013558,,"70467",'-,MIT,Attrage,2023,automatic,petrol,White,113763,D00021
V0013560,,"89903",'-,TOY,Hybrid Camry,,automatic,hybrid,White,240131,A00152
V0013565,,"69023",'-,JAC,S3,2023,automatic,petrol,White,66753,D00021
V0013566,,"98284",'-,NIS,Sunny,2023,automatic,petrol,White,96497,D00021
V0013567,,"37932",'-,MIT,ASX,,automatic,diesel,Silver/White,187652,A00095
V0013569,,"55983",'-,MIT,CANTER EURO 5,2023,manual,diesel,White,172364,D00021
V0013570,,"64895",'-,MIT,XPANDER,2023,automatic,petrol,Silver Grey,178854,D00021
V0013572,,"36982",'-,MIT,CANTER EURO 5,2024,manual,diesel,White,135322,D00021
V0013575,,"89912",'-,TOY,Hybrid Camry,,automatic,hybrid,White,76492,A00152
V0013576,,"89913",'-,TOY,Hybrid Camry,,automatic,hybrid,White,233457,A00152
V0013577,,"89914",'-,TOY,Hybrid Camry,,automatic,hybrid,White,216822,A00152
V0013578,,"89915",'-,TOY,Hybrid Camry,,automatic,hybrid,White,234773,A00152
V0013580,,"89917",'-,TOY,Hybrid Camry,,automatic,hybrid,White,228456,A00152
V0013581,,"89918",'-,TOY,Hybrid Camry,,automatic,hybrid,White,207526,A00152
V0013582,,"89919",'-,TOY,Hybrid Camry,,automatic,hybrid,White,245355,A00152
V0013583,,"89920",'-,TOY,Hybrid Camry,,automatic,hybrid,White,200330,A00152
V0013585,,"89922",'-,TOY,Hybrid Camry,,automatic,hybrid,White,305744,A00152
V0013589,,"62514","62514",MIT,Attrage,2023,automatic,petrol,Grey,73480,A00095
V0013590,,"24276",'-,MIT,Attrage,2023,automatic,petrol,Blue,93791,D00021
V0013591,,"90376",'-,JAC,J7 ( SALOON ),2023,automatic,petrol,White,144891,D00021
V0013592,,"89924",'-,TOY,Hybrid Camry,,automatic,hybrid,White,271257,A00152
V0013593,,"89925",'-,TOY,Hybrid Camry,,automatic,hybrid,White,266108,A00152
V0013594,,"89927",'-,TOY,Hybrid Camry,,automatic,hybrid,White,343522,A00152
V0013595,,"89929",'-,TOY,Hybrid Camry,,automatic,hybrid,White,270651,A00152
V0013596,,"89930",'-,TOY,Hybrid Camry,,automatic,hybrid,White,240009,A00152
V0013597,,"71673",'-,MGM,MG5,2024,automatic,petrol,Silver Grey,96335,D00021
V0013599,,"88721","88721",JAC,JS 4,2023,automatic,petrol,White,81394,A00095
V0013605,,"83546",'-,NIS,Urvan,2023,manual,petrol,White,165546,D00021
V0013606,,"82557",'-,NIS,Urvan,2023,automatic,petrol,White,119944,D00021
V0013608,,"46763",'-,MIT,ASX,2024,automatic,petrol,Silver Grey,123421,D00021
V0013609,,"84571","84571",MIT,Attrage,2023,automatic,petrol,White,125190,A00095
V0013611,,"34183","34183",MIT,Attrage,2023,automatic,petrol,White,112302,A00095
V0013616,,"48617",'-,MGM,MG5,2024,automatic,petrol,White,69698,A00095
V0013617,,"52638",'-,MGM,MG5,2024,automatic,petrol,White,72560,D00021
V0013618,,"62105","62105",MIT,Attrage,2023,automatic,petrol,White,66709,A00095
V0013619,,"66481","66481",NIS,Sunny,2023,automatic,petrol,White,103810,A00095
V0013620,,"65724","65724",NIS,Sunny,2023,automatic,petrol,White,112549,A00095
V0013622,,"62572","62572",MIT,XPANDER,2023,automatic,petrol,White,78313,A00095
V0013627,,"45933","45933",MIT,Attrage,2023,automatic,petrol,White,157300,A00095
V0013628,,"19446","19446",MIT,Attrage,2024,automatic,petrol,White,124558,A00095
V0013631,,"5253","5253",TOY,Hybrid Camry,2024,automatic,hybrid,Silver/White,402865,A00115
V0013632,,"5569","5569",TOY,Hybrid Camry,2024,automatic,hybrid,Silver/Beige,387936,A00115
V0013635,,"6042","6042",TOY,Camry,2024,automatic,petrol,Silver/Beige,450786,A00115
V0013636,,"93035","93035",TOY,Yaris,2023,automatic,petrol,White,144042,A00095
V0013640,,"98146","98146",MIT,Attrage,2024,automatic,petrol,White,61768,A00095
V0013641,,"31694","31694",MGM,MG5,2024,automatic,petrol,White,88540,A00095
V0013643,,"71759","71759",NIS,Infiniti Q50,2023,automatic,petrol,White,96582,A00095
V0013644,,"73329","73329",NIS,Sunny,2023,automatic,petrol,White,102823,A00095
V0013648,,"24268",'-,MIT,Attrage,2023,automatic,petrol,Grey,92867,D00021
V0013651,,"48571","48571",MGM,MG5,2024,automatic,petrol,White,145942,A00095
V0013652,,"5117","5117",TOY,Hybrid Camry,2024,automatic,hybrid,Silver/Beige,436952,A00115
V0013653,,"53887","53887",MIT,Attrage,2024,automatic,petrol,White,44908,A00095
V0013654,,"88395",'-,NIS,Urvan,2023,automatic,petrol,White,140215,A00005
V0013656,,"5496","5496",TOY,Camry,2024,automatic,petrol,Silver/Beige,358203,A00115
V0013657,,"5287","5287",TOY,Camry,2024,automatic,petrol,Silver/Beige,518315,A00115
V0013658,,"42750",'-,NIS,Urvan,2024,manual,petrol,White,127374,D00021
V0013660,,"20198","20198",JAC,S3,2023,automatic,petrol,Grey,65423,A00095
V0013664,,"91640",'-,MIT,ASX,2024,automatic,petrol,White,65780,D00021
V0013665,,"31678",'-,NIS,Sunny,2024,automatic,petrol,White,139287,D00021
V0013667,,"45832","45832",MIT,Attrage,2024,automatic,petrol,White,115668,A00095
V0013670,,"40618","40618",MIT,Attrage,2024,automatic,petrol,White,60841,A00095
V0013672,,"35237",'-,NIS,Sunny,,automatic,petrol,White,107301,D00021
V0013674,,"38518",'-,NIS,Sunny,,automatic,petrol,White,90655,D00021
V0013675,,"49285",'-,JAC,JS 4,2023,automatic,petrol,White,68668,D00021
V0013676,,"38528",'-,NIS,Sunny,2023,automatic,petrol,Silver/Beige,159596,D00021
V0013681,,"57281",'-,MGM,MG5,2024,automatic,petrol,Silver Grey,70631,D00021
V0013691,,"50136",'-,MIT,Attrage,2024,automatic,petrol,White,58331,D00021
V0013693,,"37929",'-,MIT,ASX,,automatic,petrol,White,95661,D00021
V0013700,,"59071","59071",NIS,Sunny,2023,automatic,petrol,White,31787,C00012
V0013708,,"45523",'-,NIS,Altima,2024,automatic,petrol,White,75553,D00021
V0013711,,"20152",'-,MIT,Attrage,2023,automatic,petrol,White,94215,D00021
V0013716,,"12530",'-,MGM,MG5,2024,automatic,petrol,Silver Grey,71583,D00021
V0013717,,"60173",'-,MIT,XPANDER,2023,automatic,petrol,Silver Grey,234369,D00021
V0013718,,"31970",'-,JAC,JS 4,2023,automatic,petrol,White,77391,D00021
V0013721,,"38574",'-,NIS,Sunny,2023,automatic,petrol,White,822543,D00021
V0013722,,"24196",'-,NIS,Sunny,2023,automatic,petrol,White,115558,D00021
V0013725,,"30657","30657",MIT,Attrage,2024,automatic,petrol,Grey,50071,A00095
V0013726,,"64992","64992",MIT,Attrage,2023,automatic,petrol,White,97210,A00095
V0013727,,"51283",'-,JAC,JS 4,2023,automatic,petrol,White,74089,D00021
V0013732,,"49392",'-,JAC,JS 4,2023,automatic,petrol,Blue,95779,D00021
V0013733,,"13420",'-,JAC,JS 4,2024,automatic,petrol,Blue,47715,D00021
V0013734,,"70551",'-,JAC,JS 4,2023,automatic,petrol,Blue,67146,D00021
V0013735,,"62191","62191",MIT,Attrage,2023,automatic,petrol,Grey,107994,A00095
V0013736,,"99746",'-,MIT,Attrage,2023,automatic,petrol,White,92967,D00021
V0013739,,"15406","15406",JAC,JS 4,2024,automatic,petrol,Grey,103154,A00095
V0013744,,"14648","14648",MIT,Attrage,2023,automatic,petrol,Grey,128872,A00095
V0013745,,"39857",'-,RAB,RABDAN 1,,automatic,petrol,Black,52691,D00021
V0013746,,"74952",'-,MGM,MG5,2023,automatic,petrol,Silver Grey,87690,D00021
V0013749,,"30657","30657",MIT,ASX,2024,automatic,petrol,White,98617,A00095
V0013752,,"35684",'-,MGM,MG5,2023,automatic,petrol,White,68405,D00021
V0013754,,"13969",'-,NIS,Urvan,2024,automatic,petrol,White,254230,D00021
V0013755,,"90042",'-,TOY,Hybrid Camry,2024,automatic,hybrid,White,217631,A00152
V0013756,,"22351",'-,MIT,Attrage,2024,automatic,petrol,Grey,110713,D00021
V0013762,,"90364",'-,JAC,J7 ( SALOON ),2023,automatic,petrol,White,99364,D00021
V0013767,,"29286",'-,NIS,Sunny,2024,automatic,petrol,White,101129,D00021
V0013770,,"89987",'-,TOY,Hybrid Camry,,automatic,hybrid,White,237761,A00152
V0013771,,"89946",'-,TOY,Hybrid Camry,2024,automatic,hybrid,White,251188,A00152
V0013772,"2572","36762","36762",MIT,Lancer,2024,automatic,petrol,Grey,127533,C00002
V0013774,,"89939",'-,TOY,Hybrid Camry,2024,automatic,hybrid,White,214297,A00152
V0013775,,"90043",'-,TOY,Hybrid Camry,2024,automatic,hybrid,White,244467,A00152
V0013777,,"68764",'-,MGM,MG5,2024,automatic,petrol,White,96714,D00021
V0013783,,"90041",AA041,TOY,Camry,2024,automatic,petrol,White,272135,A00152
V0013785,,"89942",'-,TOY,Hybrid Camry,2024,automatic,hybrid,White,247956,A00152
V0013786,,"89953",'-,TOY,Hybrid Camry,2024,automatic,hybrid,White,222162,A00152
V0013788,,"56984",'-,MIT,Attrage,2024,automatic,petrol,Grey,47799,D00021
V0013790,,"73142",'-,MIT,Attrage,2023,automatic,petrol,Grey,54803,D00021
V0013791,,"57431",'-,MIT,Attrage,2023,automatic,petrol,White,63170,D00021
V0013796,,"89979",'-,TOY,Hybrid Camry,2024,automatic,hybrid,White,193824,A00152
V0013798,,"90053",'-,HYN,Sonata,,automatic,hybrid,White,131803,A00152
V0013802,,"90037",'-,TOY,Hybrid Camry,2024,automatic,hybrid,White,246789,A00152
V0013803,,"19796",'-,MIT,CANTER EURO 5,2024,manual,diesel,White,121895,D00021
V0013805,,"19581","19581",RAB,RABDAN 1,2023,automatic,petrol,White,53678,A00095
V0013811,,"90021",'-,TOY,Hybrid Camry,2024,automatic,hybrid,White,254790,A00152
V0013812,,"89948",'-,TOY,Hybrid Camry,2024,automatic,hybrid,White,254307,A00152
V0013815,,"65714","65714",NIS,Sunny,2023,automatic,petrol,White,136189,A00095
V0013821,,"31715","31715",MGM,MG5,2024,automatic,petrol,White,85175,A00095
V0013824,,"26679","26679",NIS,Sunny,2024,automatic,petrol,White,101920,A00095
V0013825,,"74357",'-,MGM,RX5,2023,automatic,petrol,White,75655,A00095
V0013826,,"27476","27476",FOR,TRANSIT,2023,automatic,petrol,White,24412,M00130
V0013828,,"78389",'-,TOY,Land Cruiser Prado,,automatic,petrol,White,171378,C00002
V0013829,,"90087",'-,TOY,Hybrid Camry,,automatic,hybrid,White,227201,A00152
V0013830,,"50695",'-,MIT,CANTER EURO 5,2024,manual,diesel,White,186097,D00021
V0013832,,"92076",'-,NIS,Sunny,2023,automatic,petrol,White,135407,D00021
V0013834,,"22197",'-,MIT,Attrage,2024,automatic,petrol,Grey,56727,D00021
V0013835,,"91128","91128",NIS,Patrol,2024,automatic,petrol,White,82667,A00095
V0013836,,"12529",'-,MGM,MG5,2024,automatic,petrol,Silver Grey,94699,D00021
V0013839,,"62759",'-,CHE,Malibu,,automatic,petrol,White,100989,C00002
V0013840,,"89976",'-,TOY,Hybrid Camry,,automatic,hybrid,White,255960,A00152
V0013846,,"89971",'-,TOY,Hybrid Camry,,automatic,hybrid,White,217874,A00152
V0013849,,"89955",'-,TOY,Hybrid Camry,2024,automatic,hybrid,White,247613,A00152
V0013850,,"89982",'-,TOY,Hybrid Camry,2024,automatic,hybrid,White,241136,A00152
V0013853,,"89984",'-,TOY,Hybrid Camry,2024,automatic,hybrid,White,255104,A00152
V0013855,,"17544",'-,NIS,Sunny,2024,automatic,petrol,White,142300,D00021
V0013856,,"90038",'-,TOY,Hybrid Camry,2024,automatic,hybrid,White,299129,A00152
V0013857,,"89951",'-,TOY,Hybrid Camry,,automatic,hybrid,White,246622,A00152
V0013861,,"34139",'-,NIS,Sunny,2024,automatic,petrol,White,598745,D00021
V0013862,,"20253","20253",JAC,S3,2023,automatic,petrol,White,70276,A00095
V0013864,,"89972",'-,TOY,Hybrid Camry,,automatic,hybrid,White,246478,A00152
V0013865,,"27329",'-,NIS,Altima,2024,automatic,petrol,Silver Grey,53300,D00021
V0013867,,"27804","27804",MIT,ASX,2024,automatic,petrol,White,84348,A00095
V0013868,,"38587",'-,NIS,Sunny,2023,automatic,petrol,White,196289,D00021
V0013869,,"64832","64832",NIS,Sunny,2024,automatic,petrol,White,84701,A00095
V0013871,,"20169","20169",MIT,Attrage,2023,automatic,petrol,Grey,86478,A00095
V0013872,,"69537",'-,MIT,Attrage,2024,automatic,petrol,Silver Grey,84042,D00021
V0013873,,"65691","65691",NIS,Sunny,2023,automatic,petrol,White,79373,A00095
V0013874,,"15410","15410",JAC,JS 4,2024,automatic,petrol,White,51002,A00095
V0013875,,"30496","30496",MIT,ASX,2024,automatic,petrol,White,110909,A00095
V0013876,,"58408",'-,MIT,CANTER EURO 5,2024,manual,diesel,White,94857,D00021
V0013883,,"90033",'-,TOY,Hybrid Camry,2024,automatic,hybrid,White,228097,A00152
V0013886,,"33864","33864",NIS,Sunny,2024,automatic,petrol,White,97319,A00095
V0013888,,"90044",'-,TOY,Hybrid Camry,2024,automatic,hybrid,White,236133,A00152
V0013892,,"53208","53208",MGM,MG5,2024,automatic,petrol,White,120890,A00095
V0013894,,"15446","15446",MIT,Attrage,2024,automatic,petrol,White,62537,A00095
V0013897,,"43758","43758",MIT,Attrage,2024,automatic,petrol,White,58691,A00095
V0013900,,"56893","56893",MIT,Attrage,2024,automatic,petrol,White,104257,A00095
V0013901,,"53142",'-,MGM,MG5,2024,automatic,petrol,Silver Grey,74685,D00021
V0013903,,"90342",'-,JAC,JS 4,2023,automatic,petrol,White,108534,D00021
V0013904,,"89682",'-,MIT,Attrage,2023,automatic,petrol,Grey,108656,D00021
V0013905,,"31936","31936",JAC,JS 4,2023,automatic,petrol,Blue,75175,A00095
V0013906,,"89989",'-,TOY,Hybrid Camry,2024,automatic,hybrid,White,242743,A00152
V0013907,,"17723",'-,NIS,Sunny,2024,automatic,petrol,Silver Grey,73592,D00021
V0013908,,"89975",'-,TOY,Hybrid Camry,2024,automatic,hybrid,White,218380,A00152
V0013909,,"89969",'-,TOY,Hybrid Camry,2024,automatic,hybrid,White,271025,A00152
V0013910,,"89994",'-,TOY,Hybrid Camry,2024,automatic,hybrid,White,250415,A00152
V0013912,,"90070",'-,TOY,Hybrid Camry,2024,automatic,hybrid,White,225000,A00152
V0013913,,"89990",'-,TOY,Hybrid Camry,2024,automatic,hybrid,White,263827,A00152
V0013915,,"50693",'-,MIT,CANTER EURO 5,2024,manual,diesel,White,143144,D00021
V0013916,,"89981",'-,TOY,Hybrid Camry,2024,automatic,hybrid,White,237394,A00152
V0013917,,"89985",'-,TOY,Hybrid Camry,2024,automatic,hybrid,White,235940,A00152
V0013919,,"90023",'-,TOY,Hybrid Camry,2024,automatic,hybrid,White,252371,A00152
V0013922,,"89945",'-,TOY,Hybrid Camry,2024,automatic,hybrid,White,204877,A00152
V0013926,,"89980",'-,TOY,Hybrid Camry,2024,automatic,hybrid,White,271891,A00152
V0013927,,"90091",'-,TOY,Hybrid Camry,,automatic,hybrid,White,247600,A00152
V0013928,,"90092",'-,TOY,Hybrid Camry,,automatic,hybrid,White,281859,A00152
V0013929,,"90096",'-,TOY,Hybrid Camry,,automatic,hybrid,White,208571,A00152
V0013931,,"90124",'-,TOY,Hybrid Camry,,automatic,hybrid,White,223261,A00152
V0013933,,"90108",'-,TOY,Hybrid Camry,,automatic,hybrid,White,256541,A00152
V0013934,,"90098",'-,TOY,Hybrid Camry,,automatic,hybrid,White,212586,A00152
V0013935,,"90101",'-,TOY,Hybrid Camry,,automatic,hybrid,White,236743,A00152
V0013936,,"90100",'-,TOY,Hybrid Camry,,automatic,hybrid,White,201013,A00152
V0013937,,"90349",'-,JAC,J7 ( SALOON ),2023,automatic,petrol,Grey,89948,D00021
V0013938,,"90010",'-,TOY,Hybrid Camry,2024,automatic,hybrid,White,297407,A00152
V0013940,,"90081",'-,TOY,Hybrid Camry,2024,automatic,hybrid,White,236165,A00152
V0013941,,"89974",'-,HYN,Sonata,,automatic,hybrid,White,105320,A00152
V0013944,,"89966",'-,TOY,Hybrid Camry,2024,automatic,hybrid,White,220695,A00152
V0013945,,"90104",'-,TOY,Hybrid Camry,,automatic,hybrid,White,229368,A00152
V0013946,,"90102",'-,TOY,Hybrid Camry,,automatic,hybrid,White,235348,A00152
V0013947,,"90095",'-,TOY,Hybrid Camry,,automatic,hybrid,White,225129,A00152
V0013948,,"90089",'-,TOY,Hybrid Camry,,automatic,hybrid,White,235556,A00152
V0013949,,"90001",'-,TOY,Hybrid Camry,2024,automatic,hybrid,White,267387,A00152
V0013954,,"90060",'-,TOY,Hybrid Camry,2024,automatic,hybrid,White,215593,A00152
V0013957,,"89986",'-,TOY,Hybrid Camry,2024,automatic,hybrid,White,226250,A00152
V0013959,,"32027","32027",TOY,Yaris,2023,automatic,petrol,White,95155,A00095
V0013960,,"89977",'-,TOY,Hybrid Camry,2024,automatic,hybrid,White,276379,A00152
V0013961,,"90090",'-,TOY,Hybrid Camry,,automatic,hybrid,White,185890,A00152
V0013962,,"90093",'-,TOY,Hybrid Camry,,automatic,hybrid,White,206122,A00152
V0013963,,"90094",'-,TOY,Hybrid Camry,2024,automatic,hybrid,White,240282,A00152
V0013965,,"90107",'-,TOY,Hybrid Camry,,automatic,hybrid,White,226616,A00152
V0013966,,"90186",'-,TOY,Innova,,automatic,petrol,White,223220,A00152
V0013967,,"90187",'-,TOY,Innova,,automatic,petrol,White,143287,A00152
V0013969,,"90189",'-,TOY,Innova,,automatic,petrol,White,70296,A00152
V0013970,,"90050",'-,TOY,Hybrid Camry,2025,automatic,hybrid,White,270272,A00152
V0013974,,"90034",'-,TOY,Hybrid Camry,2024,automatic,hybrid,White,213274,A00152
V0013975,,"89934",'-,TOY,Hybrid Camry,2024,automatic,hybrid,White,250026,A00152
V0013977,,"90040",'-,TOY,Hybrid Camry,2024,automatic,hybrid,White,233636,A00152
V0013979,,"89983",'-,TOY,Hybrid Camry,2024,automatic,hybrid,White,247264,A00152
V0013981,,"90106",AA106,TOY,Hybrid Camry,,automatic,hybrid,White,241706,A00152
V0013982,,"90103",'-,TOY,Hybrid Camry,,automatic,hybrid,White,210632,A00152
V0013984,,"90128",'-,TOY,Hybrid Camry,,automatic,hybrid,White,221244,A00152
V0013985,,"90126",'-,TOY,Hybrid Camry,,automatic,hybrid,White,198033,A00152
V0013986,,"90123",'-,TOY,Hybrid Camry,2024,automatic,hybrid,White,289810,A00152
V0013987,,"90127",'-,TOY,Hybrid Camry,,automatic,hybrid,White,226727,A00152
V0013988,,"90118",'-,TOY,Hybrid Camry,,automatic,hybrid,White,225056,A00152
V0013989,,"90122",'-,TOY,Hybrid Camry,2024,automatic,hybrid,White,196545,A00152
V0013990,,"90119",'-,TOY,Hybrid Camry,2024,automatic,hybrid,White,187717,A00152
V0013991,,"90125",'-,TOY,Hybrid Camry,,automatic,hybrid,White,195036,A00152
V0013992,,"90121",'-,TOY,Hybrid Camry,,automatic,hybrid,White,221499,A00152
V0013993,,"90117",'-,TOY,Hybrid Camry,,automatic,hybrid,White,219001,A00152
V0013994,,"90116",'-,TOY,Hybrid Camry,,automatic,hybrid,White,217328,A00152
V0013995,,"90112",'-,TOY,Hybrid Camry,,automatic,hybrid,White,246863,A00152
V0013996,,"90115",'-,TOY,Hybrid Camry,,automatic,hybrid,White,236496,A00152
V0013997,,"90130",'-,TOY,Hybrid Camry,,automatic,hybrid,White,222027,A00152
V0013998,,"90142",'-,HYN,Sonata,,automatic,hybrid,White,134860,A00152
V0013999,,"90162",'-,TOY,Hybrid Camry,,automatic,hybrid,White,225264,A00152
V0014001,,"90185",'-,TOY,Innova,,automatic,petrol,White,235424,A00152
V0014004,,"89957",'-,TOY,Hybrid Camry,2024,automatic,hybrid,White,257871,A00152
V0014005,,"90036",'-,TOY,Hybrid Camry,2024,automatic,hybrid,White,277752,A00152
V0014007,,"90006",'-,TOY,Hybrid Camry,2024,automatic,hybrid,White,251706,A00152
V0014009,,"89965",'-,TOY,Hybrid Camry,2024,automatic,hybrid,White,231002,A00152
V0014011,,"90014",'-,HYN,Sonata,,automatic,hybrid,White,101926,A00152
V0014012,,"61879","61879",MIT,ASX,2024,automatic,petrol,White,79524,A00095
V0014015,,"89954",'-,TOY,Hybrid Camry,2024,automatic,hybrid,White,207768,A00152
V0014016,,"90134",'-,TOY,Hybrid Camry,,automatic,hybrid,White,184922,A00152
V0014017,,"90046",'-,TOY,Hybrid Camry,2024,automatic,hybrid,White,285486,A00152
V0014018,,"90141",'-,TOY,Hybrid Camry,,automatic,hybrid,White,182647,A00152
V0014019,,"90148",'-,TOY,Hybrid Camry,,automatic,hybrid,White,227807,A00152
V0014020,,"90109",'-,TOY,Hybrid Camry,,automatic,hybrid,White,204241,A00152
V0014021,,"90167",'-,TOY,Hybrid Camry,,automatic,hybrid,White,242856,A00152
V0014022,,"90165",'-,TOY,Hybrid Camry,,automatic,hybrid,White,208664,A00152
V0014023,,"90132",'-,TOY,Hybrid Camry,,automatic,hybrid,White,180092,A00152
V0014024,,"89935",'-,TOY,Hybrid Camry,2024,automatic,hybrid,White,228535,A00152
V0014025,,"90009",'-,TOY,Hybrid Camry,2025,automatic,hybrid,White,284492,A00152
V0014026,,"90025",'-,TOY,Hybrid Camry,2024,automatic,hybrid,White,236337,A00152
V0014027,,"90028",'-,TOY,Hybrid Camry,2024,automatic,hybrid,White,202347,A00152
V0014028,,"90110",'-,TOY,Hybrid Camry,,automatic,hybrid,White,177932,A00152
V0014029,,"90136",'-,TOY,Hybrid Camry,,automatic,hybrid,White,223943,A00152
V0014030,,"90135",'-,TOY,Hybrid Camry,,automatic,hybrid,White,180035,A00152
V0014031,,"90153",'-,HYN,Sonata,,automatic,hybrid,White,105650,A00152
V0014032,,"90160",'-,TOY,Hybrid Camry,,automatic,hybrid,White,252842,A00152
V0014033,,"90120",'-,TOY,Hybrid Camry,,automatic,hybrid,White,231137,A00152
V0014035,,"50472","50472",MIT,Attrage,2024,automatic,petrol,White,79664,A00095
V0014038,,"90086",'-,TOY,Hybrid Camry,2024,automatic,hybrid,White,213496,A00152
V0014042,,"89944",'-,TOY,Hybrid Camry,2024,automatic,hybrid,White,271612,A00152
V0014043,,"90954",'-,NIS,Patrol,2024,automatic,petrol,White,69744,D00021
V0014044,,"90140",'-,TOY,Hybrid Camry,,automatic,hybrid,White,236272,A00152
V0014045,,"90156",'-,TOY,Hybrid Camry,,automatic,hybrid,White,222939,A00152
V0014046,,"90170",'-,TOY,Hybrid Camry,,automatic,hybrid,White,196313,A00152
V0014047,,"90172",'-,HYN,Sonata,,automatic,hybrid,White,121662,A00152
V0014048,,"90169",'-,TOY,Hybrid Camry,2024,automatic,hybrid,White,215511,A00152
V0014049,,"19639","19639",JAC,JS 4,2024,automatic,petrol,Grey,87000,A00095
V0014050,,"17292","17292",NIS,Sunny,2024,automatic,petrol,White,100654,A00095
V0014051,,"22189","22189",MIT,Attrage,2024,automatic,petrol,Grey,143004,A00095
V0014053,,"90045",'-,TOY,Hybrid Camry,2024,automatic,hybrid,White,235801,A00152
V0014054,,"89963",'-,TOY,Hybrid Camry,2024,automatic,hybrid,White,240564,A00152
V0014055,,"90035",'-,TOY,Hybrid Camry,2024,automatic,hybrid,White,213804,A00152
V0014056,,"90145",'-,TOY,Hybrid Camry,,automatic,hybrid,White,239893,A00152
V0014057,,"90147",'-,TOY,Hybrid Camry,,automatic,hybrid,White,215853,A00152
V0014058,,"90144",'-,TOY,Hybrid Camry,,automatic,hybrid,White,217989,A00152
V0014059,,"90018",'-,TOY,Hybrid Camry,2024,automatic,hybrid,White,234722,A00152
V0014061,,"90069",'-,HYN,Sonata,,automatic,hybrid,White,97800,A00152
V0014062,,"89952",'-,TOY,Hybrid Camry,2024,automatic,hybrid,White,255021,A00152
V0014063,,"89970",'-,TOY,Hybrid Camry,2024,automatic,hybrid,White,229911,A00152
V0014066,,"90129",'-,TOY,Hybrid Camry,,automatic,hybrid,White,175231,A00152
V0014067,,"90150",'-,TOY,Hybrid Camry,,automatic,hybrid,White,221937,A00152
V0014068,,"90154",'-,TOY,Hybrid Camry,,automatic,hybrid,White,264018,A00152
V0014069,,"90139",'-,TOY,Hybrid Camry,,automatic,hybrid,White,249867,A00152
V0014070,,"90159",'-,HYN,Sonata,,automatic,hybrid,White,131501,A00152
V0014071,,"90137",'-,TOY,Hybrid Camry,,automatic,hybrid,White,202391,A00152
V0014072,,"89943",'-,TOY,Hybrid Camry,2024,automatic,hybrid,White,219743,A00152
V0014074,,"22486",'-,NIS,Sunny,2024,automatic,petrol,White,62724,D00021
V0014075,,"50699",'-,MIT,CANTER EURO 5,2024,manual,diesel,White,138266,D00021
V0014077,,"90061",'-,TOY,Hybrid Camry,2024,automatic,hybrid,White,234489,A00152
V0014078,,"90032",'-,TOY,Hybrid Camry,2024,automatic,hybrid,White,240351,A00152
V0014079,,"90163",'-,TOY,Hybrid Camry,,automatic,hybrid,White,235967,A00152
V0014080,,"90152",'-,TOY,Hybrid Camry,,automatic,hybrid,White,209484,A00152
V0014081,,"90158",'-,TOY,Hybrid Camry,,automatic,hybrid,White,219600,A00152
V0014082,,"90146",'-,TOY,Hybrid Camry,,automatic,hybrid,White,261510,A00152
V0014083,,"90155",'-,TOY,Hybrid Camry,,automatic,hybrid,White,238875,A00152
V0014084,,"90157",'-,TOY,Hybrid Camry,,automatic,hybrid,White,236846,A00152
V0014085,,"90164",'-,TOY,Hybrid Camry,,automatic,hybrid,White,227285,A00152
V0014086,,"90168",'-,HYN,Sonata,,automatic,hybrid,White,116394,A00152
V0014087,,"90149",'-,TOY,Hybrid Camry,,automatic,hybrid,White,238694,A00152
V0014088,,"90151",'-,TOY,Hybrid Camry,,automatic,hybrid,White,193755,A00152
V0014089,"2599","82568",'-,NIS,Altima,,automatic,petrol,Silver Grey,237840,C00002
V0014090,,"90008",'-,TOY,Hybrid Camry,,automatic,hybrid,White,243156,A00152
V0014091,,"89992",'-,TOY,Hybrid Camry,2024,automatic,hybrid,White,247886,A00152
V0014093,,"89937",'-,TOY,Hybrid Camry,2024,automatic,hybrid,White,243402,A00152
V0014094,,"90007",'-,TOY,Hybrid Camry,2024,automatic,hybrid,White,231357,A00152
V0014095,,"90004",'-,TOY,Hybrid Camry,2024,automatic,hybrid,White,217345,A00152
V0014097,,"39314","39314",MGM,MG5,2024,automatic,petrol,White,65635,A00095
V0014098,,"70783","70783",MIT,Attrage,2023,automatic,petrol,White,100869,A00095
V0014099,,"90161",'-,TOY,Hybrid Camry,,automatic,hybrid,White,204718,A00152
V0014100,,"90166",'-,TOY,Hybrid Camry,,automatic,hybrid,White,2514411,A00152
V0014101,,"90173",'-,TOY,Hybrid Camry,,automatic,hybrid,White,198323,A00152
V0014102,,"90174",'-,TOY,Hybrid Camry,,automatic,hybrid,White,225183,A00152
V0014103,,"90175",'-,TOY,Hybrid Camry,,automatic,hybrid,White,228800,A00152
V0014104,,"90176",'-,TOY,Hybrid Camry,,automatic,hybrid,White,234135,A00152
V0014105,,"90177",'-,TOY,Hybrid Camry,,automatic,hybrid,White,244691,A00152
V0014106,,"90178",'-,TOY,Hybrid Camry,,automatic,hybrid,White,227644,A00152
V0014107,,"90179",'-,TOY,Hybrid Camry,,automatic,hybrid,White,249486,A00152
V0014108,,"90180",'-,TOY,Hybrid Camry,,automatic,hybrid,White,249203,A00152
V0014109,,"90181",'-,TOY,Hybrid Camry,,automatic,hybrid,White,217531,A00152
V0014110,,"90182",'-,TOY,Hybrid Camry,,automatic,hybrid,White,216881,A00152
V0014111,,"90183",'-,TOY,Hybrid Camry,,automatic,hybrid,White,246679,A00152
V0014112,,"90184",'-,TOY,Hybrid Camry,,automatic,hybrid,White,168472,A00152
V0014113,,"90029",'-,TOY,Hybrid Camry,2024,automatic,hybrid,White,200154,A00152
V0014114,,"89958",'-,TOY,Hybrid Camry,2024,automatic,hybrid,White,251060,A00152
V0014115,,"89941",'-,TOY,Hybrid Camry,2024,automatic,hybrid,White,248500,A00152
V0014116,,"89940",'-,TOY,Hybrid Camry,2024,automatic,hybrid,White,191835,A00152
V0014117,,"90022",'-,TOY,Hybrid Camry,2024,automatic,hybrid,White,265616,A00152
V0014120,,"5101","5101",TOY,Camry,2024,automatic,petrol,Silver Grey,329330,A00115
V0014123,,"90011",'-,TOY,Hybrid Camry,2024,automatic,hybrid,White,224792,A00152
V0014124,,"90024",'-,TOY,Hybrid Camry,2024,automatic,hybrid,White,203553,A00152
V0014126,,"14663","14663",MIT,Attrage,2023,automatic,petrol,White,119624,A00095
V0014127,,"63297","63297",MIT,Attrage,2024,automatic,petrol,White,41849,A00095
V0014128,,"89950",'-,TOY,Hybrid Camry,2024,automatic,hybrid,White,283158,A00152
V0014129,,"90002",'-,HYN,Sonata,,automatic,hybrid,White,1163380,A00152
V0014130,,"90082",'-,HYN,Sonata,,automatic,hybrid,White,130228,A00152
V0014131,,"90016",'-,TOY,Hybrid Camry,2024,automatic,hybrid,White,220528,A00152
V0014135,,"90020",'-,TOY,Hybrid Camry,2024,automatic,hybrid,White,217644,A00152
V0014136,,"89991",'-,TOY,Hybrid Camry,2024,automatic,hybrid,White,246952,A00152
V0014138,,"89960",'-,TOY,Hybrid Camry,2024,automatic,hybrid,White,259104,A00152
V0014139,,"90030",'-,TOY,Hybrid Camry,2024,automatic,hybrid,White,258494,A00152
V0014140,,"89973",'-,HYN,Sonata,2024,automatic,hybrid,White,97738,A00152
V0014141,,"90017",'-,TOY,Hybrid Camry,2024,automatic,hybrid,White,200010,A00152
V0014142,,"89936",'-,TOY,Hybrid Camry,2024,automatic,hybrid,White,280395,A00152
V0014143,,"89967",'-,TOY,Hybrid Camry,2024,automatic,hybrid,White,238137,A00152
V0014144,,"90027",'-,TOY,Hybrid Camry,2024,automatic,hybrid,White,230813,A00152
V0014145,,"90005",'-,TOY,Hybrid Camry,2024,automatic,hybrid,White,217715,A00152
V0014146,,"5507","5507",TOY,Hybrid Camry,2024,automatic,hybrid,Silver/White,317291,A00115
V0014147,,"89964",'-,TOY,Hybrid Camry,2024,automatic,hybrid,White,279035,A00152
V0014148,,"90113",'-,TOY,Hybrid Camry,,automatic,hybrid,White,237656,A00152
V0014149,,"48740",'-,MGM,MG5,2024,automatic,petrol,White,59830,D00021
V0014151,,"50711",'-,MIT,CANTER EURO 5,2024,manual,diesel,White,145028,D00021
V0014153,,"89968",'-,TOY,Hybrid Camry,2024,automatic,hybrid,White,229632,A00152
V0014156,,"90055",'-,TOY,Hybrid Camry,2024,automatic,hybrid,White,217503,A00152
V0014158,,"90088",'-,TOY,Hybrid Camry,2024,automatic,hybrid,White,222023,A00152
V0014159,"2605","88041",'-,FOR,Explorer,2016,automatic,petrol,Black,231639,C00002
V0014160,,"89956",'-,TOY,Hybrid Camry,,automatic,hybrid,White,231159,A00152
V0014161,,"87528",'-,TOY,Fortuner,2024,automatic,petrol,White/Grey,88806,D00021
V0014163,,"9366","9366",TOY,Hybrid Camry,2024,automatic,hybrid,Silver/White,366263,A00115
V0014164,,"51925",'-,MIT,Attrage,2024,automatic,petrol,White,86608,D00021
V0014165,,"89932",'-,TOY,Hybrid Camry,2024,automatic,hybrid,White,192511,A00152
V0014168,,"89938",'-,TOY,Hybrid Camry,2024,automatic,hybrid,White,207236,A00152
V0014169,,"63387",'-,MIT,Attrage,2024,automatic,petrol,Silver Grey,65445,D00021
V0014170,,"9252","9252",TOY,Hybrid Camry,2024,automatic,hybrid,White,359363,A00115
V0014171,,"89962",'-,TOY,Hybrid Camry,2024,automatic,hybrid,White,195543,A00152
V0014172,,"90015",'-,TOY,Hybrid Camry,2024,automatic,hybrid,White,212735,A00152
V0014173,,"85978",'-,JAC,JS 4,2023,automatic,petrol,Blue,74645,D00021
V0014174,,"89959",'-,TOY,Hybrid Camry,2024,automatic,hybrid,White,205318,A00152
V0014176,,"72915",'-,MIT,Attrage,2023,automatic,petrol,Grey,86933,D00021
V0014179,,"90026",'-,TOY,Hybrid Camry,2024,automatic,hybrid,White,252851,A00152
V0014180,,"89961",'-,TOY,Hybrid Camry,2024,automatic,hybrid,White,227195,A00152
V0014181,,"56962",'-,MIT,Attrage,2024,automatic,petrol,Grey,134881,D00021
V0014185,,"5429","5429",TOY,Camry,2024,automatic,petrol,Silver Grey,314969,A00115
V0014186,,"58727",'-,JAC,J7 ( SALOON ),2023,automatic,petrol,White,55505,D00021
V0014187,,"62356",'-,MIT,Attrage,2023,automatic,petrol,Grey,77762,D00021
V0014188,"1865","91330",'-,MIT,CANTER EURO 5,,manual,diesel,White,141309,P00022
V0014193,,"89356",'-,TOY,Hybrid Camry,,automatic,hybrid,White,184992,A00152
V0014194,,"90199",'-,TOY,Innova,,automatic,hybrid,White,134784,A00152
V0014197,,"9308","9308",TOY,Hybrid Camry,2024,automatic,hybrid,Silver/Beige,392026,A00115
V0014202,,"90208",'-,TOY,Innova,,automatic,hybrid,White,283527,A00152
V0014203,,"90209",'-,TOY,Innova,,automatic,hybrid,White,184077,A00152
V0014204,,"90211",'-,TOY,Hybrid Camry,,automatic,hybrid,White,228669,A00152
V0014205,,"19628","19628",JAC,J7 ( SALOON ),2024,automatic,petrol,Grey,114803,A00133
V0014208,,"90190",'-,TOY,Innova,,automatic,hybrid,White,205493,A00152
V0014209,,"90191",'-,TOY,Innova,,automatic,hybrid,White,250011,A00152
V0014210,,"90192",'-,TOY,Innova,,automatic,hybrid,White,214830,A00152
V0014211,,"90193",'-,TOY,Innova,,automatic,hybrid,White,301393,A00152
V0014212,,"90194",'-,TOY,Innova,,automatic,hybrid,White,265032,A00152
V0014213,,"90195",'-,TOY,Innova,,automatic,hybrid,White,269866,A00152
V0014214,,"90196",'-,TOY,Innova,,automatic,hybrid,White,238235,A00152
V0014215,,"90197",'-,TOY,Innova,,automatic,hybrid,White,260439,A00152
V0014216,,"90198",'-,TOY,Innova,,automatic,hybrid,White,240784,A00152
V0014217,,"90200",'-,TOY,Innova,,automatic,hybrid,White,169142,A00152
V0014219,,"90202",'-,TOY,Innova,,automatic,hybrid,White,248726,A00152
V0014220,,"90203",'-,TOY,Innova,,automatic,hybrid,White,203485,A00152
V0014221,,"90204",'-,TOY,Innova,,automatic,hybrid,White,241528,A00152
V0014222,,"90205",'-,TOY,Innova,,automatic,hybrid,White,208325,A00152
V0014223,,"90206",'-,TOY,Innova,,automatic,hybrid,White,165041,A00152
V0014224,,"90210",'-,TOY,Hybrid Camry,,automatic,hybrid,White,217233,A00152
V0014228,,"90143",'-,TOY,Hybrid Camry,2024,automatic,hybrid,White,205838,A00152
V0014235,,"90207",'-,TOY,Innova,,automatic,hybrid,White,203530,A00152
V0014236,,"35683",'-,MGM,MG5,2023,automatic,petrol,White,62959,D00021
V0014238,,"89949",'-,TOY,Hybrid Camry,2024,automatic,hybrid,White,221491,A00152
V0014240,,"89947",'-,TOY,Hybrid Camry,2024,automatic,hybrid,White,203228,A00152
V0014241,,"87362",'-,MIT,Attrage,2024,automatic,petrol,Silver Grey,77744,D00021
V0014242,,"88703",'-,MIT,Attrage,2024,automatic,petrol,Grey,72086,D00021
V0014244,,"90019",'-,TOY,Hybrid Camry,2024,automatic,hybrid,White,272849,A00152
V0014252,,"31779","31779",MGM,MG5,2024,automatic,petrol,Silver Grey,65191,A00095
V0014254,,"90031",'-,TOY,Hybrid Camry,2024,automatic,hybrid,White,234317,A00152
V0014258,,"89933",'-,TOY,Hybrid Camry,2024,automatic,hybrid,White,200984,A00152
V0014260,,"89055",'-,TOY,Hilux,2024,automatic,petrol,White,72659,D00021
V0014261,,"58411",'-,MIT,CANTER EURO 5,2024,manual,diesel,White,135031,D00021
V0014262,,"89131",'-,JAC,J7 ( SALOON ),2024,automatic,petrol,Grey,72666,D00021
V0014264,,"89995",'-,TOY,Hybrid Camry,2024,automatic,hybrid,White,200582,A00152
V0014265,,"90013",'-,HYN,Sonata,,automatic,hybrid,White,110247,A00152
V0014266,,"90048",'-,TOY,Hybrid Camry,2024,automatic,hybrid,White,147176,A00152
V0014267,,"90049",'-,TOY,Hybrid Camry,2024,automatic,hybrid,White,226068,A00152
V0014268,,"90051",'-,TOY,Hybrid Camry,2024,automatic,hybrid,White,122792,A00152
V0014269,,"90052",'-,TOY,Hybrid Camry,2024,automatic,hybrid,White,180947,A00152
V0014270,,"90054",'-,TOY,Hybrid Camry,2024,automatic,hybrid,White,226563,A00152
V0014271,,"90056",'-,TOY,Hybrid Camry,2024,automatic,hybrid,White,271919,A00152
V0014272,,"90057",'-,TOY,Hybrid Camry,2024,automatic,hybrid,White,215890,A00152
V0014273,,"90058",'-,TOY,Hybrid Camry,2024,automatic,hybrid,White,213800,A00152
V0014274,,"90111",'-,TOY,Hybrid Camry,2024,automatic,hybrid,White,213620,A00152
V0014275,,"98150",'-,MIT,Attrage,2024,automatic,petrol,Silver Grey,89979,A00095
V0014276,,"90131",'-,TOY,Hybrid Camry,2024,automatic,hybrid,White,222382,A00152
V0014279,,"68409","68409",MGM,MG5,2024,automatic,petrol,White,69134,A00095
V0014281,,"90059",'-,TOY,Hybrid Camry,2024,automatic,hybrid,White,200544,A00152
V0014282,,"90062",'-,TOY,Hybrid Camry,2024,automatic,hybrid,White,168122,A00152
V0014283,,"90063",'-,TOY,Hybrid Camry,2024,automatic,hybrid,White,208114,A00152
V0014284,,"90064",'-,HYN,Sonata,,automatic,hybrid,White,133458,A00152
V0014285,,"90065",'-,TOY,Hybrid Camry,2024,automatic,hybrid,White,191280,A00152
V0014286,,"90066",'-,TOY,Hybrid Camry,2024,automatic,hybrid,White,208519,A00152
V0014287,,"90067",'-,TOY,Hybrid Camry,2024,automatic,hybrid,White,178312,A00152
V0014288,,"90068",'-,TOY,Hybrid Camry,2024,automatic,hybrid,White,217287,A00152
V0014289,,"90071",'-,TOY,Hybrid Camry,2024,automatic,hybrid,White,196275,A00152
V0014290,,"90072",'-,HYN,Sonata,,automatic,hybrid,White,130059,A00152
V0014291,,"90073",'-,TOY,Hybrid Camry,2024,automatic,hybrid,White,180922,A00152
V0014292,,"90074",'-,TOY,Hybrid Camry,2024,automatic,hybrid,White,210316,A00152
V0014293,,"90075",'-,TOY,Hybrid Camry,2024,automatic,hybrid,White,227075,A00152
V0014294,,"90076",'-,TOY,Hybrid Camry,2024,automatic,hybrid,White,216816,A00152
V0014295,,"90077",'-,TOY,Hybrid Camry,2024,automatic,hybrid,White,193275,A00152
V0014296,,"90079",'-,TOY,Hybrid Camry,2024,automatic,hybrid,White,178095,A00152
V0014297,,"90080",'-,HYN,Sonata,,automatic,hybrid,White,131920,A00152
V0014298,,"90083",'-,TOY,Hybrid Camry,2024,automatic,hybrid,White,224400,A00152
V0014299,,"90084",'-,TOY,Hybrid Camry,2024,automatic,hybrid,White,182179,A00152
V0014300,,"90085",'-,TOY,Hybrid Camry,2024,automatic,hybrid,White,234065,A00152
V0014301,,"31942",'-,MIT,ASX,2024,automatic,petrol,White,100984,D00021
V0014302,,"81240","81240",JAC,J7 ( SALOON ),2024,automatic,petrol,White,96731,A00095
V0014303,,"70328","70328",JAC,S3,2023,automatic,petrol,White,94690,A00095
V0014304,,"25877","25877",JAC,J7 ( SALOON ),2022,automatic,petrol,Grey,113311,A00095
V0014305,,"51365",'-,NIS,Patrol,2023,automatic,petrol,White,135734,D00021
V0014309,,"31937",'-,TOY,Camry,2023,automatic,petrol,White,126195,D00021
V0014311,,"90138",'-,TOY,Hybrid Camry,2024,automatic,hybrid,White,225382,A00152
V0014313,,"90171",'-,TOY,Hybrid Camry,2024,automatic,hybrid,White,238330,A00152
V0014315,,"65698",'-,NIS,Sunny,2023,automatic,petrol,White,200825,D00021
V0014319,,"70634",'-,MIT,Attrage,2024,automatic,petrol,Silver Grey,97025,A00095
V0014320,,"42028",'-,MIT,Attrage,2024,automatic,petrol,White,79957,A00095
V0014324,,"43771","43771",RAB,RABDAN 1,2023,automatic,petrol,Blue,56607,A00095
V0014332,,"98623","98623",NIS,Sunny,2024,automatic,petrol,White,73016,A00095
V0014335,,"5173","5173",TOY,Hybrid Camry,2024,automatic,petrol,Silver Grey,362547,A00115
V0014345,,"9242","9242",TOY,Hybrid Camry,2024,automatic,hybrid,Silver Grey,402075,A00115
V0014347,,"37606","37606",MIT,Attrage,2023,automatic,petrol,White,97578,A00095
V0014348,,"15290",'-,MIT,CANTER EURO 5,2024,manual,diesel,White,186810,D00021
V0014350,,"24289","24289",JAC,S3,2023,automatic,petrol,White,71629,A00095
V0014352,,"5337","5337",TOY,Hybrid Camry,2024,automatic,hybrid,Silver Grey,413490,A00115
V0014354,,"5387","5387",TOY,Hybrid Camry,2025,automatic,hybrid,Silver Grey,481390,A00115
V0014355,,"31685","31685",MGM,MG5,2024,automatic,petrol,White,83066,A00095
V0014356,,"5745","5745",TOY,Hybrid Camry,2024,automatic,hybrid,Silver Grey,411549,A00115
V0014365,,"90114",'-,TOY,Hybrid Camry,2024,automatic,petrol,White,214938,A00152
V0014366,,"26481",'-,NIS,Sunny,2024,automatic,petrol,White,109649,D00021
V0014367,,"75398",'-,NIS,Sunny,2024,automatic,petrol,White,77959,D00021
V0014368,,"38089","38089",NIS,Urvan,2024,manual,petrol,White,168379,A00095
V0014372,,"54938",'-,MIT,Attrage,2023,automatic,petrol,White,89021,D00021
V0014374,,"85097",'-,MIT,XPANDER,2024,automatic,petrol,White,99904,D00021
V0014379,,"42754",'-,NIS,Urvan,2024,automatic,petrol,White,120602,D00021
V0014380,,"5475","5475",TOY,Hybrid Camry,2024,automatic,hybrid,Silver/Beige,385411,A00115
V0014381,,"19549",'-,RAB,RABDAN 1,2023,automatic,petrol,White,53065,D00021
V0014382,,"88901",'-,JAC,JS 4,2023,automatic,petrol,White,71024,D00021
V0014384,,"72183",'-,RAB,RABDAN 1,,automatic,petrol,Unknown color,47538,D00021
V0014391,,"46638","46638",MIT,Montero,2024,automatic,petrol,Grey,126647,A00095
V0014393,,"18273",'-,NIS,Sunny,2024,automatic,petrol,White,72448,D00021
V0014394,,"96151",'-,JAC,J7,2024,automatic,petrol,Grey,69322,D00021
V0014396,,"36475",'-,MIT,ASX,2024,automatic,petrol,White,62131,D00021
V0014406,,"48028","48028",NIS,Sunny,2024,automatic,petrol,White,91577,A00095
V0014407,,"25680","25680",MIT,Attrage,2024,automatic,petrol,Silver Grey,47606,A00095
V0014408,,"19276",'-,MIT,XPANDER,2024,automatic,petrol,White,111946,D00021
V0014409,,"50731",'-,MIT,Rosa,2024,automatic,diesel,White,221742,D00021
V0014410,,"89058","89058",TOY,Hilux,2024,automatic,petrol,Pearl White,82982,A00095
V0014412,,"56129",'-,MIT,Attrage,2024,automatic,petrol,White,89197,D00021
V0014414,,"37088","37088",JAC,JS 4,2024,automatic,petrol,Blue,97599,A00095
V0014416,,"5671","5671",TOY,Hybrid Camry,2024,automatic,hybrid,Silver Grey,348120,A00115
V0014418,,"5453","5453",TOY,Hybrid Camry,2024,automatic,hybrid,Silver Grey,449323,A00115
V0014421,,"91671",'-,TOY,Fortuner,2024,automatic,petrol,White,92496,D00021
V0014422,,"64134",'-,NIS,Sunny,2024,automatic,petrol,White,100150,D00021
V0014423,,"39186",'-,MGM,MG5,2024,automatic,petrol,White,66987,D00021
V0014426,,"5862","5862",TOY,Camry,2024,automatic,petrol,Silver/Beige,310226,A00115
V0014429,,"99347",'-,MIT,Attrage,,automatic,petrol,Grey,92056,D00021
V0014430,,"42151",'-,NIS,Sunny,2023,automatic,petrol,White,106853,D00021
V0014432,,"98624","98624",NIS,Sunny,2024,automatic,petrol,White,100568,A00095
V0014435,,"56132",'-,MIT,Attrage,2024,automatic,petrol,White,128412,D00021
V0014438,,"31930",'-,TOY,Camry,2023,automatic,petrol,White,76523,D00021
V0014439,,"6069","6069",TOY,Hybrid Camry,2024,automatic,hybrid,Silver/Beige,368462,A00115
V0014440,,"5237","5237",TOY,Camry,2024,automatic,petrol,Silver/Beige,330912,A00115
V0014445,,"5160","5160",TOY,Innova Hybrid,2024,automatic,hybrid,White,311911,A00115
V0014446,,"5796","5796",TOY,Innova Hybrid,2024,automatic,hybrid,White,368565,A00115
V0014447,,"9238","9238",TOY,Innova Hybrid,2024,automatic,hybrid,White,333180,A00115
V0014449,,"5139","5139",TOY,Innova Hybrid,2024,automatic,hybrid,White,332928,A00115
V0014450,,"5276","5276",TOY,Innova Hybrid,2024,automatic,hybrid,White,304522,A00115
V0014451,,"5595","5595",TOY,Innova Hybrid,2024,automatic,hybrid,White,352773,A00115
V0014452,,"9286","9286",TOY,Innova Hybrid,,automatic,hybrid,White,259683,A00115
V0014453,,"5658","5658",TOY,Innova Hybrid,2024,automatic,hybrid,White,388004,A00115
V0014454,,"5247","5247",TOY,Innova Hybrid,2024,automatic,hybrid,White,281169,A00115
V0014456,,"5798","5798",TOY,Innova Hybrid,2024,automatic,hybrid,White,313155,A00115
V0014457,,"5986","5986",TOY,Camry,2024,automatic,petrol,Silver/Beige,409650,A00115
V0014458,,"20584","20584",MIT,ASX,2024,automatic,petrol,White,57900,A00095
V0014459,,"63830","62830",NIS,Urvan,2024,automatic,petrol,White,101637,A00095
V0014460,,"19652","19652",RAB,RABDAN 1,2023,automatic,petrol,White,65036,A00095
V0014462,,"28450","28450",RAB,RABDAN 1,2023,automatic,petrol,Grey,78890,A00095
V0014463,,"75248","75248",JAC,J7 ( SALOON ),2024,automatic,petrol,White,60594,A00095
V0014465,,"68983",'-,NIS,Sunny,2024,automatic,petrol,White,84200,D00021
V0014468,,"26713","26713",NIS,Sunny,2024,automatic,petrol,White,100136,A00095
V0014470,,"69587",'-,JAC,JS 4,2023,automatic,petrol,White,63729,D00021
V0014472,,"42754",'-,MIT,CANTER EURO 5,2024,manual,diesel,White,146326,D00021
V0014479,,"69884","69881",MIT,Rosa,2024,automatic,petrol,Yellow,61000,A00095
V0014482,,"89179",'-,TOY,Hybrid Camry,,automatic,hybrid,White,193147,A00152
V0014483,,"89417",'-,TOY,Hybrid Camry,,automatic,hybrid,White,208979,A00152
V0014484,,"89436",'-,TOY,Hybrid Camry,,automatic,hybrid,White,237592,A00152
V0014486,,"89506",'-,TOY,Hybrid Camry,2024,automatic,hybrid,White,227442,A00152
V0014487,,"89583",'-,TOY,Hybrid Camry,,automatic,hybrid,White,215154,A00152
V0014488,,"89172",'-,TOY,Hybrid Camry,,automatic,hybrid,White,223213,A00152
V0014489,,"89827",'-,TOY,Hybrid Camry,,automatic,hybrid,White,194194,A00152
V0014490,,"89895",'-,TOY,Hybrid Camry,,automatic,hybrid,White,221095,A00152
V0014491,,"89902",'-,TOY,Hybrid Camry,2024,automatic,hybrid,White,230747,A00152
V0014493,,"5299","5299",TOY,Hybrid Camry,2024,automatic,hybrid,Silver/Beige,409561,A00115
V0014495,,"57235","57235",CHN,ALSVIN,2024,automatic,petrol,White,190744,A00158
V0014498,,"89275",'-,TOY,Hybrid Camry,,automatic,hybrid,White,182551,A00152
V0014500,,"89456",'-,TOY,Hybrid Camry,,automatic,hybrid,White,213783,A00152
V0014501,,"89491",'-,TOY,Hybrid Camry,2024,automatic,hybrid,White,215501,A00152
V0014502,,"89533",'-,TOY,Hybrid Camry,2024,automatic,hybrid,White,232392,A00152
V0014503,,"89545",'-,TOY,Hybrid Camry,,automatic,hybrid,White,187081,A00152
V0014504,,"89603",'-,TOY,Hybrid Camry,,automatic,hybrid,White,225936,A00152
V0014505,,"89663",'-,TOY,Hybrid Camry,,automatic,hybrid,White,172800,A00152
V0014506,,"89670",'-,TOY,Hybrid Camry,,automatic,hybrid,White,220579,A00152
V0014507,,"89757",'-,TOY,Hybrid Camry,,automatic,hybrid,White,196803,A00152
V0014508,,"89836",'-,TOY,Hybrid Camry,,automatic,hybrid,White,200295,A00152
V0014509,,"89839",'-,TOY,Hybrid Camry,,automatic,hybrid,White,207917,A00152
V0014510,,"89847",'-,TOY,Hybrid Camry,,automatic,hybrid,White,192620,A00152
V0014511,,"89889",'-,TOY,Hybrid Camry,,automatic,hybrid,White,180040,A00152
V0014512,,"92082","92082",PEU,LANDTREK,2024,automatic,petrol,White,55236,M00131
V0014514,,"57230","57230",CHN,ALSVIN,2024,automatic,petrol,White,110323,A00158
V0014515,,"57229","57229",CHN,ALSVIN,2024,automatic,petrol,White,2233470,A00158
V0014516,,"57221","57221",CHN,ALSVIN,2024,automatic,petrol,White,180001,A00158
V0014517,,"57228","58227",CHN,ALSVIN,2024,automatic,petrol,White,155899,A00158
V0014519,,"57233",'-,CHN,ALSVIN,2024,automatic,petrol,White,253252,A00158
V0014522,,"57218",'-,CHN,CS 35 PLUS,2024,automatic,petrol,Silver Grey,128066,A00158
V0014524,,"72359","72359",JAC,J7 ( SALOON ),2024,automatic,petrol,Grey,63163,A00095
V0014525,,"31743","31743",MGM,MG5,2024,automatic,petrol,White,117645,A00095
V0014526,,"56621",'-,MIT,Rosa,2024,automatic,petrol,White,175580,D00021
V0014527,,"56952",'-,MIT,Rosa,2024,manual,diesel,White,223584,D00021
V0014528,,"56491",'-,MIT,Rosa,2024,manual,diesel,White,226641,D00021
V0014530,,"57224",'-,CHN,ALSVIN,2024,automatic,petrol,White,151000,A00158
V0014532,,"89018",'-,TOY,Innova Hybrid,2024,automatic,hybrid,Silver/Beige,214996,A00152
V0014533,,"89035",'-,TOY,Innova Hybrid,,automatic,hybrid,Silver/Beige,174443,A00152
V0014534,,"89106",'-,TOY,Innova Hybrid,,automatic,hybrid,Silver/Beige,205064,A00152
V0014535,,"89121",'-,TOY,Innova Hybrid,,automatic,hybrid,Silver/Beige,186114,A00152
V0014536,,"89169",'-,TOY,Innova Hybrid,,automatic,hybrid,Silver/Beige,221941,A00152
V0014537,,"70413",'-,MIT,Attrage,,automatic,petrol,White,54741,D00021
V0014538,,"32597","32597",MGM,RX5,2023,automatic,petrol,White,62069,A00095
V0014542,,"85219","85219",NIS,Sunny,2024,automatic,petrol,White,64844,A00095
V0014544,,"62833",'-,JAC,JS 4,2023,automatic,petrol,Blue,99888,D00021
V0014545,,"62368",'-,MIT,Attrage,2023,automatic,petrol,Grey,139245,D00021
V0014550,,"56637",'-,JAC,J7 ( SALOON ),2024,automatic,petrol,Black,66325,D00021
V0014551,,"26704","26704",NIS,Sunny,2024,automatic,petrol,White,48696,A00095
V0014555,,"31984",'-,TOY,Yaris,2023,automatic,petrol,White,44292,D00021
V0014557,,"84518","84518",MIT,CANTER EURO 5,2024,manual,diesel,White,169821,A00095
V0014558,,"57219","57219",CHN,CS 35 PLUS,2024,automatic,petrol,White,77377,A00158
V0014561,,"34178","34178",JAC,JS 4,2024,automatic,petrol,Grey,64760,A00095
V0014562,,"47537","47537",NIS,Sunny,2024,automatic,petrol,White,61483,A00095
V0014569,,"53741","53741",JAC,J7 ( SALOON ),2023,automatic,petrol,White,55758,A00095
V0014570,,"75417","75417",NIS,X-TERRA,2024,automatic,petrol,White,126213,A00095
V0014572,,"60198",'-,MGM,MG5,2023,automatic,petrol,Silver Grey,93224,D00021
V0014580,,"47940",'-,NIS,Urvan,2024,automatic,petrol,White,198708,D00021
V0014581,,"85748","85748",MIT,L 200,2024,automatic,petrol,White,148025,A00095
V0014582,,"14639","14639",MIT,Attrage,2023,automatic,petrol,White,97907,A00095
V0014583,,"89148","89148",MIT,Attrage,2024,automatic,petrol,Grey,58510,A00095
V0014586,,"46277","46277",MIT,Attrage,2023,automatic,petrol,White,139653,A00095
V0014591,,"81687","81687",MIT,L 200,2024,automatic,petrol,White,132363,A00095
V0014594,,"9297","9297",TOY,Hybrid Camry,2024,automatic,hybrid,Silver Grey,343389,A00115
V0014595,,"78346","78346",MIT,ASX,2024,automatic,petrol,White,93016,A00095
V0014596,,"90212",'-,TOY,Hiace,2024,manual,petrol,White,87360,A00152
V0014598,,"51084","51084",JAC,JS 4,2024,automatic,petrol,White,105855,A00095
V0014603,,"57433",'-,SUZ,BALENO,2024,automatic,petrol,White,70662,D00021
V0014604,,"5822","5822",TOY,Hybrid Camry,2024,automatic,hybrid,Silver Grey,332168,A00115
V0014607,,"82143","82143",JAC,J7 ( SALOON ),2024,automatic,petrol,White,65042,A00095
V0014610,,"74650","74650",NIS,Sunny,2024,automatic,petrol,White,82650,A00095
V0014615,,"5721","5721",TOY,Hybrid Camry,2024,automatic,hybrid,Silver Grey,311627,A00115
V0014616,,"62409","62409",MIT,Attrage,2023,automatic,petrol,White,87231,A00095
V0014617,,"5289","5289",TOY,Hybrid Camry,2024,automatic,hybrid,Silver Grey,328766,A00115
V0014619,,"57223","57223",CHN,ALSVIN,2024,automatic,petrol,White,186291,A00158
V0014621,,"5581","5581",TOY,Hybrid Camry,2024,automatic,hybrid,Silver Grey,318753,A00115
V0014623,,"5861","5861",TOY,Hybrid Camry,2024,automatic,hybrid,Silver Grey,286189,A00115
V0014625,"2672","95246","95246",REN,Fluence,2020,automatic,petrol,Black,188590,C00002
V0014626,,"73624",'-,NIS,Patrol,2024,automatic,petrol,White,127640,D00021
V0014627,,"73299","73299",NIS,Sunny,2023,automatic,petrol,White,128038,A00095
V0014628,,"89054","89054",TOY,Hilux,2024,automatic,petrol,White,88630,A00095
V0014629,,"5916","5916",TOY,Hybrid Camry,2024,automatic,hybrid,Silver Grey,314990,A00115
V0014630,,"76239",'-,JAC,JS 4,2024,automatic,petrol,Black,43706,D00021
V0014631,,"59973","59973",NIS,Altima,2024,automatic,petrol,White,81295,A00095
V0014632,,"66573","66573",MIT,Attrage,2023,automatic,petrol,White,84258,A00095
V0014635,,"22471","22471",NIS,Sunny,2024,automatic,petrol,White,64069,A00095
V0014636,,"23419",'-,MGM,MG 3,2024,automatic,petrol,Silver Grey,71716,D00021
V0014638,,"81203",'-,NIS,Kicks,2024,automatic,petrol,Silver Grey,36661,D00021
V0014640,,"48801","48801",NIS,Urvan,2024,automatic,petrol,White,158225,A00095
V0014641,,"67634","67634",MIT,Attrage,2024,automatic,petrol,White,100709,A00095
V0014642,,"82495","82495",MIT,L 200,2024,automatic,petrol,White,148105,A00095
V0014643,,"69607",'-,MIT,Attrage,2024,automatic,petrol,White,78631,D00021
V0014644,,"26452","26452",NIS,Sunny,2024,automatic,petrol,White,100887,A00095
V0014646,,"50698",'-,MIT,CANTER EURO 5,2024,manual,diesel,White,109757,D00021
V0014648,,"48797","48797",JAC,J7 ( SALOON ),2023,automatic,petrol,White,79885,A00095
V0014649,,"73230","73230",NIS,Altima,2024,automatic,petrol,White,42173,A00095
V0014654,,"19275",'-,MIT,XPANDER,2024,automatic,petrol,White,122294,D00021
V0014655,,"46180",'-,JAC,S3,2023,automatic,petrol,Silver Grey,62628,D00021
V0014661,,"73639",'-,NIS,Patrol,2024,automatic,petrol,White,165249,D00021
V0014662,,"35699","35699",MGM,MG5,2023,automatic,petrol,White,103262,A00095
V0014663,,"24181","24181",MIT,Attrage,2023,automatic,petrol,White,78038,A00095
V0014665,,"61877",'-,JAC,J7 ( SALOON ),2024,automatic,petrol,Black,40921,D00021
V0014667,,"85407","85407",NIS,Sunny,2024,automatic,petrol,White,109691,A00095
V0014668,,"21378",'-,MGM,MG 3,2024,automatic,petrol,Silver Grey,29215,D00021
V0014670,,"35660",'-,MGM,RX5,2023,automatic,petrol,Grey,71695,D00021
V0014672,,"49255","49255",MIT,Rosa,2024,automatic,petrol,Yellow,95494,A00095
V0014678,,"47813","47813",MIT,Rosa,2024,automatic,diesel,Yellow,43314,A00095
V0014680,,"27903","27903",SUZ,Ciaz,2024,automatic,petrol,White,78896,A00095
V0014681,,"76863",'-,NIS,Sunny,2024,automatic,petrol,White,59274,D00021
V0014682,,"24280",'-,MIT,Attrage,2023,automatic,petrol,Blue,80726,D00021
V0014686,,"38357",'-,NIS,Sunny,2023,automatic,petrol,White,210652,D00021
V0014687,,"67092",'-,NIS,Sunny,2024,automatic,petrol,White,80829,D00021
V0014688,,"36496","36496",NIS,Infiniti Q50,2022,automatic,petrol,Grey,78853,A00095
V0014695,,"78240",'-,MIT,Rosa,2024,manual,diesel,White,141671,D00021
V0014698,,"61875",'-,JAC,J7 ( SALOON ),2024,automatic,petrol,Black,33256,D00021
V0014700,,"73659","73659",NIS,Altima,2024,automatic,petrol,White,74944,A00095
V0014702,,"60878",'-,NIS,Sunny,2024,automatic,petrol,White,71965,D00021
V0014706,,"19460","19460",MIT,Attrage,2023,automatic,petrol,White,108449,A00095
V0014707,,"56987","56987",NIS,Sunny,2024,automatic,petrol,White,135072,A00095
V0014708,,"6063","6063",TOY,Hybrid Camry,2024,automatic,hybrid,Silver Grey,316218,A00115
V0014711,,"69971","69971",MIT,Attrage,2023,automatic,petrol,White,94530,A00095
V0014715,,"57303",'-,NIS,Sunny,2024,automatic,petrol,White,53475,D00021
V0014718,,"46685","46685",NIS,Sunny,2024,automatic,petrol,White,166334,A00095
V0014720,,"28085","28085",MIT,ASX,2024,automatic,petrol,White,45734,A00095
V0014722,,"88726","88726",JAC,JS 4,2023,automatic,petrol,White,79160,A00095
V0014723,,"61634",'-,SUZ,Ciaz,2024,automatic,petrol,White,76336,D00021
V0014725,,"52027","52027",NIS,Sunny,2024,automatic,petrol,White,108036,A00095
V0014730,,"59644",'-,MIT,Attrage,2023,automatic,petrol,Grey,58001,D00021
V0014734,,"73716","73716",NIS,Sunny,2024,automatic,petrol,White,113182,A00095
V0014735,,"47593","47593",MIT,Rosa,2024,automatic,diesel,White,92666,A00095
V0014737,,"42395",'-,MIT,Rosa,2024,manual,diesel,White,219861,D00021
V0014738,,"19824",'-,NIS,Sunny,2024,automatic,petrol,White,78866,D00021
V0014741,,"14996","14996",MIT,Attrage,2023,automatic,petrol,White,100241,A00095
V0014746,,"91704","91704",MIT,Montero,2024,automatic,petrol,White,57577,A00095
V0014748,,"58357","58357",NIS,Sunny,2024,automatic,petrol,White,84939,A00095
V0014749,,"80576","80576",EXE,LX 1.5 T,2024,automatic,petrol,Grey,57055,A00095
V0014750,,"31753","31753",MGM,MG5,2024,automatic,petrol,White,86111,A00095
V0014751,,"87412",'-,NIS,Sunny,2024,automatic,petrol,White,63764,D00021
V0014755,,"46985",'-,SUZ,BALENO,2024,automatic,petrol,Grey,54020,D00021
V0014756,,"73235","73235",NIS,Altima,2024,automatic,petrol,White,89164,A00095
V0014758,,"45135","45135",NIS,Sunny,2024,automatic,petrol,White,41190,A00095
V0014761,,"72408",'-,NIS,Sunny,2024,automatic,petrol,White,88239,D00021
V0014764,,"50658",'-,ZHO,Zhongtong bus,2024,manual,diesel,White,68894,D00021
V0014765,,"50678",'-,ZHO,Zhongtong bus,2024,manual,diesel,White,80753,D00021
V0014767,,"47595","47595",MIT,Rosa,2024,automatic,petrol,White,73097,A00095
V0014768,,"45941",'-,MIT,Attrage,2023,automatic,petrol,Silver Grey,59838,D00021
V0014770,,"42659",'-,JAC,S3,2022,automatic,petrol,White,100462,D00021
V0014775,,"23061","23061",NIS,Patrol,2024,automatic,petrol,Grey,78825,A00095
V0014776,,"26171","26171",NIS,Urvan,2024,automatic,petrol,White,264864,A00095
V0014777,,"42394",'-,MIT,Rosa,2024,manual,diesel,White,200637,D00021
V0014779,,"48827",'-,NIS,Urvan,2024,manual,petrol,White,159242,D00021
V0014782,,"16453",'-,MIT,CANTER EURO 5,2024,manual,diesel,White,134981,D00021
V0014783,,"55017",'-,NIS,Sunny,2024,automatic,petrol,White,89125,D00021
V0014785,,"82320","82320",MIT,Attrage,2024,automatic,petrol,White,72993,A00095
V0014786,,"56030",'-,MIT,L 200,2024,automatic,petrol,White,89437,D00021
V0014787,,"74202",'-,NIS,Urvan,2024,automatic,petrol,White,224277,D00021
V0014788,,"16176",'-,MIT,Rosa,2024,automatic,diesel,White,155278,A00097
V0014789,,"28343","28343",NIS,Urvan,2024,automatic,petrol,White,212147,A00095
V0014790,,"42397",'-,MIT,Rosa,2024,automatic,diesel,White,200628,D00021
V0014791,,"39342",'-,MGM,MG5,2024,automatic,petrol,White,107893,D00021
V0014798,,"26156","26156",NIS,Urvan,2024,automatic,petrol,White,306369,A00095
V0014800,,"52145","52145",MGM,MG5,2024,automatic,petrol,White,68194,A00095
V0014801,,"73643",'-,NIS,Patrol,2024,automatic,petrol,White,237812,D00021
V0014803,,"87230",'-,NIS,Sunny,2024,automatic,petrol,White,80428,D00021
V0014804,,"57524",'-,NIS,Urvan,2024,automatic,petrol,White,215472,D00021
V0014805,,"56926",'-,MIT,Attrage,2024,automatic,petrol,Silver Grey,70598,D00021
V0014809,,"67049",'-,MIT,ASX,2024,automatic,petrol,White,82629,D00021
V0014811,,"26149","26149",NIS,Urvan,2024,automatic,petrol,White,356471,A00095
V0014812,,"47938","47938",NIS,Urvan,2024,automatic,petrol,White,159713,A00095
V0014814,,"19357",'-,MIT,XPANDER,2024,automatic,petrol,White,101468,D00021
V0014817,,"45039",'-,MIT,CANTER EURO 5,2024,manual,diesel,White,142969,D00021
V0014819,,"74429",'-,MIT,L 200,2024,automatic,petrol,White,133977,D00021
V0014821,,"54768",'-,JAC,JS 4,2024,automatic,petrol,Black,85866,D00021
V0014823,,"50665",'-,ZHO,Zhongtong bus,2024,manual,diesel,White,61663,D00021
V0014827,,"26235","26235",NIS,Urvan,2024,automatic,petrol,White,241583,A00095
V0014829,,"86154",'-,NIS,Sunny,2024,automatic,petrol,White,50887,D00021
V0014831,,"50692","50692",MIT,Rosa,2024,automatic,diesel,Yellow,72447,A00095
V0014832,,"56121",'-,MIT,Attrage,2023,automatic,petrol,White,122229,D00021
V0014833,,"49239","49239",MIT,Rosa,2024,automatic,diesel,White,72502,A00095
V0014834,,"89011",'-,JAC,J7 ( SALOON ),2023,automatic,petrol,White,82304,D00021
V0014836,,"85432","85432",NIS,Urvan,2024,automatic,petrol,White,115939,A00095
V0014839,,"50262","50262",JAC,J7 ( SALOON ),2023,automatic,petrol,White,85495,A00095
V0014840,,"31687","31687",MGM,MG5,2024,automatic,petrol,Grey,78385,A00095
V0014843,,"38846","38846",NIS,Urvan,2024,automatic,petrol,White,271510,A00095
V0014846,,"68937",'-,NIS,Sunny,2024,automatic,petrol,White,59244,D00021
V0014849,,"26483",'-,NIS,Sunny,2024,automatic,petrol,White,56195,D00021
V0014850,,"49288","49288",MIT,Rosa,2024,automatic,petrol,White,65038,A00095
V0014852,,"50674",'-,ZHO,Zhongtong bus,2024,manual,diesel,White,59126,D00021
V0014853,,"56619",'-,MIT,Rosa,2024,manual,diesel,White,166219,D00021
V0014855,,"42387",'-,MIT,Rosa,2024,manual,diesel,White,93764,D00021
V0014860,,"97467",'-,NIS,Sunny,2023,automatic,petrol,White,76854,D00021
V0014863,,"60518","60518",MIT,Attrage,2024,automatic,petrol,White,55710,A00095
V0014867,,"57838",'-,MIT,Attrage,2023,automatic,petrol,Grey,127472,D00021
V0014869,,"80721","80721",JAC,JS 4,2024,automatic,petrol,Grey,64179,A00095
V0014871,,"54256","54256",NIS,Sunny,2024,automatic,petrol,White,70559,A00095
V0014872,,"71823",'-,MIT,Attrage,2024,automatic,petrol,White,56855,D00021
V0014873,,"88712",'-,JAC,JS 4,2023,automatic,petrol,White,90967,D00021
V0014875,,"48178","48178",NIS,Sunny,2024,automatic,petrol,White,69212,A00095
V0014878,,"79419",'-,MIT,CANTER EURO 5,2024,manual,diesel,White,419351,D00021
V0014882,,"51891",'-,NIS,Sunny,2024,automatic,petrol,White,67202,D00021
V0014883,,"28656","28656",NIS,Urvan,2024,automatic,petrol,White,251022,A00095
V0014884,,"36380",'-,NIS,Kicks,2024,automatic,petrol,White,79699,D00021
V0014885,,"51681","51681",NIS,Urvan,2024,automatic,petrol,White,218219,A00095
V0014890,,"27981","27981",NIS,Urvan,2024,automatic,petrol,White,231405,A00095
V0014893,,"20179",'-,JAC,S3,2023,automatic,petrol,Grey,68547,D00021
V0014895,,"78184",'-,NIS,Altima,2023,automatic,petrol,White/Grey,88672,D00021
V0014896,,"22189","22189",NIS,Sunny,2024,automatic,petrol,White,84465,A00095
V0014897,,"31616",'-,MIT,CANTER EURO 5,2024,manual,diesel,White,183368,D00021
V0014899,,"72191",'-,TAT,EURO BUS,2024,manual,diesel,White,134307,D00021
V0014901,,"87360",'-,MIT,Attrage,2024,automatic,petrol,Grey,80454,D00021
V0014902,,"51895",'-,NIS,Sunny,2024,automatic,petrol,White,45493,D00021
V0014903,,"66240","66240",NIS,Urvan,2024,automatic,petrol,White,225575,A00095
V0014904,,"73238","73238",NIS,Sunny,2024,automatic,petrol,White,72435,A00095
V0014906,,"85415",'-,NIS,Sunny,2024,automatic,petrol,White,77285,D00021
V0014907,,"19579",'-,NIS,Sunny,2024,automatic,petrol,White,36910,D00021
V0014910,,"39505",'-,MGM,MG5,2024,automatic,petrol,White,69747,D00021
V0014911,,"98629",'-,NIS,Sunny,2024,automatic,petrol,White,84981,D00021
V0014912,,"82770",'-,NIS,Sunny,2024,automatic,petrol,White,88265,D00021
V0014913,,"35687",'-,MGM,RX5,2023,automatic,petrol,White,82490,D00021
V0014916,,"19270",'-,MIT,CANTER EURO 5,2024,manual,diesel,White,157128,D00021
V0014917,,"76490",'-,MIT,Attrage,2024,automatic,petrol,Grey,57279,D00021
V0014918,,"39170","39170",NIS,Urvan,2024,automatic,petrol,White,251226,A00095
V0014920,,"43416",'-,NIS,Altima,2024,automatic,petrol,Silver Grey,86364,D00021
V0014923,,"70533",'-,MIT,Attrage,2024,automatic,petrol,White,65501,D00021
V0014924,,"46897",'-,NIS,Altima,2024,automatic,petrol,White,74924,D00021
V0014925,,"90782","90782",NIS,Sunny,2024,automatic,petrol,White,45595,A00095
V0014926,,"72879",'-,NIS,Sunny,2024,automatic,petrol,White,75262,D00021
V0014927,,"42396",'-,MIT,Rosa,2024,manual,diesel,White,180819,D00021
V0014930,,"65674",'-,NIS,Sunny,2023,automatic,petrol,White,107994,D00021
V0014931,,"35691",'-,MGM,MG5,2023,automatic,petrol,White,121532,D00021
V0014935,,"20664","20664",JAC,S3,2024,automatic,petrol,White,71249,A00095
V0014936,,"88295","88295",MIT,Attrage,2024,automatic,petrol,White,94838,A00095
V0014938,,"50710",'-,MIT,CANTER EURO 5,2024,manual,diesel,White,136058,D00021
V0014940,,"73710","73710",NIS,Sunny,2024,automatic,petrol,White,75668,A00095
V0014941,,"75416",'-,NIS,Sunny,2026,automatic,petrol,White,60406,D00021
V0014948,,"67139",'-,MIT,CANTER EURO 5,2024,manual,diesel,White,175156,D00021
V0014949,,"48215","48215",MIT,L 200,2024,automatic,petrol,White,99463,A00095
V0014951,,"66196","66196",NIS,Urvan,2024,automatic,petrol,White,193968,A00095
V0014952,,"42383",'-,MIT,Rosa,2024,automatic,petrol,White,163174,D00021
V0014954,,"39226",'-,MGM,MG5,2024,automatic,petrol,White,73043,D00021
V0014956,,"73066",'-,NIS,Kicks,2024,automatic,petrol,White,44097,D00021
V0014958,,"45048",'-,MIT,CANTER EURO 5,2024,manual,diesel,White,136941,D00021
V0014962,,"37658",'-,NIS,Sunny,2024,automatic,petrol,White,80891,D00021
V0014963,,"47989","47989",TAT,"916",2024,automatic,diesel,Yellow,36104,A00095
V0014964,,"47432","47432",TAT,"916",2024,automatic,diesel,Yellow,41525,A00095
V0014966,,"48023","48023",TAT,"916",2024,automatic,diesel,Yellow,28796,A00095
V0014980,,"26248","26248",NIS,Urvan,2024,automatic,petrol,White,230859,A00095
V0014981,,"65811",'-,JAC,J7 ( SALOON ),2023,automatic,petrol,White,82946,D00021
V0014982,,"87364",'-,MIT,Attrage,2024,automatic,petrol,Grey,84539,D00021
V0014983,,"67629",'-,MIT,Attrage,2024,automatic,petrol,Grey,74925,D00021
V0014984,"2707","26355","26355",TOY,Corolla,2012,automatic,petrol,White,302436,C00002
V0014986,,"75402",'-,NIS,Sunny,2024,automatic,petrol,White,59182,D00021
V0014988,,"98701",'-,SUZ,Ciaz,2024,automatic,petrol,White,59889,D00021
V0014992,,"37936","37936",EXE,MY25,2024,automatic,petrol,White,75592,A00095
V0014994,,"47352","47352",TAT,"916",2024,automatic,diesel,Yellow,30126,A00095
V0014998,,"47457","47457",TAT,"916",2024,automatic,diesel,Yellow,33899,A00095
V0015000,,"88302",'-,MIT,Attrage,2024,automatic,petrol,Grey,58129,D00021
V0015001,,"68972",'-,NIS,Sunny,2024,automatic,petrol,White,61202,D00021
V0015007,,"69231",'-,MGM,MG5,2024,automatic,petrol,Silver Grey,98559,D00021
V0015012,,"26173","26173",NIS,Urvan,2024,automatic,petrol,White,340559,A00095
V0015013,,"63507",'-,NIS,X-TERRA,2024,automatic,petrol,Grey,102945,D00021
V0015015,,"73660","73660",NIS,Altima,2024,automatic,petrol,White,95764,A00095
V0015018,,"52964",'-,MIT,Eclipse Cross,2023,automatic,petrol,White,89730,D00021
V0015021,,"47452","47452",TAT,"916",2024,automatic,diesel,Yellow,51954,A00095
V0015022,,"80116","80116",TAT,"916",2024,automatic,diesel,Yellow,25001,A00095
V0015023,,"48358","48358",TAT,"916",2024,automatic,diesel,Yellow,27047,A00095
V0015026,,"25832",'-,JAC,JS 4,2024,automatic,petrol,Black,73709,D00021
V0015027,,"31691","31691",MGM,MG5,2024,automatic,petrol,White,79264,A00095
V0015030,,"61887",'-,JAC,J7 ( SALOON ),2024,automatic,petrol,Grey,73600,D00021
V0015033,,"44390",'-,MGM,MG 3,2024,automatic,petrol,Grey,40389,D00021
V0015034,,"63516",'-,NIS,X-TERRA,2024,automatic,petrol,White,105899,D00021
V0015035,"2697","39130",'-,TOY,Previa,2013,automatic,petrol,Silver Grey,240906,E00050
V0015037,,"65662",'-,MIT,CANTER EURO 5,2024,manual,diesel,White,170161,D00021
V0015041,,"22632",'-,MIT,L 200,2024,automatic,petrol,White,121683,D00021
V0015042,,"51678","51678",NIS,Urvan,2024,automatic,petrol,White,243760,A00095
V0015048,,"39197","39197",NIS,Urvan,2024,automatic,petrol,White,228765,A00095
V0015052,,"93954",'-,MIT,CANTER EURO 5,2024,manual,diesel,White,196543,D00021
V0015054,,"30148",'-,NIS,Kicks,2024,automatic,petrol,White,95649,D00021
V0015058,,"48362","48362",TAT,"916",2024,automatic,diesel,Yellow,24394,A00095
V0015059,,"48350","48350",TAT,"916",2024,automatic,diesel,Yellow,21355,A00095
V0015060,,"61290",'-,SUZ,BALENO,2024,automatic,petrol,White,130035,D00021
V0015061,,"73674",'-,NIS,Altima,2024,automatic,petrol,Silver Grey,57781,D00021
V0015062,,"99745","99745",MIT,Attrage,2023,automatic,petrol,White,81680,A00095
V0015065,,"42390",'-,MIT,Rosa,2024,automatic,diesel,White,141631,D00021
V0015066,,"73224",'-,NIS,Sunny,2024,automatic,petrol,White,107969,D00021
V0015068,,"51882",'-,NIS,Sunny,2024,automatic,diesel,White,102526,D00021
V0015069,,"47648","47648",TAT,"916",2024,automatic,diesel,Yellow,27387,A00095
V0015074,,"98122",'-,MIT,Attrage,2023,automatic,petrol,Grey,124145,D00021
V0015075,,"65497",'-,MIT,Attrage,2023,automatic,petrol,White,92181,D00021
V0015076,,"40732",'-,JAC,JS 4,2023,automatic,petrol,White,56904,D00021
V0015077,,"41638",'-,JAC,JS 4,2024,automatic,petrol,Black,70100,D00021
V0015081,,"50691",'-,MIT,CANTER EURO 5,2024,manual,diesel,White,151313,D00021
V0015091,,"22890",'-,NIS,Urvan,2024,manual,petrol,White,206317,D00021
V0015092,,"73692",'-,NIS,Altima,2024,automatic,petrol,White,87624,D00021
V0015093,,"15387",'-,JAC,JS 4,2024,automatic,petrol,Blue,60552,D00021
V0015094,,"43264","43264",NIS,Altima,2024,automatic,petrol,White,109089,A00095
V0015097,,"19853",'-,MGM,MG 3,2024,automatic,petrol,White,45842,D00021
V0015099,,"71288",'-,MIT,Attrage,2024,automatic,petrol,White,74452,D00021
V0015101,,"48317","48317",MIT,Rosa,2024,automatic,diesel,Yellow,75300,A00095
V0015105,,"47646","47646",TAT,"916",2024,automatic,diesel,Yellow,19614,A00095
V0015108,,"56183",'-,MIT,Attrage,2023,automatic,petrol,White,60246,D00021
V0015109,,"33654",'-,NIS,Urvan,2024,automatic,petrol,White,179883,D00021
V0015111,,"22714",'-,NIS,Sunny,2024,automatic,petrol,White,78895,D00021
V0015114,,"19362",'-,MIT,XPANDER,2024,automatic,petrol,White,146321,D00021
V0015116,,"19350",'-,MIT,XPANDER,2024,automatic,petrol,White,274284,D00021
V0015123,,"62611","62611",TAT,"916",2024,automatic,diesel,Yellow,22014,A00095
V0015124,,"66961","66961",MIT,Rosa,2024,automatic,diesel,Yellow,63093,A00095
V0015127,,"23265","23265",MGM,MG 3,2024,automatic,petrol,Grey,63118,A00095
V0015128,,"73184","73184",NIS,Kicks,2024,automatic,petrol,White,50865,A00095
V0015129,,"21956","21956",NIS,Sunny,2024,automatic,petrol,White,68816,A00095
V0015135,,"43396",'-,MIT,CANTER EURO 5,2024,manual,diesel,White,158916,D00021
V0015137,,"22489",'-,NIS,Sunny,2024,automatic,petrol,White,85763,D00021
V0015141,,"71802",'-,MIT,Attrage,2024,automatic,petrol,White,54019,D00021
V0015142,,"57292",'-,NIS,Sunny,2024,automatic,petrol,White,106131,D00021
V0015143,,"65786",'-,MIT,Attrage,2023,automatic,petrol,Grey,71666,D00021
V0015144,,"60769",'-,MIT,Attrage,2024,automatic,petrol,White,99603,D00021
V0015145,,"73225",'-,NIS,Altima,2024,automatic,petrol,White,65600,D00021
V0015150,,"48366","48366",TAT,"916",2024,automatic,diesel,Yellow,13634,A00095
V0015153,,"33657",'-,NIS,Urvan,2024,automatic,petrol,White,161240,D00021
V0015157,,"21388",'-,MGM,MG 3,2024,automatic,petrol,Silver Grey,51750,D00021
V0015162,,"86165",'-,NIS,Sunny,2024,automatic,petrol,White,68424,D00021
V0015165,,"47434","47434",TAT,"916",2024,automatic,diesel,Yellow,30635,A00095
V0015168,,"91242",'-,SUZ,Ciaz,2024,automatic,petrol,Brown,51039,D00021
V0015170,,"83662","83662",NIS,Sunny,2024,automatic,petrol,White,93002,A00095
V0015171,,"46225",'-,MIT,Attrage,2023,automatic,petrol,White,68535,D00021
V0015174,,"56619","56619",NIS,Patrol,2024,automatic,petrol,White,74129,A00095
V0015176,,"48042","48042",TAT,"916",2024,automatic,diesel,Yellow,41447,A00095
V0015180,,"48030","48030",TAT,"916",2024,automatic,diesel,Yellow,31108,A00095
V0015181,,"48022","48022",TAT,"916",2024,automatic,diesel,Yellow,28025,A00095
V0015182,,"53048",'-,MGM,MG5,2024,automatic,petrol,Silver Grey,53551,D00021
V0015184,,"20893",'-,NIS,Urvan,2024,manual,petrol,White,291646,D00021
V0015185,,"46902",'-,NIS,Altima,2024,automatic,petrol,White,55474,D00021
V0015187,,"25785",'-,MGM,MG5,2023,automatic,petrol,Silver Grey,103648,D00021
V0015188,,"51271",'-,JAC,JS 4,2024,automatic,petrol,Blue,68350,D00021
V0015189,,"28517",'-,RAB,RABDAN 1,2023,automatic,hybrid,White,47222,D00021
V0015192,,"46208",'-,JAC,S3,2023,automatic,petrol,White,73489,D00021
V0015193,,"16022","16022",SUZ,BALENO,2024,automatic,petrol,White,59597,A00095
V0015194,,"22803",'-,NIS,Sunny,2024,automatic,petrol,White,52591,D00021
V0015196,,"73641","73641",NIS,Patrol,2024,automatic,petrol,White,128560,A00095
V0015200,,"47851","47851",MIT,Rosa,2024,automatic,diesel,Yellow,47851,A00095
V0015201,,"48323","48323",TAT,"916",2024,automatic,diesel,Yellow,23913,A00095
V0015202,,"47347","47347",TAT,"916",2024,automatic,diesel,Yellow,33002,A00095
V0015203,,"48027","48027",TAT,"916",2024,automatic,diesel,Yellow,24992,A00095
V0015204,,"38456","38456",NIS,Patrol,2024,automatic,petrol,Black,89677,A00095
V0015206,,"60874",'-,NIS,Sunny,2024,automatic,petrol,White,50716,D00021
V0015207,,"69255",'-,JAC,S3,2023,automatic,petrol,White,65705,D00021
V0015208,,"20174",'-,JAC,S3,2023,automatic,petrol,White,67444,D00021
V0015209,,"21932",'-,NIS,Sunny,2026,automatic,petrol,Silver Grey,73850,D00021
V0015210,,"79256",'-,MGM,MG5,2024,automatic,petrol,Silver Grey,91986,D00021
V0015211,,"61328",'-,NIS,Patrol,2024,automatic,petrol,White,116651,D00021
V0015216,,"73063",'-,TOY,Fortuner,2024,automatic,petrol,White,95447,D00021
V0015217,,"73099","73099",NIS,Kicks,2024,automatic,petrol,Grey,62530,A00095
V0015221,,"47349","47349",TAT,"916",2024,automatic,diesel,Yellow,29229,A00095
V0015226,"2716","15824","15824",NIS,Altima,2018,automatic,petrol,White,537189,C00002
V0015230,,"16175",'-,MIT,Rosa,2024,automatic,diesel,White/Grey,107856,D00021
V0015231,,"16178",'-,MIT,Rosa,2024,automatic,diesel,White/Grey,149337,D00021
V0015234,,"48326","48326",TAT,"916",2024,automatic,diesel,Yellow,27153,A00095
V0015237,,"26684",'-,NIS,Sunny,2024,automatic,petrol,White,55451,D00021
V0015238,,"91863",'-,SUZ,Ciaz,2024,automatic,petrol,Blue,48463,D00021
V0015243,,"42376",'-,ASH,Falcon,2024,automatic,diesel,White,98085,D00021
V0015245,,"48825","48825",NIS,Urvan,2024,automatic,petrol,White,107554,A00095
V0015247,,"27956","27956",SUZ,Ciaz,2024,automatic,petrol,Grey,102540,A00095
V0015248,,"47927","47927",MIT,Rosa,2024,automatic,diesel,Yellow,69000,A00095
V0015249,,"49246","49246",MIT,Rosa,2024,automatic,diesel,Yellow,42358,A00095
V0015255,,"67465",'-,MIT,Attrage,2024,automatic,petrol,Grey,70312,D00021
V0015257,,"28755",'-,NIS,Sunny,2024,automatic,petrol,White,69614,D00021
V0015258,,"61207",'-,NIS,Sunny,2024,automatic,petrol,White,88100,D00021
V0015261,,"21362",'-,MGM,MG 3,2024,automatic,petrol,Silver Grey,69466,D00021
V0015263,,"39671",'-,MGM,MG5,2024,automatic,petrol,White,71510,D00021
V0015266,,"81250",'-,SUZ,BALENO,2024,automatic,petrol,White,70615,D00021
V0015270,"2723","90972",'-,MIT,Lancer,2024,automatic,petrol,Black,211149,C00002
V0015275,,"32599",'-,MGM,RX5,2023,automatic,petrol,Black,80915,D00021
V0015277,,"46520","46520",NIS,Sunny,2024,automatic,petrol,White,83694,A00095
V0015282,,"15293",'-,MIT,XPANDER,2024,automatic,petrol,White,74297,D00021
V0015283,,"37758","37758",NIS,Sunny,2023,automatic,petrol,White,104523,A00095
V0015285,,"90522",'-,NIS,X-TERRA,2024,automatic,petrol,White,76754,D00021
V0015286,,"22689","22689",MIT,Attrage,2024,automatic,petrol,Grey,98371,A00095
V0015293,,"51618",'-,NIS,Sunny,2024,automatic,petrol,Silver Grey,68329,D00021
V0015299,,"46896",'-,NIS,Altima,2024,automatic,petrol,Pearl White,101098,D00021
V0015300,,"81159",'-,SUZ,BALENO,2024,automatic,petrol,White,53658,D00021
V0015304,,"61327","61327",SUZ,BALENO,2024,automatic,petrol,White,57258,A00095
V0015305,,"98619","98619",NIS,Sunny,2024,automatic,petrol,White,79127,A00095
V0015307,,"75393",'-,MIT,ASX,2024,automatic,petrol,White,73243,D00021
V0015308,,"34239","34239",EXE,LX 1.5 T,2024,automatic,petrol,Grey,55645,A00095
V0015310,,"51471",'-,NIS,Patrol,2024,automatic,petrol,Grey,56455,D00021
V0015311,,"28261",'-,RAB,RABDAN 1,2023,automatic,hybrid,Blue,55555,D00021
V0015313,,"63505",'-,NIS,X-TERRA,2024,automatic,petrol,White,56916,D00021
V0015317,,"75236",'-,MIT,ASX,2024,automatic,petrol,White,70611,D00021
V0015321,,"24193",'-,NIS,Sunny,2023,automatic,petrol,White,49439,D00021
V0015322,,"59938","59938",NIS,Kicks,2024,automatic,petrol,White,62749,A00095
V0015324,,"38250","38250",MIT,CANTER EURO 5,2024,manual,diesel,White,243674,D00021
V0015325,,"58412",'-,MIT,CANTER EURO 5,2024,manual,diesel,White,130430,D00021
V0015328,,"97059","97059",MIT,Rosa,2024,automatic,diesel,Yellow,50947,A00095
V0015329,,"65423","65423",EXE,LX 1.5 T,2024,automatic,diesel,Yellow,61328,A00095
V0015331,,"68272",'-,MIT,XPANDER,2023,automatic,petrol,Silver Grey,112571,D00021
V0015333,,"98628",'-,NIS,Sunny,2024,automatic,petrol,White,76947,D00021
V0015335,,"74326",'-,NIS,Sunny,2024,automatic,petrol,White,62692,D00021
V0015336,,"24185",'-,NIS,Sunny,2023,automatic,petrol,White,89401,D00021
V0015338,,"56683","56683",JAC,J7,2024,automatic,petrol,White,62629,A00095
V0015341,,"80577","80577",EXE,LX 1.5 T,2024,automatic,diesel,Yellow,60779,A00095
V0015343,,"21359",'-,MGM,MG 3,2024,automatic,petrol,Silver Grey,68939,D00021
V0015345,,"39207",'-,MIT,Attrage,2024,automatic,petrol,Grey,93165,D00021
V0015349,,"19316",'-,MIT,XPANDER,2024,automatic,petrol,White,186128,D00021
V0015350,,"80586",'-,EXE,MY25,2024,automatic,petrol,White,68765,D00021
V0015352,,"61376",'-,MIT,ASX,2023,automatic,petrol,Grey,89227,D00021
V0015354,,"56674",'-,JAC,J7 ( SALOON ),2024,automatic,petrol,White,43000,D00021
V0015361,,"92315",FLT14113,TOY,Fortuner,2023,automatic,petrol,White,110716,D00021
V0015364,,"93056",FLT14084,TOY,Yaris,2023,automatic,petrol,White,205851,D00021
V0015368,,"95232",FLT14079,TOY,Yaris,2023,automatic,petrol,White,78204,D00021
V0015371,,"31996",FLT14091,TOY,Yaris,2023,automatic,petrol,White,146453,D00021
V0015374,,"31968",FLT14106,TOY,Yaris,2023,automatic,petrol,White,89830,D00021
V0015375,,"98925",FLT14201,MIT,Attrage,2023,automatic,petrol,Grey,76171,D00021
V0015376,,"64938",FLT14240,MIT,Attrage,2023,automatic,petrol,Grey,65341,D00021
V0015377,,"73235",FLT14231,MIT,Attrage,2023,automatic,petrol,Grey,118755,D00021
V0015378,,"70481",FLT14292,MIT,Attrage,2023,automatic,petrol,White,68180,D00021
V0015379,,"80463",FLT14209,MIT,Attrage,2023,automatic,petrol,Grey,68854,D00021
V0015382,,"62356",FLT14272,MIT,Attrage,2023,automatic,petrol,White,84048,D00021
V0015383,,"98950",FLT14197,MIT,Attrage,2023,automatic,petrol,Grey,101893,D00021
V0015384,,"70435",FLT14286,MIT,Attrage,2023,automatic,petrol,White,91676,D00021
V0015386,,"60679",FLT14247,MIT,Attrage,2023,automatic,petrol,Grey,82665,D00021
V0015387,,"62360",FLT14271,MIT,Attrage,2023,automatic,petrol,White,84140,D00021
V0015390,,"70429",FLT14285,MIT,Attrage,2023,automatic,petrol,White,92379,D00021
V0015391,,"80457",FLT14207,MIT,Attrage,2023,automatic,petrol,Grey,53580,D00021
V0015393,,"51934",FLT14170,MIT,Montero,2023,automatic,petrol,White,90462,D00021
V0015394,,"51950",FLT14175,MIT,Montero,2023,automatic,petrol,Silver,93821,D00021
V0015395,,"36818",'-,NIS,X-TERRA,2023,automatic,petrol,White,101084,D00021
V0015396,,"24207",'-,NIS,Sunny,2023,automatic,petrol,White,98582,D00021
V0015397,,"24175",FLT14588,NIS,Sunny,2023,automatic,petrol,White,110218,D00021
V0015403,,"24195",FLT14583,NIS,Sunny,2023,automatic,petrol,White,76717,D00021
V0015405,,"68405",FLT14530,JAC,S3,2023,automatic,petrol,White,59463,D00021
V0015407,,"20669",FLT14553,JAC,S3,2023,automatic,petrol,White,63962,D00021
V0015408,,"20184",FLT14550,JAC,S3,2023,automatic,petrol,White,59948,D00021
V0015410,,"46139",FLT14579,JAC,S3,2023,automatic,petrol,Grey,60037,D00021
V0015411,,"24290",FLT14573,JAC,S3,2023,automatic,petrol,White,72794,D00021
V0015412,,"20185",FLT14555,JAC,S3,2023,automatic,petrol,White,55380,D00021
V0015416,,"46729",FLT14885,MIT,ASX,2024,automatic,petrol,Grey,48657,D00021
V0015418,,"46722",FLT14890,MIT,ASX,2024,automatic,petrol,Grey,62391,D00021
V0015419,,"46737",FLT14892,MIT,ASX,2024,automatic,petrol,Grey,59524,D00021
V0015420,,"46726",FLT14889,MIT,ASX,2024,automatic,petrol,Grey,52020,D00021
V0015421,,"46754",FLT14886,MIT,ASX,2024,automatic,petrol,Silver,130634,D00021
V0015427,,"19620",FLT14641,MIT,Attrage,2023,automatic,petrol,Grey,102519,D00021
V0015431,,"22687",FLT14635,MIT,Attrage,2023,automatic,petrol,Grey,54724,D00021
V0015432,,"66743",FLT14629,MIT,Attrage,2024,automatic,petrol,Grey,73140,D00021
V0015434,,"24270",FLT14569,MIT,Attrage,2023,automatic,petrol,Grey,73626,D00021
V0015438,,"45917",FLT14537,MIT,Attrage,2024,automatic,petrol,White,114603,D00021
V0015441,,"37585",FLT14642,MIT,Attrage,2023,automatic,petrol,Grey,73677,D00021
V0015444,,"98135",FLT14636,MIT,Attrage,2023,automatic,petrol,Grey,72099,D00021
V0015445,,"45908",FLT14536,MIT,Attrage,2024,automatic,petrol,White,89291,D00021
V0015447,,"20157",FLT14599,MIT,Attrage,2024,automatic,petrol,Grey,99944,D00021
V0015450,,"56934",'-,MIT,Attrage,2024,automatic,petrol,Grey,128076,D00021
V0015452,,"60754",FLT14720,MIT,Attrage,2024,automatic,petrol,White,111951,D00021
V0015457,,"70155",FLT12965,JAC,J7 ( SALOON ),2022,automatic,petrol,Blue,100037,D00021
V0015458,,"71596",'-,MIT,Attrage,2022,automatic,petrol,Silver,107332,D00021
V0015459,,"16233",FLT13018,MIT,Attrage,2022,automatic,petrol,Grey,115695,D00021
V0015460,,"16339",FLT13027,MIT,Attrage,2023,automatic,petrol,Blue,140297,D00021
V0015461,,"71844",'-,NIS,Infiniti Q50,2023,automatic,petrol,Grey,74728,D00021
V0015463,,"75523",FLT13057,JAC,J7 ( SALOON ),2023,automatic,petrol,Grey,73786,D00021
V0015464,,"74926",FLT13070,JAC,J7 ( SALOON ),2023,automatic,petrol,Grey,80708,D00021
V0015465,,"44097",FLT13059,JAC,J7 ( SALOON ),2023,automatic,petrol,Grey,113304,D00021
V0015466,,"25796",'-,MGM,MG5,2023,automatic,petrol,Silver,97823,D00021
V0015468,,"25776",FLT13104,MGM,MG5,2023,automatic,petrol,Silver,143168,D00021
V0015470,,"14678",'-,MIT,Attrage,2023,automatic,petrol,Grey,127591,D00021
V0015472,,"14613",FLT13185,MIT,Attrage,2023,automatic,petrol,Grey,110431,D00021
V0015473,,"46730",FLT13179,MIT,Attrage,2023,automatic,petrol,Grey,82439,D00021
V0015475,,"30582",'-,MGM,MG5,2023,automatic,petrol,Silver,105979,D00021
V0015477,,"23617",'-,NIS,Sunny,2023,automatic,petrol,White,98075,D00021
V0015478,,"86537",FLT13292,NIS,Sunny,2023,automatic,petrol,White,67092,D00021
V0015483,,"65163",FLT13332,JAC,J7 ( SALOON ),2023,automatic,petrol,White,87929,D00021
V0015493,,"52568",FLT13432,JAC,JS 4,2023,automatic,petrol,Red,84528,D00021
V0015494,,"69865",FLT13514,JAC,JS 4,2023,automatic,petrol,White,76445,D00021
V0015495,,"53899",FLT13438,JAC,JS 4,2023,automatic,petrol,White,81998,D00021
V0015501,,"47968",FLT13449,NIS,Sunny,2023,automatic,petrol,White,89589,D00021
V0015505,,"98464",FLT13504,NIS,Sunny,2023,automatic,petrol,White,67668,D00021
V0015508,,"88923",FLT13560,JAC,J7 ( SALOON ),2023,automatic,petrol,White,76315,D00021
V0015511,,"90362",FLT13547,JAC,J7 ( SALOON ),2023,automatic,petrol,White,70867,D00021
V0015515,,"88704",FLT13591,JAC,JS 4,2023,automatic,petrol,White,94032,D00021
V0015518,,"90319",FLT13606,JAC,JS 4,2023,automatic,petrol,White,95857,D00021
V0015520,,"88902",FLT13600,JAC,JS 4,2023,automatic,petrol,White,70278,D00021
V0015521,,"88795",FLT13567,JAC,JS 4,2023,automatic,petrol,White,72485,D00021
V0015522,,"88915",FLT13611,JAC,JS 4,2023,automatic,petrol,White,92759,D00021
V0015524,,"88706",FLT13602,JAC,JS 4,2023,automatic,petrol,White,96744,D00021
V0015526,,"84539",FLT13661,NIS,Altima,2023,automatic,petrol,White,96415,D00021
V0015533,,"73295",FLT13686,NIS,Sunny,2023,automatic,petrol,White,99261,D00021
V0015534,,"73315",FLT13712,NIS,Sunny,2023,automatic,petrol,White,108290,D00021
V0015535,,"73340",FLT13691,NIS,Sunny,2023,automatic,petrol,White,121727,D00021
V0015539,,"66579",FLT13739,MIT,Attrage,2023,automatic,petrol,White,63916,D00021
V0015542,,"65498",FLT13774,MIT,Attrage,2023,automatic,petrol,White,85567,D00021
V0015545,,"65485",FLT13782,MIT,Attrage,2023,automatic,petrol,White,72050,D00021
V0015546,,"70792",FLT13770,MIT,Attrage,2023,automatic,petrol,White,115216,D00021
V0015547,,"55967",FLT13850,MIT,Outlander,2023,automatic,petrol,White,53761,D00021
V0015548,,"66479",'-,NIS,Sunny,2023,automatic,petrol,White,131395,D00021
V0015550,,"99640",'-,NIS,Sunny,2023,automatic,petrol,White,75544,D00021
V0015553,,"65701",FLT13822,NIS,Sunny,2023,automatic,petrol,White,86230,D00021
V0015558,,"35675",'-,MGM,MG5,2023,automatic,petrol,White,78331,D00021
V0015561,,"35671",FLT13961,MGM,MG5,2023,automatic,petrol,White,106413,D00021
V0015563,,"32603",FLT13943,MGM,RX5,2023,automatic,petrol,Grey,105838,D00021
V0015566,,"35664",FLT13973,MGM,RX5,2023,automatic,petrol,Grey,57524,D00021
V0015567,,"32602",FLT13962,MGM,RX5,2023,automatic,petrol,White,70633,D00021
V0015569,,"56143",'-,MIT,Attrage,2023,automatic,petrol,White,98486,D00021
V0015571,,"62364",FLT13915,MIT,Attrage,2023,automatic,petrol,White,91505,D00021
V0015575,,"56133",FLT13884,MIT,Attrage,2023,automatic,petrol,White,74284,D00021
V0015577,,"54811",'-,NIS,X-TERRA,2023,automatic,petrol,White,134737,D00021
V0015578,,"54813",FLT13874,NIS,X-TERRA,2023,automatic,petrol,White,85872,D00021
V0015579,,"49410",'-,JAC,JS 4,2023,automatic,petrol,Blue,66670,D00021
V0015585,,"85336",FLT14064,JAC,JS 4,2023,automatic,petrol,White,93533,D00021
V0015588,,"31954",FLT14139,JAC,JS 4,2023,automatic,petrol,White,65412,D00021
V0015589,,"51421",FLT14057,JAC,JS 4,2023,automatic,petrol,Blue,87426,D00021
V0015593,,"31938",FLT14134,JAC,JS 4,2023,automatic,petrol,Blue,56859,D00021
V0015595,,"31950",FLT14165,JAC,JS 4,2023,automatic,petrol,White,71097,D00021
V0015596,,"86964",FLT14062,JAC,JS 4,2023,automatic,petrol,White,87548,D00021
V0015599,,"38579",FLT14006,NIS,Sunny,2023,automatic,petrol,White,106192,D00021
V0015605,,"38586",FLT14005,NIS,Sunny,2023,automatic,petrol,White,93898,D00021
V0015606,,"38572",FLT14002,NIS,Sunny,2023,automatic,petrol,White,83488,D00021
V0015610,,"62128",FLT14224,MIT,XPANDER,2023,automatic,petrol,Silver,96877,D00021
V0015613,,"15393",FLT14690,JAC,JS 4,2024,automatic,petrol,Grey,65591,D00021
V0015615,,"14602",FLT14753,JAC,JS 4,2024,automatic,petrol,Grey,85444,D00021
V0015616,,"14589",FLT14750,JAC,JS 4,2024,automatic,petrol,Grey,59110,D00021
V0015619,,"26108",FLT14898,JAC,JS 4,2024,automatic,petrol,White,699521,D00021
V0015623,,"15389",FLT14689,JAC,JS 4,2024,automatic,petrol,Blue,59773,D00021
V0015625,,"62318",FLT14900,JAC,JS 4,2024,automatic,petrol,Blue,57743,D00021
V0015627,,"41643",FLT14766,JAC,JS 4,2024,automatic,petrol,White,74278,D00021
V0015629,,"14293",FLT14763,JAC,JS 4,2024,automatic,petrol,White,68246,D00021
V0015634,,"96037",FLT15142,JAC,JS 4,2024,automatic,petrol,Blue,58803,D00021
V0015635,,"89245",'-,MIT,Montero,2024,automatic,petrol,White,82016,D00021
V0015637,,"42962",FLT14647,MIT,Montero,2024,automatic,petrol,White,76943,D00021
V0015640,,"56870",FLT14731,MIT,Attrage,2024,automatic,petrol,Silver,74591,D00021
V0015646,,"43356",FLT15054,NIS,Sunny,2024,automatic,petrol,White,88831,D00021
V0015647,,"30672",FLT15048,NIS,Sunny,2024,automatic,petrol,White,59264,D00021
V0015649,,"18432",FLT15033,NIS,Sunny,2024,automatic,petrol,Silver,45164,D00021
V0015651,,"35819",FLT15030,NIS,Sunny,2024,automatic,petrol,White,133492,D00021
V0015655,,"17369",FLT15061,NIS,Sunny,2024,automatic,petrol,White,92842,D00021
V0015658,,"48756",FLT14790,MGM,MG5,2024,automatic,petrol,White,42033,D00021
V0015662,,"45923",FLT14846,MGM,MG5,2024,automatic,petrol,White,71873,D00021
V0015664,,"75852",FLT14843,MGM,MG5,2024,automatic,petrol,White,68928,D00021
V0015667,,"39225",FLT14837,MGM,MG5,2024,automatic,petrol,White,76584,D00021
V0015668,,"39263",FLT14866,MGM,MG5,2024,automatic,petrol,White,97852,D00021
V0015669,,"39325",FLT14863,MGM,MG5,2024,automatic,petrol,Silver,81732,D00021
V0015671,,"52873",FLT14854,MGM,MG5,2024,automatic,petrol,White,65987,D00021
V0015672,,"52430",FLT14851,MGM,MG5,2024,automatic,petrol,White,50140,D00021
V0015674,,"68943",FLT14813,MGM,MG5,2024,automatic,petrol,Silver,33190,D00021
V0015678,,"39260",FLT14836,MGM,MG5,2024,automatic,petrol,White,90002,D00021
V0015679,,"52994",FLT14803,MGM,MG5,2024,automatic,petrol,Silver,65660,D00021
V0015681,,"39278",FLT14833,MGM,MG5,2024,automatic,petrol,White,67224,D00021
V0015684,,"71658",FLT14827,MGM,MG5,2024,automatic,petrol,Silver,79844,D00021
V0015685,,"68779",FLT14856,MGM,MG5,2024,automatic,petrol,White,117543,D00021
V0015693,,"30543",FLT15008,MIT,ASX,2024,automatic,petrol,White,58318,D00021
V0015696,,"31852",FLT15022,MIT,ASX,2024,automatic,petrol,White,67814,D00021
V0015699,,"77059",FLT15013,MIT,ASX,2024,automatic,petrol,White,99974,D00021
V0015700,,"30591",FLT14994,MIT,ASX,2024,automatic,petrol,White,88305,D00021
V0015701,,"36911",FLT15021,MIT,ASX,2024,automatic,petrol,White,82990,D00021
V0015709,,"89024",FLT14988,NIS,Altima,2024,automatic,petrol,Silver,74793,D00021
V0015710,,"80968",FLT14997,NIS,Altima,2024,automatic,petrol,Pearl White,53078,D00021
V0015712,,"41696",FLT15025,NIS,Altima,2024,automatic,petrol,Pearl White,74055,D00021
V0015713,,"45761",FLT15002,NIS,Altima,2024,automatic,petrol,Pearl White,79956,D00021
V0015720,,"17687",FLT15221,NIS,Sunny,2024,automatic,petrol,Silver,91474,D00021
V0015733,,"70865",FLT15369,MIT,ASX,2024,automatic,petrol,White,42809,D00021
V0015734,,"91705",FLT15363,MIT,ASX,2024,automatic,petrol,White,26361,D00021
V0015735,,"91707",FLT15361,MIT,ASX,2024,automatic,petrol,White,69986,D00021
V0015737,,"70748",FLT15524,MIT,XPANDER,2024,automatic,petrol,White,44384,D00021
V0015738,,"84515",FLT15523,MIT,XPANDER,2024,automatic,petrol,White,67125,D00021
V0015742,,"88309",FLT15355,MIT,Attrage,2024,automatic,petrol,Grey,137648,D00021
V0015746,,"88294",FLT15340,MIT,Attrage,2024,automatic,petrol,Grey,53998,D00021
V0015748,,"71833",FLT15379,MIT,Attrage,2024,automatic,petrol,White,65946,D00021
V0015752,,"71850",FLT15333,MIT,Attrage,2024,automatic,petrol,White,42532,D00021
V0015753,,"69115",FLT15330,MIT,Attrage,2024,automatic,petrol,White,48455,D00021
V0015754,,"27784",FLT15360,MIT,Attrage,2024,automatic,petrol,White,51167,D00021
V0015756,,"87357",FLT15353,MIT,Attrage,2024,automatic,petrol,Grey,25805,D00021
V0015762,,"50056",'-,NIS,Urvan,2024,automatic,petrol,White,164662,D00021
V0015763,,"49819",FLT15393,NIS,Urvan,2024,automatic,petrol,White,216101,D00021
V0015764,,"37855",'-,MGM,MG5,2024,automatic,petrol,White,67699,D00021
V0015766,,"47655",FLT15542,EXE,MY25,2024,automatic,petrol,Silver,53412,D00021
V0015771,,"52284",FLT15535,EXE,MY25,2024,automatic,petrol,Silver,68350,D00021
V0015772,,"35738",FLT15537,EXE,MY25,2024,automatic,petrol,White,53803,D00021
V0015774,,"57393",FLT16221,JAC,JS 4,2024,automatic,petrol,Black,39468,D00021
V0015776,,"73670",FLT15678,NIS,Altima,2024,automatic,petrol,Silver,73618,D00021
V0015781,,"73672",FLT15677,NIS,Altima,2024,automatic,petrol,Silver,73674,D00021
V0015783,,"73688",FLT15659,NIS,Altima,2024,automatic,petrol,White,65101,D00021
V0015785,,"73226",FLT15676,NIS,Altima,2024,automatic,petrol,White,71750,D00021
V0015786,,"73665",FLT15673,NIS,Altima,2024,automatic,petrol,Silver,59160,D00021
V0015790,,"73061",FLT15689,NIS,Kicks,2024,automatic,petrol,White,43414,D00021
V0015792,,"73165",FLT15713,NIS,Kicks,2024,automatic,petrol,White,505059,D00021
V0015793,,"73164",FLT15680,NIS,Kicks,2024,automatic,petrol,White,44713,D00021
V0015796,,"73076",FLT15701,NIS,Kicks,2024,automatic,petrol,White,35795,D00021
V0015797,,"73067",FLT15698,NIS,Kicks,2024,automatic,petrol,White,44642,D00021
V0015800,,"73062",FLT15688,NIS,Kicks,2024,automatic,petrol,Grey,45658,D00021
V0015805,,"73092",FLT15679,NIS,Kicks,2024,automatic,petrol,White,55801,D00021
V0015808,,"73093",FLT15700,NIS,Kicks,2024,automatic,petrol,White,61566,D00021
V0015814,,"73054",FLT15711,NIS,Kicks,2024,automatic,petrol,Grey,42243,D00021
V0015817,,"63495",FLT15903,NIS,Patrol,2024,automatic,petrol,Grey,54448,D00021
V0015819,,"63499",FLT15907,NIS,Patrol,2024,automatic,petrol,White,50477,D00021
V0015821,,"68949",FLT15622,NIS,Sunny,2024,automatic,petrol,White,91185,D00021
V0015823,,"60849",FLT16475,NIS,Sunny,2024,automatic,petrol,White,53578,D00021
V0015826,,"76642",FLT16472,NIS,Sunny,2024,automatic,petrol,White,69109,D00021
V0015828,,"68941",FLT15619,NIS,Sunny,2024,automatic,petrol,White,38614,D00021
V0015830,,"84152",FLT16469,NIS,Sunny,2024,automatic,petrol,White,61823,D00021
V0015831,,"60895",FLT16301,NIS,Sunny,2024,automatic,petrol,White,41564,D00021
V0015834,,"85791",FLT16498,NIS,Sunny,2024,automatic,petrol,White,55788,D00021
V0015845,,"51901",FLT16489,NIS,Sunny,2024,automatic,petrol,White,54527,D00021
V0015846,,"22659",FLT16320,NIS,Sunny,2024,automatic,petrol,White,58099,D00021
V0015853,,"68954",FLT15630,NIS,Sunny,2024,automatic,petrol,White,93100,D00021
V0015854,,"20679",FLT16480,NIS,Sunny,2024,automatic,petrol,White,74347,D00021
V0015856,,"68319",FLT15627,NIS,Sunny,2024,automatic,petrol,White,41469,D00021
V0015861,,"68316",FLT15621,NIS,Sunny,2024,automatic,petrol,White,58960,D00021
V0015865,,"57434",FLT16471,NIS,Sunny,2024,automatic,petrol,White,69838,D00021
V0015867,,"39485",FLT15415,MGM,MG5,2024,automatic,petrol,White,62910,D00021
V0015870,,"16473",'-,MIT,L 200,2024,automatic,petrol,White,63383,D00021
V0015873,,"18249",FLT15480,NIS,Sunny,2024,automatic,petrol,White,78364,D00021
V0015876,,"79154",FLT15427,NIS,Sunny,2024,automatic,petrol,White,68541,D00021
V0015879,,"98615",FLT15515,NIS,Sunny,2024,automatic,petrol,White,85963,D00021
V0015880,,"85417",FLT15444,NIS,Sunny,2024,automatic,petrol,White,56758,D00021
V0015881,,"85423",FLT15441,NIS,Sunny,2024,automatic,petrol,White,85944,D00021
V0015882,,"26487",FLT15435,NIS,Sunny,2024,automatic,petrol,White,88528,D00021
V0015883,,"83727",FLT15502,NIS,Sunny,2024,automatic,petrol,White,61386,D00021
V0015885,,"87911",FLT15429,NIS,Sunny,2024,automatic,petrol,White,96366,D00021
V0015887,,"85427",FLT15458,NIS,Sunny,2024,automatic,petrol,White,54286,D00021
V0015888,,"26495",FLT15455,NIS,Sunny,2024,automatic,petrol,White,62653,D00021
V0015893,,"85422",FLT15440,NIS,Sunny,2024,automatic,petrol,White,77949,D00021
V0015894,,"75401",FLT15437,NIS,Sunny,2024,automatic,petrol,White,99183,D00021
V0015900,,"68092",FLT15419,NIS,Sunny,2024,automatic,petrol,White,75996,D00021
V0015904,,"86348",FLT15503,NIS,Sunny,2024,automatic,petrol,White,48025,D00021
V0015906,,"37834",'-,MGM,RX5,2024,automatic,petrol,Grey,159363,D00021
V0015907,,"42381",'-,NIS,Urvan,2024,automatic,petrol,White,74363,D00021
V0015908,,"42380",FLT15566,NIS,Urvan,2024,automatic,petrol,White,37328,D00021
V0015909,,"13217",'-,MIT,CANTER EURO 5,2024,manual,diesel,White,61668,D00021
V0015910,,"13970",FLT15862,MIT,CANTER EURO 5,2024,automatic,petrol,White,36748,D00021
V0015917,,"88134",FLT14922,MIT,Attrage,2024,automatic,petrol,Silver,51495,D00021
V0015927,,"82670",FLT14942,MIT,Attrage,2024,automatic,petrol,Grey,61149,D00021
V0015930,,"39628",FLT14929,MIT,Attrage,2024,automatic,petrol,White,46257,D00021
V0015935,,"30622",FLT14944,MIT,Attrage,2024,automatic,petrol,Grey,63386,D00021
V0015936,,"50714",'-,MIT,CANTER EURO 5,2024,manual,diesel,White,130701,D00021
V0015937,,"50696",FLT15145,MIT,CANTER EURO 5,2024,automatic,petrol,White,116518,D00021
V0015938,,"49217",'-,NIS,Urvan,2024,automatic,petrol,White,98256,D00021
V0015939,,"50715",'-,MIT,CANTER EURO 5,2024,manual,diesel,White,103011,D00021
V0015940,,"65629",FLT15102,MIT,CANTER EURO 5,2024,automatic,petrol,White,168711,D00021
V0015942,,"65682",'-,NIS,X-TERRA,2024,automatic,petrol,White,55004,D00021
V0015943,,"51890",'-,NIS,Sunny,2024,automatic,petrol,White,57766,D00021
V0015944,,"22174",FLT15113,NIS,Sunny,2024,automatic,petrol,White,98114,D00021
V0015950,,"22479",FLT15130,NIS,Sunny,2024,automatic,petrol,White,54211,D00021
V0015955,,"22513",FLT15138,NIS,Sunny,2024,automatic,petrol,White,77693,D00021
V0015956,,"86831",'-,TOY,Fortuner,2024,automatic,petrol,White,168967,D00021
V0015964,,"86427",FLT15196,JAC,J7 ( SALOON ),2024,automatic,petrol,Grey,78518,D00021
V0015966,,"85867",FLT15198,JAC,J7 ( SALOON ),2024,automatic,petrol,Grey,73594,D00021
V0015967,,"34138",'-,JAC,JS 4,2024,automatic,petrol,Blue,73019,D00021
V0015970,,"63593",FLT15284,JAC,JS 4,2024,automatic,petrol,Blue,63596,D00021
V0015971,,"48569",FLT15281,JAC,JS 4,2024,automatic,petrol,Blue,57691,D00021
V0015972,,"52248",FLT15280,JAC,JS 4,2024,automatic,petrol,Blue,54296,D00021
V0015975,,"46519",FLT15283,JAC,JS 4,2024,automatic,petrol,Grey,44362,D00021
V0015976,,"51691",FLT15279,JAC,JS 4,2024,automatic,petrol,Blue,41582,D00021
V0015979,,"81956",FLT15285,JAC,JS 4,2024,automatic,petrol,Blue,44902,D00021
V0015985,,"15274",FLT15169,MIT,ASX,2024,automatic,petrol,Silver,61529,D00021
V0015986,,"27251",FLT15192,MIT,XPANDER,2024,automatic,petrol,White,184390,D00021
V0015988,,"15294",FLT15182,MIT,XPANDER,2024,automatic,petrol,White,121346,D00021
V0015991,,"15290",FLT15181,MIT,XPANDER,2024,automatic,petrol,White,86034,D00021
V0015992,,"56379",FLT15297,NIS,Altima,2024,automatic,petrol,Pearl White,104796,D00021
V0015997,,"56381",FLT15298,NIS,Altima,2024,automatic,petrol,Grey,58000,D00021
V0015999,,"92593",'-,NIS,Sunny,2024,automatic,petrol,White,66544,D00021
V0016001,,"17487",FLT15217,NIS,Sunny,2024,automatic,petrol,White,103066,D00021
V0016004,,"64903",FLT15273,NIS,Sunny,2024,automatic,petrol,White,73160,D00021
V0016009,,"79736",FLT15261,NIS,Sunny,2024,automatic,petrol,White,78294,D00021
V0016011,,"34127",FLT15255,NIS,Sunny,2024,automatic,petrol,White,77146,D00021
V0016013,,"68318",FLT15618,NIS,Sunny,2024,automatic,petrol,White,60251,D00021
V0016015,,"89851",FLT16468,NIS,Sunny,2024,automatic,petrol,White,83563,D00021
V0016023,,"68964",FLT15641,NIS,Sunny,2024,automatic,petrol,White,64121,D00021
V0016025,,"68970",FLT15638,NIS,Sunny,2024,automatic,petrol,White,61202,D00021
V0016026,,"51180",FLT16520,NIS,Sunny,2024,automatic,petrol,White,76287,D00021
V0016028,,"22751",FLT16319,NIS,Sunny,2024,automatic,petrol,White,70711,D00021
V0016033,,"20733",FLT16482,NIS,Sunny,2024,automatic,petrol,White,77629,D00021
V0016034,,"38014",FLT16450,NIS,Sunny,2024,automatic,petrol,White,51121,D00021
V0016037,,"22934",FLT16310,NIS,Sunny,2024,automatic,petrol,White,47170,D00021
V0016038,,"20671",FLT16511,NIS,Sunny,2024,automatic,petrol,White,72074,D00021
V0016039,,"82276",FLT16479,NIS,Sunny,2024,automatic,petrol,White,44194,D00021
V0016040,,"60875",FLT15623,NIS,Sunny,2024,automatic,petrol,White,37181,D00021
V0016041,,"75310",FLT16508,NIS,Sunny,2024,automatic,petrol,White,57780,D00021
V0016046,,"78862",FLT16473,NIS,Sunny,2024,automatic,petrol,White,56600,D00021
V0016052,,"68982",FLT15613,NIS,Sunny,2024,automatic,petrol,White,72218,D00021
V0016054,,"93045",FLT16467,NIS,Sunny,2024,automatic,petrol,White,56247,D00021
V0016059,,"22673",FLT16327,NIS,Sunny,2024,automatic,petrol,White,66929,D00021
V0016065,,"51894",FLT16487,NIS,Sunny,2024,automatic,petrol,White,52569,D00021
V0016070,,"74996",FLT15567,MIT,Rosa,2024,automatic,petrol,White,120351,D00021
V0016073,,"42386",FLT15571,MIT,Rosa,2024,automatic,petrol,White,207032,D00021
V0016074,,"56031",FLT15861,MIT,L 200,2024,automatic,petrol,White,71268,D00021
V0016077,,"43098",FLT16777,NIS,Sunny,2024,automatic,petrol,White,50182,D00021
V0016084,,"45330",FLT16775,NIS,Sunny,2024,automatic,petrol,White,114556,D00021
V0016086,,"56638",FLT16096,JAC,J7 ( SALOON ),2024,automatic,petrol,Dark Grey,51688,D00021
V0016087,,"21378",FLT16534,JAC,J7 ( SALOON ),2024,automatic,petrol,White,57061,D00021
V0016092,,"38701",FLT16162,JAC,J7 ( SALOON ),2024,automatic,petrol,White,62663,D00021
V0016099,,"38610",FLT16165,JAC,J7 ( SALOON ),2024,automatic,petrol,White,52098,D00021
V0016100,,"61871",FLT16089,JAC,J7 ( SALOON ),2024,automatic,petrol,Dark Grey,41349,D00021
V0016106,,"56647",FLT16097,JAC,J7 ( SALOON ),2024,automatic,petrol,Dark Grey,44876,D00021
V0016112,,"79211",FLT16212,JAC,JS 4,2024,automatic,petrol,Black,41664,D00021
V0016120,,"91590",FLT16214,JAC,JS 4,2024,automatic,petrol,Black,41871,D00021
V0016121,,"57389",FLT15985,SUZ,BALENO,2024,automatic,petrol,White,48174,D00021
V0016122,,"81247",FLT16019,SUZ,BALENO,2024,automatic,petrol,White,57735,D00021
V0016123,,"57921",FLT15982,SUZ,BALENO,2024,automatic,petrol,White,78798,D00021
V0016125,,"61291",FLT16010,SUZ,BALENO,2024,automatic,petrol,White,42561,D00021
V0016132,,"53712",FLT16351,SUZ,BALENO,2024,automatic,petrol,Beige,36784,D00021
V0016135,,"81223",FLT16027,SUZ,BALENO,2024,automatic,petrol,White,75211,D00021
V0016137,,"57495",FLT15984,SUZ,BALENO,2024,automatic,petrol,White,81850,D00021
V0016138,,"57864",FLT15980,SUZ,BALENO,2024,automatic,petrol,White,55503,D00021
V0016140,,"46206",FLT16365,SUZ,BALENO,2024,automatic,petrol,Silver,92037,D00021
V0016141,,"96371",FLT15975,SUZ,BALENO,2024,automatic,petrol,White,60710,D00021
V0016144,,"81137",FLT16003,SUZ,BALENO,2024,automatic,petrol,White,53782,D00021
V0016146,,"44127",FLT16379,SUZ,BALENO,2024,automatic,petrol,White,80454,D00021
V0016151,,"43674",FLT16375,SUZ,BALENO,2024,automatic,petrol,White,62206,D00021
V0016153,,"16247",FLT16366,SUZ,BALENO,2024,automatic,petrol,White,81300,D00021
V0016154,,"43197",FLT16380,SUZ,BALENO,2024,automatic,petrol,White,55363,D00021
V0016157,,"46152",FLT16368,SUZ,BALENO,2024,automatic,petrol,Silver,64724,D00021
V0016160,,"95428",FLT16161,NIS,Altima,2024,automatic,petrol,Silver,57847,D00021
V0016161,,"16249",FLT16405,MGM,MG 3,2024,automatic,petrol,Silver,69460,D00021
V0016163,,"16343",FLT16399,MGM,MG 3,2024,automatic,petrol,Silver,43544,D00021
V0016174,,"92236",FLT16415,MGM,MG 3,2024,automatic,petrol,Silver,88280,D00021
V0016175,,"44581",FLT16383,MGM,MG 3,2024,automatic,petrol,Silver,51263,D00021
V0016177,,"16098",FLT16406,MGM,MG 3,2024,automatic,petrol,Silver,67049,D00021
V0016178,,"16332",FLT16403,MGM,MG 3,2024,automatic,petrol,Silver,48115,D00021
V0016179,,"15944",FLT16400,MGM,MG 3,2024,automatic,petrol,Silver,45011,D00021
V0016185,,"23298",FLT16411,MGM,MG 3,2024,automatic,petrol,Silver,42048,D00021
V0016189,,"24772",FLT16726,NIS,Altima,2024,automatic,petrol,Grey,94067,D00021
V0016193,,"30436",FLT16725,NIS,Altima,2024,automatic,petrol,Grey,52254,D00021
V0016194,,"29114",FLT16722,NIS,Altima,2024,automatic,petrol,Silver,44547,D00021
V0016196,,"25637",FLT16727,NIS,Altima,2024,automatic,petrol,Grey,52192,D00021
V0016197,,"27425",FLT16724,NIS,Altima,2024,automatic,petrol,Grey,47636,D00021
V0016200,,"12890",FLT16793,NIS,Kicks,2024,automatic,petrol,White,72873,D00021
V0016204,,"95962",FLT16787,NIS,Kicks,2024,automatic,petrol,White,57834,D00021
V0016207,,"13862",FLT16760,NIS,Kicks,2024,automatic,petrol,White,47676,D00021
V0016210,,"98259",FLT16751,NIS,Kicks,2024,automatic,petrol,White,42068,D00021
V0016219,,"11503",FLT16762,NIS,Kicks,2024,automatic,petrol,White,41505,D00021
V0016220,,"12937",FLT16759,NIS,Kicks,2024,automatic,petrol,White,50002,D00021
V0016222,,"59288",FLT16750,NIS,Kicks,2024,automatic,petrol,White,47038,D00021
V0016225,,"54617",FLT16272,JAC,JS 4,2024,automatic,petrol,Black,47742,D00021
V0016227,,"78137",FLT16208,JAC,JS 4,2024,automatic,petrol,Black,43231,D00021
V0016232,,"56944",FLT16225,JAC,JS 4,2024,automatic,petrol,Black,67777,D00021
V0016235,,"87470",FLT16274,JAC,JS 4,2024,automatic,petrol,Black,51119,D00021
V0016238,,"54735",FLT16236,JAC,JS 4,2024,automatic,petrol,Black,95097,D00021
V0016241,,"56102",FLT16227,JAC,JS 4,2024,automatic,petrol,Black,41375,D00021
V0016243,,"81277",FLT16282,JAC,JS 4,2024,automatic,petrol,Black,44875,D00021
V0016245,,"56746",FLT16119,EXE,MY25,2024,automatic,petrol,Blue,61042,D00021
V0016246,,"56739",FLT16116,EXE,MY25,2024,automatic,petrol,Grey,50060,D00021
V0016248,,"26035",FLT16110,EXE,MY25,2024,automatic,petrol,Silver,46805,D00021
V0016249,,"85247",FLT16107,EXE,MY25,2024,automatic,petrol,White,46182,D00021
V0016251,,"56740",FLT16115,EXE,MY25,2024,automatic,petrol,Blue,53578,D00021
V0016256,,"56736",FLT16117,EXE,MY25,2024,automatic,petrol,Silver,21434,D00021
V0016259,,"85332",FLT16108,EXE,MY25,2024,automatic,petrol,White,69532,D00021
V0016260,,"46457",FLT16353,SUZ,BALENO,2024,automatic,petrol,Silver,57529,D00021
V0016261,,"46930",FLT16350,SUZ,BALENO,2024,automatic,petrol,Silver,62551,D00021
V0016269,,"61329",FLT15974,SUZ,BALENO,2024,automatic,petrol,White,55465,D00021
V0016273,,"61307",FLT16002,SUZ,BALENO,2024,automatic,petrol,White,50501,D00021
V0016277,,"46967",FLT16349,SUZ,BALENO,2024,automatic,petrol,Silver,54138,D00021
V0016278,,"81175",FLT15988,SUZ,BALENO,2024,automatic,petrol,White,54407,D00021
V0016279,,"81248",FLT16164,SUZ,BALENO,2024,automatic,petrol,White,46337,D00021
V0016285,,"38068",FLT16449,NIS,Sunny,2024,automatic,petrol,White,60684,D00021
V0016286,,"68938",FLT15628,NIS,Sunny,2024,automatic,petrol,White,67173,D00021
V0016287,,"20675",FLT16513,NIS,Sunny,2024,automatic,petrol,White,41789,D00021
V0016289,,"20728",FLT16510,NIS,Sunny,2024,automatic,petrol,White,41013,D00021
V0016291,,"57601",FLT16042,NIS,Sunny,2024,automatic,petrol,Silver,63287,D00021
V0016293,,"59152",FLT16036,NIS,Sunny,2024,automatic,petrol,Silver,57658,D00021
V0016294,,"24049",FLT16062,NIS,Sunny,2024,automatic,petrol,Silver,53446,D00021
V0016295,,"40947",FLT16059,NIS,Sunny,2024,automatic,petrol,Silver,77493,D00021
V0016297,,"66357",FLT16053,NIS,Sunny,2024,automatic,petrol,Silver,39903,D00021
V0016298,,"55630",FLT16050,NIS,Sunny,2024,automatic,petrol,Silver,86221,D00021
V0016306,,"78362",FLT16049,NIS,Sunny,2024,automatic,petrol,Silver,74049,D00021
V0016307,,"54365",FLT16046,NIS,Sunny,2024,automatic,petrol,Silver,43168,D00021
V0016310,,"58768",FLT16037,NIS,Sunny,2024,automatic,petrol,Silver,101785,D00021
V0016311,,"92470",FLT16034,NIS,Sunny,2024,automatic,petrol,Silver,54799,D00021
V0016312,,"30397",FLT16063,NIS,Sunny,2024,automatic,petrol,Silver,14457,A00095
V0016314,,"63514",FLT15902,NIS,X-TERRA,2024,automatic,petrol,Grey,50799,D00021
V0016315,,"63519",FLT15893,NIS,X-TERRA,2024,automatic,petrol,White,95990,D00021
V0016316,,"63510",FLT15901,NIS,X-TERRA,2024,automatic,petrol,Grey,60246,D00021
V0016319,,"80573",FLT16249,NIS,Altima,2024,automatic,petrol,White,151240,D00021
V0016324,,"85046",FLT16771,NIS,Altima,2024,automatic,petrol,White,41666,D00021
V0016329,,"60816",FLT16332,NIS,Altima,2024,automatic,petrol,White,79908,D00021
V0016332,,"25611",FLT16148,NIS,Altima,2024,automatic,petrol,White,45769,D00021
V0016333,,"18570",FLT16798,NIS,Altima,2024,automatic,petrol,Black,34493,D00021
V0016337,,"91902",FLT16245,NIS,Altima,2024,automatic,petrol,White,45330,D00021
V0016339,,"53204",FLT16242,NIS,Altima,2024,automatic,petrol,White,70101,D00021
V0016340,,"84979",FLT16767,NIS,Altima,2024,automatic,petrol,White,41307,D00021
V0016342,,"25387",FLT16153,NIS,Altima,2024,automatic,petrol,White,40215,D00021
V0016351,,"25269",FLT16155,NIS,Altima,2024,automatic,petrol,White,700064,D00021
V0016354,,"25637",FLT16152,NIS,Altima,2024,automatic,petrol,White,48487,D00021
V0016358,,"89411",FLT16255,NIS,X-TERRA,2024,automatic,petrol,Grey,64291,D00021
V0016359,,"90642",FLT16252,NIS,X-TERRA,2024,automatic,petrol,White,44641,D00021
V0016360,,"77962",FLT16265,NIS,X-TERRA,2024,automatic,petrol,White,51752,D00021
V0016361,,"83575",FLT16262,NIS,X-TERRA,2024,automatic,petrol,White,48194,D00021
V0016362,,"80499",FLT16257,NIS,X-TERRA,2024,automatic,petrol,Grey,72256,D00021
V0016367,,"84650",FLT16263,NIS,X-TERRA,2024,automatic,petrol,White,65551,D00021
V0016368,,"57293",FLT15854,NIS,Sunny,2024,automatic,petrol,White,53106,D00021
V0016369,,"55018",FLT15852,NIS,Sunny,2024,automatic,petrol,White,40085,D00021
V0016370,,"55014",FLT15849,NIS,Sunny,2024,automatic,petrol,White,50466,D00021
V0016372,,"54992",FLT15843,NIS,Sunny,2024,automatic,petrol,White,70292,D00021
V0016376,,"57304",FLT15858,NIS,Sunny,2024,automatic,petrol,White,101126,D00021
V0016377,,"57291",FLT15853,NIS,Sunny,2024,automatic,petrol,White,88333,D00021
V0016380,,"73640",FLT15758,NIS,Patrol,2024,automatic,petrol,White,194983,D00021
V0016384,,"93586",FLT16788,NIS,Kicks,2024,automatic,petrol,White,110921,D00021
V0016385,,"87807",FLT16785,NIS,Kicks,2024,automatic,petrol,White,39935,D00021
V0016386,,"12837",FLT16761,NIS,Kicks,2024,automatic,petrol,White,51913,D00021
V0016387,,"98557",FLT16758,NIS,Kicks,2024,automatic,petrol,White,39330,D00021
V0016389,,"98056",FLT16752,NIS,Kicks,2024,automatic,petrol,White,45000,D00021
V0016392,,"87354",FLT16526,SUZ,Ciaz,2024,automatic,petrol,Silver,44155,D00021
V0016394,,"38295",FLT16523,SUZ,Ciaz,2024,automatic,petrol,Silver,56982,D00021
V0016398,,"98685",FLT16640,SUZ,Ciaz,2024,automatic,petrol,White,52875,D00021
V0016399,,"87842",FLT16608,SUZ,Ciaz,2024,automatic,petrol,Red,70611,D00021
V0016401,,"32249",FLT16602,SUZ,Ciaz,2024,automatic,petrol,Silver,53771,D00021
V0016402,,"17988",FLT16631,SUZ,Ciaz,2024,automatic,petrol,White,49395,D00021
V0016407,,"88301",FLT16590,SUZ,Ciaz,2024,automatic,petrol,Grey,85149,D00021
V0016412,,"87831",FLT16525,SUZ,Ciaz,2024,automatic,petrol,Red,53773,D00021
V0016413,,"27968",FLT16696,SUZ,Ciaz,2024,automatic,petrol,White,51111,D00021
V0016415,,"78380",FLT16613,SUZ,Ciaz,2024,automatic,petrol,White,50807,D00021
V0016419,,"98697",FLT16636,SUZ,Ciaz,2024,automatic,petrol,White,56526,D00021
V0016420,,"91208",FLT16604,SUZ,Ciaz,2024,automatic,petrol,Brown,41899,D00021
V0016425,,"83642",FLT16595,SUZ,Ciaz,2024,automatic,petrol,Silver,41121,D00021
V0016430,,"85153",FLT16530,SUZ,Ciaz,2024,automatic,petrol,Silver,42912,D00021
V0016431,,"38359",FLT16615,SUZ,Ciaz,2024,automatic,petrol,White,102029,D00021
V0016433,,"99037",FLT16687,SUZ,Ciaz,2024,automatic,petrol,White,36791,D00021
V0016434,,"61770",FLT16644,SUZ,Ciaz,2024,automatic,petrol,White,45387,D00021
V0016438,,"98690",FLT16638,SUZ,Ciaz,2024,automatic,petrol,White,63718,D00021
V0016444,,"90716",FLT16594,SUZ,Ciaz,2024,automatic,petrol,Brown,45268,D00021
V0016445,,"27960",FLT16626,SUZ,Ciaz,2024,automatic,petrol,White,71658,D00021
V0016450,,"11684",FLT16720,ASH,Falcon,2024,automatic,petrol,White,81618,D00021
V0016452,,"22891",FLT16692,NIS,Urvan,2024,automatic,petrol,White,239052,D00021
V0016453,,"22894",FLT16689,NIS,Urvan,2024,automatic,petrol,White,187930,D00021
V0016454,,"39197",FLT16710,NIS,Urvan,2024,automatic,petrol,White,228826,D00021
V0016455,,"33649",FLT16704,NIS,Urvan,2024,automatic,petrol,White,196880,D00021
V0016456,,"33659",FLT16701,NIS,Urvan,2024,automatic,petrol,White,160136,D00021
V0016457,,"22893",FLT16691,NIS,Urvan,2024,automatic,petrol,White,259067,D00021
V0016458,,"22895",FLT16688,NIS,Urvan,2024,automatic,petrol,White,276374,D00021
V0016461,,"33672",FLT16706,NIS,Urvan,2024,automatic,petrol,White,177944,D00021
V0016463,,"33658",FLT16700,NIS,Urvan,2024,automatic,petrol,White,170683,D00021
V0016464,,"33651",FLT16697,NIS,Urvan,2024,automatic,petrol,White,201049,D00021
V0016465,,"22892",FLT16690,NIS,Urvan,2024,automatic,petrol,White,211930,D00021
V0016466,,"26186",FLT16674,NIS,Urvan,2024,automatic,petrol,White,344113,D00021
V0016467,,"33671",FLT16705,NIS,Urvan,2024,automatic,petrol,White,184512,D00021
V0016468,,"33670",FLT16702,NIS,Urvan,2024,automatic,petrol,White,207905,D00021
V0016469,,"22875",FLT16695,NIS,Urvan,2024,automatic,petrol,White,260429,D00021
V0016471,,"32066",FLT16737,NIS,Xtrail,2024,automatic,petrol,Brown,42363,D00021
V0016475,,"69535",FLT16878,NIS,Kicks,2024,automatic,petrol,White,73000,D00021
V0016476,,"69548",FLT16875,NIS,Kicks,2024,automatic,petrol,White,60600,D00021
V0016477,,"70823",FLT16872,NIS,Kicks,2024,automatic,petrol,White,47862,D00021
V0016480,,"26930",FLT16863,NIS,Kicks,2024,automatic,petrol,White,60112,D00021
V0016483,,"66358",FLT16883,NIS,Kicks,2024,automatic,petrol,White,11620,D00021
V0016484,,"84137",FLT16812,NIS,Kicks,2024,automatic,petrol,White,54263,D00021
V0016494,,"66045",FLT16885,NIS,Kicks,2024,automatic,petrol,White,48666,D00021
V0016496,,"66861",FLT16882,NIS,Kicks,2024,automatic,petrol,White,44301,D00021
V0016499,,"70617",FLT16876,NIS,Kicks,2024,automatic,petrol,White,57320,D00021
V0016502,,"85014",FLT16867,NIS,Kicks,2024,automatic,petrol,White,102000,D00021
V0016510,,"26328",FLT16854,NIS,Kicks,2024,automatic,petrol,White,57272,D00021
V0016511,,"68640",FLT16848,SUZ,ERTIGA,2024,automatic,petrol,White,88371,D00021
V0016512,,"38672",FLT16816,SUZ,ERTIGA,2024,automatic,petrol,White,80426,D00021
V0016513,,"68518",FLT16845,SUZ,ERTIGA,2024,automatic,petrol,White,74601,D00021
V0016517,,"50495",FLT16830,SUZ,ERTIGA,2024,automatic,petrol,White,55690,D00021
V0016518,,"24960",FLT16827,SUZ,ERTIGA,2024,automatic,petrol,White,80829,D00021
V0016519,,"38052",FLT16824,SUZ,ERTIGA,2024,automatic,petrol,White,72555,D00021
V0016522,,"69357",FLT16850,SUZ,ERTIGA,2024,automatic,petrol,White,45300,D00021
V0016523,,"38947",FLT16818,SUZ,ERTIGA,2024,automatic,petrol,White,89847,D00021
V0016525,,"68413",FLT16844,SUZ,ERTIGA,2024,automatic,petrol,White,81636,D00021
V0016526,,"98253",FLT16841,SUZ,ERTIGA,2024,automatic,petrol,White,80660,D00021
V0016527,,"97603",FLT16838,SUZ,ERTIGA,2024,automatic,petrol,White,80353,D00021
V0016528,,"34101",FLT16835,SUZ,ERTIGA,2024,automatic,petrol,White,90662,D00021
V0016529,,"93458",FLT16832,SUZ,ERTIGA,2024,automatic,petrol,White,76658,D00021
V0016531,,"28965",FLT16826,SUZ,ERTIGA,2024,automatic,petrol,White,106680,D00021
V0016533,,"68642",FLT16852,SUZ,ERTIGA,2024,automatic,petrol,White,57689,D00021
V0016535,,"68740",FLT16849,SUZ,ERTIGA,2024,automatic,petrol,White,77892,D00021
V0016537,,"68643",FLT16846,SUZ,ERTIGA,2024,automatic,petrol,White,31207,D00021
V0016539,,"98324",FLT16840,SUZ,ERTIGA,2024,automatic,petrol,White,55274,D00021
V0016540,,"27656",FLT16837,SUZ,ERTIGA,2024,automatic,petrol,White,36915,D00021
V0016543,,"73051",FLT16828,SUZ,ERTIGA,2024,automatic,petrol,White,76033,D00021
V0016544,,"35267",FLT16825,SUZ,ERTIGA,2024,automatic,petrol,White,88682,D00021
V0016546,,"68791",FLT16851,SUZ,ERTIGA,2024,automatic,petrol,White,78288,D00021
V0016547,,"97483",FLT16819,SUZ,ERTIGA,2024,automatic,petrol,White,66335,D00021
V0016549,,"99318",FLT16756,NIS,Kicks,2024,automatic,petrol,White,35953,D00021
V0016550,,"96890",FLT15977,SUZ,BALENO,2024,automatic,petrol,White,51808,D00021
V0016551,,"98702",FLT16639,SUZ,Ciaz,2024,automatic,petrol,White,70480,D00021
V0016553,,"56128","56128",NIS,Urvan,2024,automatic,petrol,White,123525,A00095
V0016558,,"26435","26435",TOY,Innova Hybrid,2024,automatic,petrol,White,90256,M00130
V0016561,,"56698","56698",JAC,J7 ( SALOON ),2024,automatic,petrol,Black,67063,A00095
V0016566,,"41672","41672",MAZ,Mazda 6,2024,automatic,petrol,Red,72512,A00095
V0016567,,"98611","98611",NIS,Sunny,2024,automatic,petrol,White,67453,A00095
V0016570,,"23261","23261",MGM,MG 3,2024,automatic,petrol,Grey,78176,A00095
V0016571,,"78166","78166",MIT,ASX,2024,automatic,petrol,White,62304,A00095
V0016572,,"53317","53317",NIS,Sunny,2024,automatic,petrol,White,75225,A00095
V0016575,,"81517",'-,TOY,Rav 4,2024,automatic,petrol,White,53505,D00021
V0016579,,"50671",'-,ZHO,Zhongtong bus,2024,manual,diesel,White,67650,D00021
V0016582,,"79255",'-,NIS,Sunny,,automatic,petrol,Silver,69816,A00095
V0016584,,"26436",'-,TOY,Innova,2024,automatic,petrol,White,100393,M00130
V0016586,,"90287",'-,JAC,JS 4,2023,automatic,petrol,White,77352,D00021
V0016587,,"98627",'-,NIS,Sunny,2024,automatic,petrol,White,56827,A00095
V0016591,,"73052","73052",NIS,Kicks,2024,automatic,petrol,Grey,55187,A00095
V0016600,,"60692",'-,NIS,Patrol,,automatic,petrol,White,111947,A00095
V0016601,,"22957",'-,NIS,Sunny,,automatic,petrol,White,23288,A00095
V0016602,,"96077",'-,NIS,Sunny,,automatic,petrol,White,61137,A00095
V0016604,,"74150",'-,NIS,Altima,,automatic,petrol,White,62094,A00097
V0016607,,"83201",'-,NIS,Sunny,,automatic,petrol,White,64274,A00097
V0016611,,"10749",'-,MGM,MG5,2024,automatic,petrol,Silver,42398,D00021
V0016612,,"73175",'-,NIS,Kicks,2024,automatic,petrol,White,98448,A00095
V0016616,,"47648",'-,MIT,L 200,,automatic,petrol,White,126158,A00095
V0016617,,"23172",'-,MGM,MG 3,,automatic,petrol,Grey,55714,A00097
V0016618,,"91275",'-,NIS,Patrol,,automatic,petrol,Grey,83940,A00097
V0016619,,"38236",'-,JAC,J7,,automatic,petrol,White,65569,A00097
V0016624,,"60815",,MIT,Attrage,,automatic,petrol,White,63099,A00097
V0016627,,"54155",,NIS,Urvan,,automatic,petrol,White,115242,A00095
V0016628,,"81210",,NIS,X-TERRA,,automatic,petrol,White,42306,A00097
V0016629,,"31925",,JAC,JS 4,,automatic,petrol,Grey,67235,A00097
V0016630,,"89280",'-,EXE,LX 1.5 T,2024,automatic,petrol,White,57945,D00021
V0016632,,"74325",,NIS,Sunny,,automatic,petrol,White,70382,A00097
V0016636,,"61332",,SUZ,BALENO,,automatic,petrol,White,78717,A00097
V0016637,,"44521",,MGM,MG5,,automatic,petrol,White,56211,A00097
V0016638,,"70893",'-,MGM,MG5,2024,automatic,petrol,Silver Grey,73561,A00095
V0016639,,"31706",,MGM,MG5,,automatic,petrol,Silver,92580,A00097
V0016640,,"43017",'-,SUZ,BALENO,2024,automatic,petrol,White,55688,A00095
V0016641,,"22184",,NIS,Sunny,,automatic,petrol,White,75761,A00097
V0016644,,"45407",,NIS,Sunny,,automatic,petrol,Silver,60661,A00097
V0016647,,"20643",,MIT,XPANDER,,automatic,petrol,White,155405,A00097
V0016656,,"39486",,NIS,Urvan,2024,automatic,petrol,White,296593,A00095
V0016657,,"22746",,NIS,Sunny,,automatic,petrol,White,82406,A00097
V0016659,,"54319",,MIT,CANTER EURO 5,,automatic,petrol,White,38124,A00095
V0016661,,"63347",'-,JAC,JS 4,2023,automatic,petrol,Blue,61304,D00021
V0016662,,"96081",'-,NIS,Sunny,2024,automatic,petrol,White,62583,D00021
V0016666,,"63915",'-,TOY,Innova,2024,automatic,petrol,White,99765,M00130
V0016667,,"63916",'-,TOY,Innova,2024,automatic,petrol,White,100500,M00130
V0016668,,"63917",'-,TOY,Innova,2024,automatic,petrol,White,89672,M00130
V0016669,,"63918",'-,TOY,Innova Hybrid,2024,automatic,petrol,White,100001,M00130
V0016670,,"9284","9284",TOY,Camry,2024,automatic,petrol,Silver/Beige,306020,A00115
V0016680,,"9203",,TOY,Camry,,automatic,petrol,Silver,284764,A00115
V0016681,,"84654",'-,EXE,LX 1.5 T,2024,automatic,petrol,Grey,73725,A00095
V0016686,,"21961",,NIS,Sunny,,automatic,petrol,White,84630,A00097
V0016689,,"5170",,TOY,Camry,,automatic,petrol,Silver,283086,A00115
V0016697,,"34739",,NIS,Sunny,,automatic,petrol,White,113228,A00097
V0016698,,"60713",,MIT,Attrage,,automatic,petrol,White,84032,A00097
V0016703,,"5180",,TOY,Camry,,automatic,petrol,Silver,286402,A00115
V0016704,,"19064",,NIS,Sunny,,automatic,petrol,White,67442,A00097
V0016705,,"52681",'-,MGM,MG5,2024,automatic,petrol,Silver Grey,49680,D00021
V0016709,,"27864",'-,SUZ,Ciaz,2024,automatic,petrol,White,78994,D00021
V0016710,,"49259",,MIT,Rosa,,automatic,petrol,Yellow,50700,A00097
V0016717,,"14983",'-,SUZ,Ciaz,2024,automatic,petrol,White,55286,D00021
V0016718,,"30264",,SUZ,Ciaz,,automatic,petrol,Silver,46275,A00097
V0016719,,"44502",'-,MGM,MG5,2024,automatic,petrol,White,76517,D00021
V0016721,,"27855",,SUZ,Ciaz,,automatic,petrol,White,53399,A00097
V0016724,,"27962",'-,SUZ,Ciaz,2024,automatic,petrol,Brown,59267,D00021
V0016730,,"5575","5775",TOY,Camry,2024,automatic,petrol,Silver Grey,222293,A00115
V0016731,,"60529",,NIS,Patrol,,automatic,petrol,White,74181,A00097
V0016733,,"73681",,NIS,Altima,,automatic,petrol,Grey,91308,A00097
V0016740,,"10852",'-,MGM,MG5,2024,automatic,petrol,Silver,41559,D00021
V0016742,,"22954",'-,NIS,Sunny,2024,automatic,petrol,White,35966,D00021
V0016747,,"59408",,NIS,Patrol,,automatic,petrol,White,77557,A00097
V0016748,,"23291",,MGM,MG 3,,automatic,petrol,Grey,53562,A00097
V0016754,,"22896",,NIS,Sunny,,automatic,petrol,White,74039,A00097
V0016756,,"90576",,JAC,JS 4,,automatic,petrol,Black,46937,A00097
V0016757,,"92665",,JAC,JS 4,,automatic,petrol,Black,50766,A00097
V0016760,,"47810",,MIT,Rosa,,automatic,petrol,Yellow,47202,F00024
V0016768,,"49277",,MIT,Rosa,,manual,diesel,Yellow,44562,A00095
V0016773,,"56127",,MIT,Attrage,,automatic,petrol,White,126507,A00097
V0016774,,"48620",,JAC,JS 4,,automatic,petrol,Grey,57677,A00097
V0016776,,"97951",,MIT,Rosa,,automatic,petrol,Yellow,59786,F00018
V0016777,,"48030",,MIT,Rosa,,automatic,petrol,Yellow,65671,F00018
V0016778,,"47909",,MIT,Rosa,,automatic,petrol,Yellow,55359,F00001
V0016779,,"73642",,NIS,Patrol,2024,automatic,petrol,White,198869,D00021
V0016780,,"89149",'-,TOY,Hybrid Camry,,automatic,petrol,White,1349870,A00152
V0016781,,"90105",'-,TOY,Hybrid Camry,2025,automatic,hybrid,White,138625,A00152
V0016782,,"90078",'-,TOY,Hybrid Camry,2025,automatic,hybrid,White,175554,A00152
V0016783,,"90012",'-,TOY,Hybrid Camry,,automatic,hybrid,White,173465,A00152
V0016784,,"89238",'-,TOY,Hybrid Camry,2025,automatic,hybrid,White,180801,A00152
V0016785,,"89674",'-,TOY,Hybrid Camry,,automatic,hybrid,White,177203,A00152
V0016786,,"90039",'-,TOY,Hybrid Camry,,automatic,hybrid,White,161709,A00152
V0016787,,"89916",'-,TOY,Hybrid Camry,2025,automatic,hybrid,White,150956,A00152
V0016788,,"89027",'-,TOY,Camry,,automatic,hybrid,White,177483,A00152
V0016789,,"89908",'-,TOY,Hybrid Camry,2025,automatic,hybrid,White,147336,A00152
V0016790,,"90003",'-,TOY,Hybrid Camry,2025,automatic,hybrid,White,158446,A00152
V0016794,,"89675",'-,TOY,Hybrid Camry,,automatic,hybrid,White,183672,A00152
V0016795,,"89123",'-,TOY,Hybrid Camry,2025,automatic,hybrid,White,218089,A00152
V0016796,,"89988",'-,TOY,Hybrid Camry,2025,automatic,hybrid,White,166317,A00152
V0016797,,"90099",'-,TOY,Hybrid Camry,,automatic,hybrid,White,173000,A00152
V0016802,,"37581",,SUZ,ERTIGA,,automatic,petrol,White,602862,A00095
V0016805,,"47038",,SUZ,BALENO,,automatic,petrol,Grey,49158,A00097
V0016806,,"92607",,MGM,MG 3,,automatic,petrol,Silver,53508,A00097
V0016812,,"48526",,MIT,Rosa,,automatic,petrol,Yellow,41965,F00001
V0016813,,"41725",'-,MAZ,Mazda 6,2024,automatic,petrol,Beige,56387,A00097
V0016816,,"19278",,MIT,XPANDER,,automatic,petrol,White,122817,A00097
V0016819,,"10737",'-,MGM,MG5,2024,automatic,petrol,White,73188,D00021
V0016823,,"42057",,MIT,Rosa,,automatic,petrol,White,106424,F00001
V0016825,,"19504",,SUZ,BALENO,,automatic,petrol,White,56223,A00097
V0016826,,"39485",'-,NIS,Urvan,2024,manual,petrol,White,135408,D00021
V0016827,,"74551",'-,SUZ,Ciaz,2024,automatic,petrol,Grey,46674,D00021
V0016830,,"96730",,MIT,Rosa,,automatic,petrol,Yellow,54084,F00018
V0016831,,"9171",,TOY,Camry,,automatic,petrol,Silver,268464,A00115
V0016832,,"47617",,MIT,Rosa,,automatic,petrol,Yellow,41850,F00001
V0016834,,"38197",'-,EXE,LX 1.5 T,2024,automatic,petrol,Silver,46419,D00021
V0016837,,"37879",,SUZ,ERTIGA,,automatic,petrol,White,61305,S00044
V0016839,,"22183",'-,MIT,Attrage,2024,automatic,petrol,Silver,59601,A00095
V0016840,,"88534",,MIT,Rosa,,automatic,petrol,Yellow,29985,F00001
V0016841,,"49248",,MIT,Rosa,,automatic,petrol,Yellow,49472,F00001
V0016843,,"27943",,SUZ,Ciaz,,automatic,petrol,Grey,38164,A00097
V0016844,,"10745",'-,MGM,MG5,2024,automatic,petrol,Silver,48597,D00021
V0016849,,"9291",,TOY,Camry,,automatic,petrol,Silver,251858,A00115
V0016851,,"32257",,SUZ,Ciaz,,automatic,petrol,White,75289,A00097
V0016852,,"41733",,MAZ,Mazda 6,,automatic,petrol,Beige,437388,A00097
V0016858,,"48529",,MIT,Rosa,,automatic,petrol,Yellow,53952,F00001
V0016859,,"9186",,TOY,Camry,,automatic,petrol,Silver,295878,A00115
V0016860,,"22519",'-,EXE,LX 1.5 T,2025,automatic,petrol,Silver,37623,D00021
V0016864,,"23187",'-,MGM,MG 3,2024,automatic,diesel,Grey,58745,D00021
V0016868,,"49275",,MIT,Rosa,,automatic,petrol,Yellow,61797,F00001
V0016870,,"9152",,TOY,Camry,,automatic,petrol,Silver,267450,A00115
V0016875,,"23258","23258",MGM,MG 3,2024,automatic,petrol,Grey,48958,A00095
V0016878,,"62794",'-,NIS,Urvan,2024,manual,petrol,White,185862,D00021
V0016882,,"5107","5107",TOY,Camry,2024,automatic,petrol,Silver/Beige,223789,A00115
V0016883,,"20893",'-,EXE,LX 1.5 T,2024,automatic,petrol,Silver,55222,D00021
V0016885,,"47601","47601",MIT,Rosa,2024,automatic,diesel,Yellow,70127,A00095
V0016887,,"38923","38923",SUZ,ERTIGA,2024,automatic,petrol,White,91082,A00095
V0016892,,"47960","47960",MIT,Rosa,2024,automatic,diesel,Yellow,44987,A00095
V0016893,,"49269","49269",MIT,Rosa,2024,automatic,diesel,Yellow,34106,A00095
V0016895,"2762","80726","80726",NIS,Sunny,2019,automatic,petrol,White,151998,C00002
V0016897,,"37928",'-,NIS,Kicks,2024,automatic,petrol,White,41969,D00021
V0016899,,"66578","66578",EXE,LX 1.5 T,2024,automatic,petrol,Yellow,69859,A00095
V0016900,,"38602","38602",NIS,Patrol,2024,automatic,petrol,Black,71204,A00095
V0016902,,"44378",'-,MGM,MG 3,2024,automatic,petrol,Grey,47576,D00021
V0016903,,"41476",'-,NIS,Sunny,2024,automatic,petrol,Silver,89036,D00021
V0016904,,"38985",'-,MGM,MG 3,2024,automatic,petrol,Silver,61838,D00021
V0016909,,"47965","47965",MIT,Rosa,2024,automatic,diesel,Yellow,48293,A00095
V0016910,,"47911","47911",MIT,Rosa,2024,automatic,diesel,Yellow,58209,A00095
V0016911,,"43214",'-,NIS,Urvan,2025,automatic,petrol,White,39516,D00021
V0016913,,"85955",'-,EXE,LX 1.5 T,2024,automatic,petrol,White,55199,D00021
V0016917,,"23036",.,NIS,Sunny,2024,automatic,petrol,White,70129,A00095
V0016918,,"42228",'-,NIS,Urvan,2024,automatic,petrol,White,145240,D00021
V0016920,,"42392",'-,MIT,Rosa,2024,automatic,petrol,White,119162,D00021
V0016926,,"22149","22149",NIS,Sunny,2024,automatic,petrol,White,84258,A00095
V0016927,,"30487","30487",MIT,ASX,2024,automatic,petrol,White,114363,A00095
V0016929,,"47795",,MIT,Rosa,,automatic,petrol,Yellow,46674,F00001
V0016932,,"43163",,NIS,Urvan,,automatic,petrol,White,223320,A00095
V0016935,,"44371",'-,MGM,MG 3,2024,automatic,petrol,White,39476,D00021
V0016941,,"48028",,MIT,Rosa,,automatic,petrol,Yellow,44000,F00001
V0016942,,"10735",'-,MGM,MG5,2024,automatic,petrol,White,41858,D00021
V0016944,,"42216",'-,MAZ,Mazda 6,2024,automatic,petrol,Silver,66737,D00021
V0016948,"2768","56873",'-,AUD,Audi A4,2023,automatic,petrol,White,111480,C00002
V0016950,,"39017",'-,MGM,MG 3,2024,automatic,petrol,White,53633,D00021
V0016953,,"46362",'-,NIS,Sunny,2024,automatic,petrol,Silver,44578,A00097
V0016956,,"45360",'-,NIS,Sunny,2024,automatic,petrol,Silver,40982,A00095
V0016961,,"49258","49258",MIT,Rosa,2024,automatic,diesel,Yellow,42911,A00095
V0016963,,"15403","15403",JAC,JS 4,2024,automatic,petrol,White,70128,A00095
V0016966,,"49261","49261",MIT,Rosa,2024,automatic,petrol,Yellow,48105,A00095
V0016969,,"41731",,MAZ,Mazda 6,,automatic,petrol,Beige,72613,A00097
V0016971,,"47900","47900",MIT,Rosa,2024,automatic,diesel,Yellow,39804,A00095
V0016973,,"56713","56713",JAC,J7 ( SALOON ),2024,automatic,petrol,White,73352,A00095
V0016976,,"98728",'-,EXE,LX 1.5 T,2024,automatic,petrol,White,43794,D00021
V0016980,,"91436",'-,NIS,Sunny,2024,automatic,petrol,White,42146,A00097
V0016983,,"75822",,MIT,Attrage,,automatic,petrol,Silver,73173,A00097
V0016984,,"5457",'-,TOY,Camry,2025,automatic,petrol,Silver,275462,A00115
V0016988,,"47915",,MIT,Rosa,,automatic,petrol,Yellow,58496,F00001
V0016989,,"65380",'-,EXE,LX 1.5 T,2024,automatic,petrol,White,82968,D00021
V0016991,,"73108",,MIT,Attrage,,automatic,petrol,Grey,101929,A00097
V0016992,,"5094",'-,TOY,Hybrid Camry,2025,automatic,petrol,Silver,268532,A00115
V0016996,,"39978","39978",MIT,FOZO,2025,automatic,diesel,White,124586,A00095
V0016997,,"39917","39917",MIT,FOZO,2025,automatic,diesel,White,177017,A00095
V0017000,,"36506","36506",NIS,Sunny,2024,automatic,petrol,White,58000,A00095
V0017003,,"21427","21427",MGM,MG5,2024,automatic,petrol,White,48302,A00095
V0017009,,"89017",,JAC,J7,,automatic,petrol,White,86181,A00097
V0017011,,"85073",'-,MGM,MG 3,2024,automatic,petrol,Silver,36752,D00021
V0017012,,"40691",,MIT,Rosa,,automatic,petrol,Yellow,43772,F00001
V0017013,,"41427",,SUZ,ERTIGA,,automatic,petrol,White,62133,A00095
V0017019,,"44621",,SUZ,ERTIGA,,automatic,petrol,White,68345,S00044
V0017020,,"20327",'-,MIT,ASX,2024,automatic,petrol,Silver,52928,D00021
V0017022,,"9344","9344",TOY,Camry,2025,automatic,petrol,Silver/White,221426,A00115
V0017023,,"9259",'-,TOY,Hybrid Camry,2025,automatic,petrol,Silver,327093,A00115
V0017024,,"96884",,NIS,X-TERRA,,automatic,petrol,White,55686,A00097
V0017026,,"49249",,MIT,Rosa,,automatic,petrol,Yellow,45665,F00001
V0017027,,"47904",,MIT,Rosa,,automatic,petrol,Yellow,51374,F00001
V0017030,,"5565",,TOY,Camry,,automatic,petrol,Silver,259011,A00115
V0017031,,"38319",,SUZ,ERTIGA,,automatic,petrol,White,69176,S00044
V0017033,,"5899",,TOY,Camry,,automatic,petrol,Silver,222762,A00115
V0017036,,"38072",,NIS,Sunny,,automatic,petrol,White,63795,A00097
V0017040,,"66814",'-,NIS,Kicks,2024,automatic,petrol,White,66814,D00021
V0017041,"2779","99874",'-,TOY,Lexus GX 460,,automatic,petrol,White,270382,C00002
V0017042,,"90483",,MIT,Attrage,,automatic,petrol,Silver,70204,A00097
V0017043,,"41727",'-,MAZ,Mazda 6,2024,automatic,petrol,White,42605,D00021
V0017045,,"44386",'-,MGM,MG 3,2024,automatic,petrol,Grey,45306,D00021
V0017049,,"48856",,MIT,Rosa,,automatic,petrol,Yellow,40677,F00001
V0017050,,"61431",'-,EXE,LX 1.5 T,2024,automatic,petrol,White,48309,D00021
V0017052,,"73068",,TOY,Camry,,automatic,petrol,White,68443,A00097
V0017053,,"21430",'-,MGM,MG5,2024,automatic,petrol,White,52282,D00021
V0017054,,"79127",'-,MIT,ASX,2022,automatic,petrol,White,101548,D00021
V0017055,,"49291",,MIT,Rosa,,automatic,petrol,Yellow,59903,F00001
V0017056,,"22967",,NIS,Sunny,,automatic,petrol,White,61844,A00097
V0017060,,"41658",'-,MAZ,Mazda 6,2024,automatic,petrol,Grey,32871,D00021
V0017062,,"42201",,MAZ,Mazda 6,,automatic,petrol,Grey,60923,A00097
V0017063,,"55307",'-,SUZ,Ciaz,2024,automatic,petrol,Grey,48980,D00021
V0017064,,"62791",'-,NIS,Urvan,2024,manual,petrol,White,77300,D00021
V0017069,,"21039",'-,MIT,ASX,2024,automatic,petrol,Grey,72668,D00021
V0017071,,"21352",'-,MAZ,Mazda 6,2024,automatic,petrol,White,49575,D00021
V0017072,,"27935",,SUZ,Ciaz,,automatic,petrol,Silver,136077,A00095
V0017073,,"44596",,NIS,Sunny,,automatic,petrol,Silver,35061,A00097
V0017077,,"47853",,MIT,Rosa,,automatic,petrol,Yellow,46370,F00001
V0017081,,"22781",'-,NIS,Sunny,2024,automatic,petrol,White,68601,A00097
V0017083,,"87321",,MGM,MG 3,,automatic,petrol,White,48091,A00097
V0017085,,"63912",,TOY,Innova,,automatic,petrol,White,135204,M00130
V0017086,,"44958",,CHE,Captiva,,automatic,petrol,Black,49428,A00097
V0017088,,"19868",'-,MGM,MG5,2024,automatic,petrol,White,63127,D00021
V0017089,,"98439",'-,MIT,Rosa,2025,manual,diesel,White,199885,D00021
V0017091,,"16758",'-,CHE,Captiva,2025,automatic,petrol,Grey,50524,D00021
V0017098,,"28485",,MIT,Attrage,,automatic,petrol,Silver,92736,A00097
V0017101,,"84997",'-,RAB,RABDAN 1,2023,automatic,hybrid,White,60997,D00021
V0017103,,"5461",,TOY,Camry,,automatic,petrol,Silver,271652,A00115
V0017110,,"77390",'-,NIS,Sunny,2024,automatic,petrol,Silver,61673,D00021
V0017112,,"26809",'-,NIS,Kicks,2024,automatic,petrol,White,32659,D00021
V0017114,,"81054",'-,EXE,VX FLAGSHIP,2025,automatic,petrol,Black,60855,D00021
V0017115,,"48839",,MIT,Rosa,,automatic,petrol,Yellow,36235,F00001
V0017116,,"48838",,MIT,Rosa,,automatic,petrol,Yellow,60056,F00001
V0017119,,"29063",'-,CHE,Captiva,2025,automatic,petrol,Silver,150094,D00021
V0017120,,"60873",,NIS,Sunny,,automatic,petrol,White,53950,A00097
V0017123,,"43162",'-,NIS,Urvan,2024,manual,diesel,White,370041,D00021
V0017128,,"19885",'-,MGM,MG5,2024,automatic,petrol,White,40250,D00021
V0017136,,"69456",,NIS,Altima,,automatic,petrol,White,69025,A00097
V0017137,,"31768",,MGM,MG5,,automatic,petrol,White,46991,A00097
V0017143,,"44529",'-,MGM,MG5,2024,automatic,petrol,White,30732,D00021
V0017144,,"44528",'-,MGM,MG5,2024,automatic,petrol,White,76445,D00021
V0017145,,"28152",,SUZ,Ciaz,,automatic,petrol,Blue,59645,A00097
V0017151,,"41676",,MAZ,Mazda 6,,automatic,petrol,Red,41237,A00097
V0017152,,"66907",,CHE,Captiva,,automatic,petrol,Silver,66246,A00097
V0017153,,"41715",'-,MAZ,Mazda 6,2024,automatic,petrol,Grey,70049,D00021
V0017156,,"9159","9159",TOY,Camry,2025,automatic,petrol,Silver/Beige,207387,A00115
V0017157,,"61228",'-,NIS,Sunny,2024,automatic,petrol,White,58002,D00021
V0017158,,"27034",'-,EXE,LX 1.5 T,2024,automatic,petrol,Silver,36705,D00021
V0017160,,"23049",'-,NIS,Sunny,2024,automatic,petrol,White,76825,D00021
V0017161,,"53324",,NIS,X-TERRA,,automatic,petrol,Grey,41383,A00097
V0017162,,"22148",,NIS,Sunny,,automatic,petrol,White,70902,A00097
V0017166,,"75526",'-,MIT,Attrage,2024,automatic,petrol,Silver,63409,D00021
V0017167,,"71425",'-,EXE,LX 1.5 T,2024,automatic,petrol,White,42363,D00021
V0017174,,"44398",,MGM,MG5,,automatic,petrol,White,44048,A00097
V0017180,,"40769",,SUZ,ERTIGA,,automatic,petrol,White,95562,S00044
V0017183,,"10748",'-,MGM,MG5,2024,automatic,petrol,Silver,52805,D00021
V0017185,,"44512",,MGM,MG5,,automatic,petrol,White,59469,A00097
V0017189,,"99149",'-,EXE,LX 1.5 T,2024,automatic,petrol,White,50008,D00021
V0017194,,"31845",,SUZ,Ciaz,,automatic,petrol,Silver,40815,A00097
V0017198,,"56854",,JAC,JS 4,,automatic,petrol,Black,47686,A00097
V0017204,,"14985",'-,SUZ,Ciaz,2024,automatic,petrol,White,59551,D00021
V0017205,,"26673",'-,EXE,LX 1.5 T,2024,automatic,petrol,Silver,48673,D00021
V0017207,,"63913",,TOY,Innova,,automatic,petrol,White,136566,M00130
V0017210,,"5542","5542",TOY,Camry,2025,automatic,petrol,Silver/Beige,238211,A00115
V0017211,,"43164",'-,NIS,Urvan,2024,automatic,petrol,White,152110,D00021
V0017214,,"41665",,MAZ,Mazda 6,,automatic,petrol,Grey,70863,A00097
V0017218,,"30897","30897",SUZ,BALENO,2025,automatic,petrol,White,44674,A00095
V0017219,,"73604",,NIS,Altima,,automatic,petrol,Silver,64411,A00097
V0017220,,"21418",'-,MGM,MG 3,2024,automatic,petrol,Grey,33943,D00021
V0017221,,"69118",'-,EXE,LX 1.5 T,2024,automatic,petrol,Blue,43121,D00021
V0017224,,"5996",,TOY,Camry,,automatic,petrol,Silver,207120,A00133
V0017228,,"98612",,NIS,Sunny,,automatic,petrol,White,44014,A00097
V0017229,,"19864",,MGM,MG 3,,automatic,petrol,White,37095,A00097
V0017231,,"41478",'-,NIS,Sunny,2024,automatic,petrol,Silver,45249,D00021
V0017232,,"10783",'-,MGM,MG5,2024,automatic,petrol,Silver,41238,D00021
V0017233,,"31836",'-,SUZ,Ciaz,2024,automatic,petrol,Dark Grey,61096,D00021
V0017236,,"89801",'-,TOY,Hybrid Camry,2025,automatic,hybrid,Silver,165365,A00152
V0017239,,"89821",'-,TOY,Hybrid Camry,,automatic,hybrid,Silver Grey,168983,A00152
V0017240,,"89831",'-,TOY,Hybrid Camry,,automatic,hybrid,Silver Grey,189350,A00152
V0017241,,"89852",'-,TOY,Hybrid Camry,,automatic,hybrid,Silver Grey,133632,A00152
V0017242,,"89923",'-,TOY,Hybrid Camry,,automatic,hybrid,Silver Grey,133224,A00152
V0017243,,"89931",'-,TOY,Hybrid Camry,,automatic,hybrid,Silver Grey,164167,A00152
V0017244,,"89996",'-,TOY,Hybrid Camry,,automatic,hybrid,Silver Grey,154602,A00152
V0017245,,"89997",'-,TOY,Hybrid Camry,,automatic,hybrid,Silver Grey,150138,A00152
V0017246,,"89045",'-,TOY,Hybrid Camry,,automatic,hybrid,Silver Grey,1711237,A00152
V0017247,,"89048",'-,TOY,Hybrid Camry,2025,automatic,hybrid,Silver Grey,158322,A00152
V0017248,,"89058",'-,TOY,Hybrid Camry,2025,automatic,hybrid,Silver Grey,163448,A00152
V0017249,,"89163",'-,TOY,Hybrid Camry,,automatic,hybrid,Silver Grey,130565,A00152
V0017250,,"89248",'-,TOY,Hybrid Camry,,automatic,hybrid,Silver Grey,154675,A00152
V0017251,,"89255",'-,TOY,Hybrid Camry,,automatic,hybrid,Silver Grey,175247,A00152
V0017252,,"89326",'-,TOY,Hybrid Camry,,automatic,hybrid,Silver Grey,139162,A00152
V0017253,,"89344",'-,TOY,Hybrid Camry,,automatic,hybrid,Silver Grey,154834,A00152
V0017254,,"89433",'-,TOY,Hybrid Camry,,automatic,hybrid,Silver Grey,154860,A00152
V0017255,,"89474",'-,TOY,Hybrid Camry,,automatic,hybrid,Silver Grey,169847,A00152
V0017256,,"89507",'-,TOY,Hybrid Camry,,automatic,hybrid,Silver Grey,149723,A00152
V0017257,,"89537",'-,TOY,Hybrid Camry,,automatic,hybrid,Silver Grey,116275,A00152
V0017258,,"89737",'-,TOY,Hybrid Camry,,automatic,hybrid,Silver Grey,144437,A00152
V0017259,,"89740",'-,TOY,Hybrid Camry,,automatic,hybrid,Silver Grey,148050,A00152
V0017260,,"89750",'-,TOY,Hybrid Camry,,automatic,hybrid,Silver Grey,150721,A00152
V0017261,,"37798",,SUZ,Ertiga,,automatic,petrol,,71498,A00097
V0017262,,"5546",,TOY,Camry,,automatic,petrol,Silver,192896,A00115
V0017265,,"41735",'-,MAZ,Mazda 6,2024,automatic,petrol,Grey,44707,D00021
V0017266,,"99245",'-,EXE,LX 1.5 T,2024,automatic,petrol,White,27485,D00021
V0017267,,"26876",'-,NIS,Kicks,2024,automatic,petrol,White,44399,D00021
V0017268,,"5192",,TOY,Camry,,automatic,petrol,Silver,238960,A00115
V0017269,,"16402","16402",NIS,Sunny,2025,automatic,petrol,White,46242,A00095
V0017274,,"42997",,NIS,Sunny,,automatic,petrol,White,56504,A00097
V0017275,,"44520",'-,MGM,MG5,2024,automatic,petrol,White,53864,A00095
V0017276,,"45139",,NIS,Sunny,,automatic,petrol,Silver,42535,A00097
V0017277,,"19386",'-,EXE,LX 1.5 T,2024,automatic,petrol,White,57255,D00021
V0017283,,"19837",'-,RAB,RABDAN 1,2023,automatic,hybrid,White,27451,D00021
V0017289,,"16344",'-,NIS,Sunny,2025,automatic,petrol,White,107017,A00095
V0017290,,"32741",,SUZ,Ciaz,,automatic,petrol,Silver,55519,A00097
V0017294,,"53797",,MGM,MG5,,automatic,petrol,Silver,47398,A00097
V0017300,,"63914",,TOY,Innova,,automatic,petrol,White,125986,M00130
V0017303,,"98609",,NIS,Sunny,,automatic,petrol,White,57288,A00097
V0017305,,"57037",'-,NIS,Urvan,2024,manual,petrol,White,61503,D00021
V0017307,,"73181",,SUZ,Ciaz,,automatic,petrol,Silver,43248,A00097
V0017308,,"91461","91461",NIS,Sunny,2024,automatic,petrol,White,45816,A00095
V0017309,,"74053",,NIS,Sunny,,automatic,petrol,White,87396,A00097
V0017314,,"31886",,SUZ,Ciaz,,automatic,petrol,Grey,93647,A00097
V0017317,,"27938",'-,SUZ,Ciaz,2024,automatic,petrol,Red,42944,A00095
V0017319,,"69125",'-,EXE,MY25,2024,automatic,petrol,White,41405,D00021
V0017320,,"39948",'-,TAT,LPO 916,2025,manual,diesel,White/Grey,114862,A00095
V0017324,,"55108","55108",TOY,Fortuner,2025,automatic,petrol,White,136436,D00021
V0017327,,"21429","21429",MGM,MG5,2024,automatic,petrol,White,95664,A00095
V0017328,,"39043",'-,NIS,Pathfinder,2024,automatic,petrol,White,60719,A00095
V0017334,,"89756","89756",JAC,JS 4,2024,automatic,petrol,White,42909,A00095
V0017335,,"27973",'-,SUZ,Ciaz,2024,automatic,petrol,Blue,63275,A00095
V0017336,,"54737","54737",TOY,Fortuner,2025,automatic,petrol,White,98767,A00095
V0017341,,"61415",'-,EXE,LX 1.5 T,2024,automatic,petrol,White,48402,D00021
V0017342,,"90452",'-,MGM,MG 3,2024,automatic,petrol,Silver,40311,D00021
V0017344,,"60725",'-,SUZ,BALENO,2025,automatic,petrol,White,118870,D00021
V0017348,,"27924",,SUZ,Ciaz,,automatic,petrol,Silver,48201,A00097
V0017351,,"40921",,SUZ,Ertiga,,automatic,petrol,White,79441,S00044
V0017354,,"22905",'-,EXE,LX 1.5 T,2024,automatic,petrol,Silver,36716,D00021
V0017355,,"61408",'-,EXE,LX 1.5 T,2024,automatic,petrol,White,53575,D00021
V0017356,,"45539",'-,EXE,LX 1.5 T,2024,automatic,petrol,White,37874,D00021
V0017358,,"32584",'-,SUZ,ERTIGA,2024,automatic,petrol,White,52276,D00021
V0017359,,"18462",,EXE,LX 1.5 T,,automatic,petrol,Silver,42069,A00097
V0017360,,"18124",,NIS,X-TERRA,,automatic,petrol,White,67313,A00097
V0017363,,"16328",'-,NIS,Sunny,2025,automatic,petrol,White,69917,D00021
V0017365,,"48851",'-,EXE,LX 1.5 T,2024,automatic,petrol,White,46128,D00021
V0017366,,"93345",'-,MGM,MG 3,2025,automatic,petrol,Silver,37990,D00021
V0017371,,"86293",'-,MGM,MG 3,2024,automatic,petrol,Silver,374293,D00021
V0017372,,"18097",,NIS,X-TERRA,,automatic,petrol,White,61548,A00097
V0017373,,"39016",'-,MGM,MG 3,2024,automatic,petrol,White,45203,D00021
V0017379,,"94408",FLT17405,CHE,Captiva,,automatic,petrol,White,96741,A00095
V0017381,,"27384",'-,NIS,Kicks,2024,automatic,petrol,White,48632,D00021
V0017385,,"40428",'-,MIT,Fuso Rosa,2025,manual,diesel,White,166546,A00095
V0017387,,"69157",'-,EXE,LX 1.5 T,2024,automatic,petrol,White,50562,D00021
V0017392,,"41677",,MAZ,Mazda 6,,automatic,petrol,Blue,41559,A00097
V0017394,,"60377",'-,NIS,Kicks,2024,automatic,petrol,White,63077,D00021
V0017396,,"31839",'-,SUZ,Ciaz,2024,automatic,petrol,Silver,44942,D00021
V0017399,,"19375",'-,NIS,Kicks,2024,automatic,petrol,White,56345,D00021
V0017400,,"71685",'-,TOY,HIGHLANDER,2024,automatic,petrol,White,80008,D00021
V0017401,,"68546",,NIS,Sunny,,automatic,petrol,White,64536,A00097
V0017403,,"39235",'-,NIS,Sunny,2024,manual,petrol,White,39000,A00095
V0017405,,"50695",,MIT,Rosa,,automatic,petrol,Yellow,39855,F00001
V0017406,,"26438",,TOY,Innova,,automatic,petrol,White,146292,M00130
V0017408,,"51735",'-,MGM,MG5,2024,automatic,petrol,Silver,61133,D00021
V0017412,,"16325",'-,NIS,Sunny,2025,automatic,petrol,White,68213,A00095
V0017414,,"21406",'-,MGM,MG 3,2024,automatic,petrol,Red,49814,D00021
V0017416,,"98363",'-,EXE,LX 1.5 T,2024,automatic,petrol,White,45015,D00021
V0017422,,"9160","9160",TOY,Hybrid Camry,,automatic,petrol,Silver,195001,A00115
V0017426,,"99439",'-,MIT,Rosa,2025,manual,diesel,White,119573,D00021
V0017427,,"85978",'-,MGM,MG 3,2024,automatic,petrol,Silver,44154,D00021
V0017431,,"89214",,JAC,JS 4,,automatic,petrol,Black,32195,A00097
V0017433,"2812","83790",'-,TOY,Corolla,2018,automatic,petrol,White,289663,C00002
V0017434,,"68742",'-,NIS,Sunny,2025,automatic,petrol,White,68748,D00021
V0017443,,"89045",,MGM,MG 3,,automatic,petrol,White,45201,A00097
V0017444,,"41734",'-,MAZ,Mazda 6,2024,automatic,petrol,White,53132,D00021
V0017445,,"10768",'-,MGM,MG5,2024,automatic,petrol,Silver,167983,D00021
V0017447,,"72025",,MIT,ASX,,automatic,petrol,Silver,120031,C00002
V0017452,,"48538",,MIT,Rosa,,automatic,petrol,Yellow,31779,F00001
V0017456,,"5163",,TOY,Camry,,automatic,petrol,Silver,243162,A00115
V0017460,,"64385",'-,NIS,Sunny,2025,automatic,petrol,White,48976,D00021
V0017461,,"19359",'-,NIS,Kicks,2024,automatic,petrol,White,73887,D00021
V0017463,,"35428",,KIA,Cerato,,automatic,petrol,Red,134823,C00002
V0017464,,"95786",FLT17194,MGM,MG 3,,automatic,petrol,Silver,38679,A00095
V0017465,,"61420",'-,EXE,LX 1.5 T,2024,automatic,petrol,Grey,43991,D00021
V0017467,,"44679",,CHE,Captiva,,automatic,petrol,Black,56243,A00097
V0017468,,"26437",,TOY,Innova,,automatic,petrol,White,141185,M00130
V0017469,,"57637",,MIT,Rosa,,automatic,petrol,Yellow,86000,F00001
V0017471,,"9165",,TOY,Camry,,automatic,petrol,Silver,237063,A00115
V0017473,,"30397",,MGM,MG5,,automatic,petrol,Silver,46350,A00097
V0017475,,"5259","5259",TOY,Camry,2025,automatic,petrol,Silver/Beige,238257,A00115
V0017476,,"10785",'-,MGM,MG5,2024,automatic,petrol,Silver,47172,D00021
V0017478,,"30167",'-,MGM,MG5,2024,automatic,petrol,Silver,52793,D00021
V0017479,,"30187",'-,MGM,MG5,2024,automatic,petrol,Silver,39258,D00021
V0017480,,"95639",'-,TOY,Fortuner,2025,automatic,petrol,White,160596,A00095
V0017481,,"5119","5119",TOY,Camry,2025,automatic,petrol,Silver/Beige,225507,A00115
V0017490,,"69121",'-,EXE,LX 1.5 T,2024,automatic,petrol,Blue,45151,D00021
V0017491,,"26304",'-,NIS,Sunny,2024,automatic,petrol,Silver,43998,D00021
V0017493,,"66523",,EXE,LX 1.5 T,,automatic,petrol,White,33538,A00097
V0017494,,"98754",'-,EXE,LX 1.5 T,2025,automatic,petrol,White,50308,D00021
V0017495,,"47850",,MIT,Rosa,,automatic,petrol,Yellow,44897,F00001
V0017496,,"60218",'-,SUZ,BALENO,2025,automatic,petrol,White,45536,D00021
V0017498,,"99296",'-,NIS,Sunny,2025,automatic,petrol,White,60297,D00021
V0017502,,"19356",'-,SUZ,Ciaz,2024,automatic,petrol,White,58917,D00021
V0017503,,"79125",'-,MIT,XPANDER,2024,automatic,petrol,White,95616,D00021
V0017505,,"61423",'-,EXE,LX 1.5 T,2024,automatic,petrol,White,29423,D00021
V0017508,,"36491",,NIS,Sunny,,automatic,petrol,White,51240,A00097
V0017511,,"21409",'-,MGM,MG 3,2024,automatic,petrol,Grey,32588,D00021
V0017516,,"19368",'-,NIS,Kicks,2024,automatic,petrol,White,59115,D00021
V0017517,,"23193",,MGM,MG 3,,automatic,petrol,Grey,45439,A00097
V0017519,,"73712",,NIS,Sunny,,automatic,petrol,White,61896,A00097
V0017520,,"65814",,NIS,Sunny,,automatic,petrol,White,82075,A00097
V0017529,,"36327",,EXE,LX 1.5 T,,automatic,petrol,Blue,36539,A00097
V0017531,,"43754",,SUZ,BALENO,,automatic,petrol,Silver,44466,A00097
V0017532,,"92062",,MGM,MG 3,,automatic,petrol,Silver,21401,A00097
V0017533,,"61429",'-,EXE,LX 1.5 T,2024,automatic,petrol,Grey,54455,D00021
V0017535,,"44375",'-,GMC,Yukon,2025,automatic,petrol,Grey,38403,D00021
V0017537,,"21419",'-,MGM,MG 3,2024,automatic,petrol,Grey,28796,D00021
V0017540,,"5293",'-,TOY,Camry,2025,automatic,petrol,Silver,272998,A00115
V0017541,,"41732",'-,MAZ,Mazda 6,2024,automatic,petrol,Grey,46363,D00021
V0017546,,"6070",'-,TOY,Camry,2025,automatic,petrol,Silver,250876,A00115
V0017548,,"63501",'-,NIS,Patrol,2024,automatic,petrol,White,61180,D00021
V0017550,,"66198",,NIS,Sunny,,automatic,petrol,White,59129,A00097
V0017554,,"90865",,NIS,Sunny,,automatic,petrol,White,61087,A00097
V0017556,,"28543",,SUZ,Ciaz,,automatic,petrol,Silver,51449,A00097
V0017562,,"16394",,NIS,Sunny,,automatic,petrol,White,35498,A00097
V0017563,,"60943",'-,SUZ,Ciaz,2024,automatic,petrol,Silver,48804,D00021
V0017564,,"36618",,MIT,FOZO,,automatic,petrol,White,130274,S00044
V0017565,,"5380",'-,TOY,Camry,2025,automatic,petrol,Silver,237216,A00115
V0017569,,"37384",,TAT,LPO 916,,automatic,petrol,White,132186,A00097
V0017570,,"18098",,NIS,X-TERRA,,automatic,petrol,White,59534,A00097
V0017571,,"22561",'-,EXE,LX 1.5 T,2024,automatic,petrol,Silver,52093,D00021
V0017575,,"10862",,MGM,MG5,,automatic,petrol,White,49666,A00097
V0017578,,"36256",'-,NIS,Sunny,2024,automatic,petrol,White,44734,D00021
V0017579,,"68102",'-,NIS,Sunny,2024,automatic,petrol,White,43405,D00021
V0017581,,"96319",'-,EXE,LX 1.5 T,2025,automatic,petrol,Grey,48400,D00021
V0017582,,"61421",'-,EXE,LX 1.5 T,2024,automatic,petrol,Grey,39495,D00021
V0017583,,"91347",,SUZ,BALENO,,automatic,petrol,White,45000,A00097
V0017585,,"30439",'-,MGM,MG5,,automatic,petrol,Silver,34956,D00021
V0017590,,"21915",'-,KIA,Pegas,,automatic,diesel,Grey,63563,A00005
V0017593,,"58752",,MIT,Rosa,,automatic,petrol,Yellow,40297,F00001
V0017595,,"23179",,MGM,MG 3,,automatic,petrol,Grey,66061,A00095
V0017598,,"38390",,MIT,FOZO,,automatic,petrol,White,102906,S00044
V0017601,,"83429",,MIT,Lancer,,automatic,petrol,Black,392034,C00002
V0017603,,"94029",'-,NIS,Sunny,2024,automatic,petrol,White,39855,D00021
V0017604,,"67615",'-,NIS,Sunny,2025,automatic,petrol,White,59730,A00095
V0017616,,"31893",'-,SUZ,Ciaz,2024,automatic,petrol,Silver,33442,D00021
V0017620,,"82857",'-,MGM,MG 3,2024,automatic,petrol,Silver,55955,D00021
V0017626,,"36617","36617",MIT,FOZO,2025,automatic,diesel,White,134628,A00095
V0017629,,"40254","40254",SUZ,ERTIGA,2024,automatic,petrol,White,84470,A00095
V0017631,,"28108","28108",NIS,Sunny,2025,automatic,petrol,White,46991,A00095
V0017634,,"52372","52372",MIT,Rosa,2024,automatic,diesel,Yellow,34476,A00095
V0017635,,"24265",'-,SUZ,BALENO,2025,manual,petrol,White,55585,A00095
V0017642,,"31766",'-,NIS,Sunny,2024,automatic,petrol,White,44646,D00021
V0017648,,"49324","49324",JAC,SUNRAY,2025,automatic,petrol,Yellow,54000,A00095
V0017655,,"40434",,MIT,Rosa,,automatic,petrol,White,84900,A00095
V0017658,,"16405",,NIS,Sunny,,automatic,petrol,White,41254,A00097
V0017665,,"18105",,NIS,X-TERRA,,automatic,petrol,White,55220,A00095
V0017666,,"42217",,MAZ,Mazda 6,,automatic,petrol,Grey,51320,A00095
V0017668,,"61403",'-,REN,EXPRESS,2024,automatic,petrol,White,56683,D00021
V0017670,,"47799",,MIT,Rosa,,automatic,petrol,Yellow,31500,F00001
V0017675,,"16389",,NIS,Sunny,,automatic,petrol,White,38709,A00097
V0017680,,"10754",'-,MGM,MG5,2024,automatic,petrol,Silver,44942,D00021
V0017681,,"31843",'-,SUZ,Ciaz,2024,automatic,petrol,Grey,51495,D00021
V0017685,,"48403",,MIT,Rosa,,automatic,diesel,Yellow,40329,A00095
V0017691,,"30214",'-,MGM,MG5,2024,automatic,petrol,Silver,42522,D00021
V0017695,,"73823",'-,NIS,Altima,2024,automatic,petrol,Grey,52202,D00021
V0017698,,"30197",'-,MGM,MG5,2024,automatic,petrol,Silver,50428,D00021
V0017700,,"40257",,SUZ,ERTIGA,,automatic,petrol,,66752,A00095
V0017707,,"43012","43012",NIS,Sunny,2024,automatic,petrol,White,62613,A00095
V0017713,,"88273","88273",MGM,MG 3,2024,automatic,petrol,White,32837,A00095
V0017719,,"85648",'-,SUZ,BALENO,2025,automatic,petrol,White,39539,D00021
V0017733,,"72055","72055",MGM,MG 3,2024,automatic,petrol,White,43515,A00095
V0017735,,"43696","43696",NIS,Sunny,2025,automatic,petrol,White,41701,A00095
V0017749,,"95682",,MGM,MG 3,,automatic,petrol,Silver,40903,A00095
V0017753,,"58830","58830",MIT,Rosa,2025,automatic,diesel,Yellow,117577,A00095
V0017764,,"30291","30291",MGM,MG5,2024,automatic,petrol,White,81000,A00095
V0017765,,"95648",'-,TOY,Fortuner,2025,automatic,petrol,White,150391,A00095
V0017772,,"47845","47845",MIT,Rosa,2024,automatic,diesel,Yellow,24340,A00095
V0017776,,"29695","29695",SUZ,BALENO,2025,automatic,petrol,Grey,43795,A00095
V0017790,,"57939",'-,NIS,Sunny,2024,automatic,petrol,White,70393,D00021
V0017795,,"10849",'-,MGM,MG5,2024,automatic,petrol,Silver,58459,D00021
V0017796,,"19134",'-,EXE,MY25,2025,automatic,petrol,Grey,42863,D00021
V0017800,,"30428",'-,MGM,MG5,2024,automatic,petrol,Silver,48873,D00021
V0017802,,"18093","18093",NIS,X-TERRA,2025,automatic,petrol,White,81237,A00095
V0017803,,"29019",'-,TAT,LPO1618,2025,manual,diesel,White,117788,D00021
V0017806,,"37470",'-,MIT,XPANDER,2024,automatic,petrol,White,90459,D00021
V0017807,"2901","48357",'-,NIS,Sunny,2016,automatic,petrol,White,302556,C00002
V0017811,,"23489","23489",MGM,MG 3,2024,automatic,petrol,Grey,58778,A00095
V0017815,,"25076","25076",NIS,Altima,2024,automatic,petrol,White,81042,A00097
V0017820,,"11194","11194",TOY,Hybrid Camry,,automatic,hybrid,Silver,190272,A00115
V0017828,,"11182","11182",TOY,Camry,2025,automatic,petrol,Silver/Beige,161010,A00115
V0017845,,"11186","11186",TOY,Hybrid Camry,,automatic,hybrid,Silver,239048,A00115
V0017850,,"40695","40695",MIT,Rosa,2025,automatic,diesel,White,29774,A00095
V0017857,,"94019",'-,TOY,COROLLA CROSS,2025,automatic,petrol,White,60135,M00130
V0017864,,"36743","36743",SUZ,BALENO,2025,automatic,petrol,White,50167,A00095
V0017872,,"11195","11195",TOY,Hybrid Camry,,automatic,petrol,Silver,209259,A00115
V0017873,,"37096",,TAT,"916",,automatic,petrol,Yellow,17345,A00095
V0017874,,"34559",'-,SUZ,BALENO,2025,automatic,petrol,White,61556,D00021
V0017877,,"29140",'-,CHE,Captiva,2025,automatic,petrol,White,44007,D00021
V0017883,,"94028",'-,TOY,Innova,2025,automatic,petrol,White,79556,M00130
V0017887,,"51527",'-,MGM,MG 3,2024,automatic,petrol,Silver Grey,33106,D00021
V0017888,,"11177","11177",TOY,Hybrid Camry,,automatic,petrol,Silver,198000,A00115
V0017895,,"16793",'-,CHE,Captiva,2025,automatic,petrol,White,35407,D00021
V0017896,,"72433",'-,TOY,HIGHLANDER,2024,automatic,petrol,White,73258,D00021
V0017901,,"97457",'-,EXE,MY25,2025,automatic,petrol,Grey,47358,D00021
V0017905,,"97254",'-,EXE,MY25,2025,automatic,petrol,Silver,41231,D00021
V0017908,,"43866","43866",CHE,Captiva,2025,automatic,petrol,White,43509,A00095
V0017910,,"38134","38134",JAC,J7 ( SALOON ),2024,automatic,petrol,White,54208,A00095
V0017911,,"76195","76195",CHE,Captiva,2025,automatic,petrol,Black,43965,A00095
V0017913,,"95646",'-,TOY,Fortuner,2025,automatic,petrol,White,41893,A00095
V0017917,,"11249","11249",TOY,Hybrid Camry,,automatic,hybrid,Silver,188970,A00115
V0017922,,"11245","11245",TOY,Hybrid Camry,,automatic,hybrid,Silver,180588,A00115
V0017926,,"11147","11147",TOY,Camry,2025,automatic,petrol,Silver/Beige,183342,A00115
V0017932,,"93275","93275",NIS,X-TERRA,2025,automatic,petrol,White,54188,A00095
V0017933,,"31840","31840",SUZ,Ciaz,2024,automatic,petrol,White,87410,A00095
V0017941,,"40439","40439",MIT,Rosa,2025,automatic,diesel,Yellow,66227,A00095
V0017942,,"36759",'-,TOY,Corolla,2024,automatic,petrol,White,51862,C00002
V0017945,,"11203","11203",TOY,Hybrid Camry,,automatic,hybrid,Silver,200013,A00115
V0017948,,"11178","11178",TOY,Hybrid Camry,,automatic,hybrid,,174824,A00115
V0017951,,"11136","11136",TOY,Camry,2025,automatic,petrol,Silver/White,234416,A00115
V0017954,,"11161","11161",TOY,Camry,2025,automatic,petrol,Silver/Beige,209574,A00115
V0017955,,"56632","56632",TOY,Fortuner,2025,automatic,petrol,White,99882,A00095
V0017956,,"28465",'-,NIS,Sunny,2024,automatic,petrol,White,59679,A00095
V0017963,,"11170","11170",TOY,Camry,2025,automatic,petrol,Silver/Beige,207409,A00115
V0017967,,"11168","11168",TOY,Camry,2025,automatic,petrol,Silver/Beige,210165,A00115
V0017968,,"11198","11198",TOY,Hybrid Camry,,automatic,hybrid,Silver,192380,A00115
V0017970,,"11134","11134",TOY,Camry,2025,automatic,petrol,Silver/Beige,210634,A00115
V0017971,,"11165","11165",TOY,Camry,2025,automatic,petrol,Silver Grey,190204,A00115
V0017972,,"11139","11139",TOY,Camry,2025,automatic,petrol,Silver Grey,252107,A00115
V0017977,,"11149","11149",TOY,Camry,2025,automatic,petrol,Silver/Beige,206307,A00115
V0017979,,"11131","11131",TOY,Camry,2025,automatic,petrol,Silver/Beige,191735,A00115
V0017981,,"11162","11162",TOY,Camry,2025,automatic,petrol,Silver/Beige,197382,A00115
V0017982,,"11199","11199",TOY,Camry,2025,automatic,petrol,Silver/Beige,207572,A00115
V0017983,,"11146","11146",TOY,Hybrid Camry,2025,automatic,hybrid,Silver/Beige,179431,A00115
V0017985,,"44380",'-,MGM,MG 3,,automatic,petrol,,68017,D00021
V0017986,,"92312",'-,EXE,MY25,,automatic,petrol,,42186,D00021
V0017987,,"16756",'-,CHE,Captiva,,automatic,petrol,,72909,D00021
V0017988,,"98611",'-,EXE,MY25,,automatic,petrol,,30160,D00021
V0017989,,"31324",'-,SUZ,BALENO,,automatic,petrol,,63262,D00021
V0017992,,"31901",'-,SUZ,Ciaz,,automatic,petrol,,95479,D00021
V0017993,,"59034",'-,TOY,Innova,,automatic,petrol,,137250,D00021
V0017994,,"11150","11150",TOY,Hybrid Camry,2025,automatic,hybrid,Silver,202385,A00115
V0017995,,"45629",'-,CHE,Groove,2025,automatic,petrol,Red,25718,D00021
V0017999,,"11192","11192",TOY,Camry,2025,automatic,petrol,Silver/Beige,178000,A00115
V0018001,,"11142","11142",TOY,Camry,2025,automatic,petrol,Silver/Beige,188902,A00115
V0018004,,"37385","37385",TAT,"916",2025,automatic,diesel,Yellow,108147,A00095
V0018011,,"11185","11185",TOY,Camry,2025,automatic,petrol,Silver/Beige,167520,A00115
V0018012,,"13273",'-,CHE,Groove,2025,automatic,petrol,Blue,387100,D00021
V0018015,,"11181","11181",TOY,Hybrid Camry,,automatic,hybrid,Silver,191247,A00115
V0018017,,"11132","11132",TOY,Camry,2025,automatic,petrol,Silver/Beige,196631,A00115
V0018018,,"11137","11137",TOY,Camry,2025,automatic,petrol,Silver/Beige,176128,A00115
V0018019,,"11159","11159",TOY,Camry,2025,automatic,petrol,Silver/Beige,207010,A00115
V0018020,,"11184","11184",TOY,Camry,2025,automatic,petrol,Silver/Beige,190623,A00115
V0018029,,"11160","11160",TOY,Camry,2025,automatic,petrol,Silver/Beige,207682,A00115
V0018030,,"11193","11193",TOY,Camry,2025,automatic,petrol,Silver/Beige,206390,A00115
V0018031,,"11187","11187",TOY,Camry,2025,automatic,petrol,Silver/Beige,193538,A00115
V0018032,,"11207","11207",TOY,Hybrid Camry,,automatic,hybrid,Silver,186533,A00115
V0018033,,"11189","11189",TOY,Hybrid Camry,,automatic,hybrid,Silver,204844,A00115
V0018034,,"95644",'-,TOY,Fortuner,2025,automatic,petrol,White,109957,D00021
V0018035,,"11155","11155",TOY,Camry,2025,automatic,petrol,Silver/Beige,202374,A00115
V0018036,,"11172","11172",TOY,Camry,2025,automatic,petrol,Silver/Beige,173388,A00115
V0018037,,"11143","11143",TOY,Camry,2025,automatic,petrol,Silver/Beige,205195,A00115
V0018038,,"11141","11141",TOY,Camry,2025,automatic,petrol,Silver/Beige,173070,A00115
V0018040,,"11157","11157",TOY,Camry,2025,automatic,petrol,Silver/Beige,179145,A00115
V0018041,,"11154","11154",TOY,Camry,2025,automatic,petrol,Silver,223422,A00115
V0018043,,"95645",'-,TOY,Fortuner,2025,automatic,petrol,White,119245,D00021
V0018045,,"11191","11191",TOY,Camry,2025,automatic,petrol,Silver/Beige,159923,A00115
V0018046,,"11197","11197",TOY,Camry,2025,automatic,petrol,Silver/Beige,241739,A00115
V0018050,,"11217","11217",TOY,Hybrid Camry,,automatic,hybrid,Silver,172131,A00115
V0018052,,"11164","11164",TOY,Camry,2025,automatic,petrol,Silver/Beige,174144,A00115
V0018053,,"11166","11166",TOY,Camry,2025,automatic,petrol,Silver/Beige,206664,A00115
V0018055,,"11180","11180",TOY,Camry,2025,automatic,petrol,Silver/Beige,160483,A00115
V0018056,,"11151","11151",TOY,Camry,2025,automatic,petrol,Silver/Beige,209709,A00115
V0018059,,"11144","11144",TOY,Camry,2025,automatic,petrol,Silver/Beige,193232,A00115
V0018062,,"11179","11179",TOY,Camry,2025,automatic,petrol,Silver/Beige,211371,A00115
V0018064,,"11133","11133",TOY,Camry,2025,automatic,petrol,Silver/Beige,190204,A00115
V0018065,,"11169","11169",TOY,Camry,2025,automatic,petrol,Silver/Beige,192540,A00115
V0018067,,"11175","11175",TOY,Camry,2025,automatic,petrol,Silver/Beige,174966,A00115
V0018068,,"11183","11183",TOY,Camry,2025,automatic,petrol,Silver/Beige,192779,A00115
V0018069,,"11176","11176",TOY,Camry,2025,automatic,petrol,Silver/Beige,185659,A00115
V0018070,,"11135","11135",TOY,Camry,2025,automatic,petrol,Silver/Beige,197523,A00115
V0018071,,"11153","11153",TOY,Camry,2025,automatic,petrol,Silver/Beige,208791,A00115
V0018072,,"52451",'-,NIS,Sunny,2025,automatic,petrol,White,45586,D00021
V0018074,,"44386",'-,GMC,Yukon,2025,automatic,petrol,Black,48500,D00021
V0018075,,"29182",'-,CHE,Captiva,2025,automatic,petrol,Black,77014,D00021
V0018078,,"11130","11130",TOY,Camry,2025,automatic,petrol,Silver/Beige,205931,A00115
V0018079,,"11156","11156",TOY,Camry,2025,automatic,petrol,Silver/Beige,212351,A00115
V0018080,,"11215","11215",TOY,Hybrid Camry,,automatic,hybrid,Silver,163869,A00115
V0018081,,"16406",'-,NIS,Sunny,,automatic,petrol,White,55251,D00021
V0018086,,"11173","11173",TOY,Camry,2025,automatic,petrol,Silver/Beige,204819,A00115
V0018093,,"11158","11158",TOY,Camry,2025,automatic,petrol,Silver/Beige,191074,A00115
V0018094,,"11148","11148",TOY,Camry,2025,automatic,petrol,Silver/Beige,206775,A00115
V0018095,,"11202","11202",TOY,Camry,2025,automatic,petrol,Silver/Beige,221999,A00115
V0018098,,"11196","11196",TOY,Camry,2025,automatic,petrol,Silver/Beige,216942,A00115
V0018099,,"11140","11140",TOY,Camry,2025,automatic,petrol,Silver/Beige,161416,A00115
V0018100,,"11190","11190",TOY,Camry,2025,automatic,petrol,Silver/Beige,188337,A00115
V0018101,,"18096",'-,NIS,Kicks,2025,automatic,petrol,White,52999,D00021
V0018103,,"11152","11152",TOY,Camry,2025,automatic,petrol,Silver/Beige,207893,A00115
V0018104,,"11171","11171",TOY,Camry,2025,automatic,petrol,Silver/Beige,179082,A00115
V0018107,,"11167","11167",TOY,Camry,2025,automatic,petrol,Silver/Beige,191633,A00115
V0018115,,"11163","11163",TOY,Camry,2025,automatic,petrol,Silver/Beige,163518,A00115
V0018116,,"11219","11219",TOY,Camry,2025,automatic,hybrid,Silver/Beige,206742,A00115
V0018118,,"11261","11261",TOY,Camry,2025,automatic,petrol,Silver Grey,204961,A00115
V0018119,,"11206","11206",TOY,Camry,2025,automatic,petrol,Silver/Beige,176339,A00115
V0018120,,"11210","11210",TOY,Hybrid Camry,2025,automatic,hybrid,Silver/Beige,215555,A00115
V0018122,,"95642","95642",TOY,Fortuner,2025,automatic,petrol,White,133712,A00095
V0018125,,"94122",'-,NIS,Patrol,2025,automatic,petrol,White,56050,D00021
V0018126,,"96268",'-,EXE,MY25,2025,automatic,petrol,Silver,38365,D00021
V0018127,,"11200","11200",TOY,Camry,2025,automatic,petrol,Silver/Beige,206494,A00115
V0018128,,"48783","48783",JAC,SUNRAY,2025,automatic,petrol,Yellow,52218,A00095
V0018133,,"95631",'-,CHE,Captiva,2025,automatic,petrol,Grey,95631,D00021
V0018135,,"15791",'-,NIS,Kicks,2025,automatic,petrol,White,25677,D00021
V0018137,,"16783",'-,CHE,Captiva,2025,automatic,petrol,Black,111689,D00021
V0018138,,"95643","95643",TOY,Fortuner,2025,automatic,petrol,White,159232,A00095
V0018142,,"16390","16390",NIS,Sunny,2025,automatic,petrol,White,42264,A00095
V0018143,,"18567",'-,SUZ,BALENO,2025,automatic,petrol,White,48204,D00021
V0018144,,"23381",'-,CHE,Captiva,2025,automatic,petrol,White,39621,D00021
V0018146,,"11229","11229",TOY,Hybrid Camry,,automatic,hybrid,Silver,163369,A00115
V0018153,,"89162","89162",NIS,Patrol,2025,automatic,petrol,Grey,46644,A00095
V0018156,,"11224","11224",TOY,Camry,2025,automatic,petrol,Silver/Beige,209884,A00115
V0018168,,"11262","11262",TOY,Hybrid Camry,,automatic,hybrid,Silver,189571,A00115
V0018169,,"11138","11138",TOY,Hybrid Camry,,automatic,hybrid,Silver,174556,A00115
V0018172,,"11218","11218",TOY,Hybrid Camry,,automatic,hybrid,Silver,172307,A00115
V0018173,,"54468","54468",TOY,Fortuner,,automatic,petrol,White,182201,A00095
V0018179,,"96104","96104",NIS,Patrol,,automatic,petrol,White,40719,A00095
V0018181,,"11264","11264",TOY,Hybrid Camry,,automatic,hybrid,Silver,191070,A00115
V0018182,,"11212","11212",TOY,Hybrid Camry,,automatic,hybrid,Silver,175915,A00115
V0018183,,"11269","11269",TOY,Hybrid Camry,,automatic,hybrid,Silver,191888,A00115
V0018184,,"11216","11216",TOY,Hybrid Camry,,automatic,hybrid,Silver,162450,A00115
V0018185,,"11241","11241",TOY,Hybrid Camry,,automatic,hybrid,Silver,194405,A00115
V0018186,,"11242","11242",TOY,Camry,2025,automatic,petrol,Silver/Beige,205193,A00115
V0018187,,"11209","11209",TOY,Camry,2025,automatic,petrol,Silver/Beige,221028,A00115
V0018189,,"11250","11250",TOY,Camry,2025,automatic,petrol,Silver/Beige,184917,A00115
V0018190,,"11222","11222",TOY,Camry,2025,automatic,petrol,Silver/Beige,184105,A00115
V0018192,,"11240","11240",TOY,Camry,2025,automatic,petrol,Silver/Beige,191333,A00115
V0018195,,"11230","11230",TOY,Camry,2025,automatic,petrol,Silver/Beige,177609,A00115
V0018197,,"11220","11220",TOY,Camry,2025,automatic,petrol,Silver/Beige,174894,A00115
V0018199,,"11255","11255",TOY,Hybrid Camry,,automatic,hybrid,Silver,193900,A00115
V0018200,,"11208","11208",TOY,Camry,2025,automatic,petrol,Silver/Beige,205481,A00115
V0018201,,"11260","11260",TOY,Camry,2025,automatic,petrol,Silver/Beige,206075,A00115
V0018206,,"95299",'-,NIS,Sunny,2025,automatic,petrol,White,41133,D00021
V0018208,,"11244","11244",TOY,Camry,2025,automatic,petrol,Silver/Beige,207063,A00115
V0018209,,"11221","11221",TOY,Camry,2025,automatic,petrol,Silver/Beige,208928,A00115
V0018210,,"11201","11201",TOY,Camry,2025,automatic,petrol,Silver/Beige,188856,A00115
V0018211,,"11247","11247",TOY,Camry,2025,automatic,petrol,Silver Grey,204850,A00115
V0018212,,"16386",'-,NIS,Sunny,2025,automatic,petrol,White,56754,D00021
V0018214,,"11204","11204",TOY,Camry,2025,automatic,petrol,Silver/Beige,177459,A00115
V0018215,,"11257","11257",TOY,Camry,2025,automatic,petrol,Silver/Beige,174003,A00115
V0018216,,"11266","11266",TOY,Camry,2025,automatic,petrol,Silver/Beige,222146,A00115
V0018218,,"11232","11232",TOY,Camry,2025,automatic,petrol,Silver/Beige,194159,A00115
V0018220,,"11214","11214",TOY,Camry,2025,automatic,petrol,Silver/Beige,229680,A00115
V0018227,,"11237","11237",TOY,Hybrid Camry,2025,automatic,hybrid,Silver/Beige,163830,A00115
V0018230,,"59896",'-,MGM,MG5,2025,automatic,petrol,White,53436,D00021
V0018231,,"11228","11228",TOY,Camry,2025,automatic,petrol,Silver/Beige,175699,A00115
V0018239,,"11233","11233",TOY,Camry,2025,automatic,petrol,Silver/Beige,174939,A00115
V0018242,,"11231","11231",TOY,Camry,2025,automatic,petrol,Silver/Beige,175400,A00115
V0018243,,"11211","11211",TOY,Camry,2025,automatic,petrol,Silver/Beige,161950,A00115
V0018244,,"11243","11243",TOY,Camry,2025,automatic,petrol,Silver/Beige,176076,A00115
V0018245,,"11227","11227",TOY,Hybrid Camry,,automatic,hybrid,Silver,199990,A00115
V0018248,,"11205","11205",TOY,Camry,2025,automatic,petrol,Silver/Beige,176752,A00115
V0018253,,"11226","11226",TOY,Camry,2025,automatic,petrol,Silver/Beige,179535,A00115
V0018256,,"95647",'-,TOY,Fortuner,2025,automatic,petrol,White,138920,A00095
V0018259,,"73718","73718",NIS,Sunny,2024,automatic,petrol,White,74671,A00095
V0018262,,"11223","11223",TOY,Camry,2025,automatic,petrol,Silver/Beige,174303,A00115
V0018265,,"11238","11238",TOY,Camry,2025,automatic,petrol,Silver/Beige,174858,A00115
V0018266,,"11225","11225",TOY,Camry,2025,automatic,petrol,Silver/Beige,196756,A00115
V0018267,,"11248","11248",TOY,Camry,2025,automatic,petrol,Silver/Beige,223419,A00115
V0018268,,"94586","94586",FOR,TRANSIT,,automatic,petrol,White,271444,M00130
V0018270,,"11268","11268",TOY,Camry,2025,automatic,petrol,Silver/Beige,196172,A00115
V0018274,,"75215",'-,NIS,Sunny,2025,automatic,petrol,White,25757,D00021
V0018276,,"11213","11213",TOY,Camry,2025,automatic,petrol,Silver Grey,192760,A00115
V0018277,,"11234","11234",TOY,Camry,2025,automatic,petrol,Silver/Beige,161215,A00115
V0018287,,"44605","44605",GMC,Yukon,2025,automatic,petrol,Black,46448,A00095
V0018290,,"11265","11265",TOY,Camry,2025,automatic,petrol,Silver/Beige,160513,A00115
V0018298,,"11253","11253",TOY,Camry,2025,automatic,petrol,Silver/Beige,191460,A00115
V0018300,,"48689","48689",MGM,MG5,2024,automatic,petrol,White,35582,A00095
V0018305,,"93273",'-,NIS,Pathfinder,2025,automatic,petrol,White,76372,D00021
V0018309,,"45578","45578",CHE,Groove,2025,automatic,petrol,White,35711,A00095
V0018310,,"29749",'-,SUZ,BALENO,2025,automatic,petrol,White,42850,A00095
V0018311,,"11270","11270",TOY,Hybrid Camry,,automatic,hybrid,Silver,157256,A00115
V0018315,,"11267","11267",TOY,Camry,2025,automatic,petrol,Silver,222899,A00115
V0018321,,"11294","11294",TOY,Hybrid Camry,,automatic,hybrid,Silver,255382,A00115
V0018323,,"13192",'-,CHE,Groove,2025,automatic,petrol,Blue,26590,D00021
V0018329,,"56583",'-,CHE,Captiva,2025,automatic,petrol,White,48062,D00021
V0018335,,"91643","91643",MGM,MG 3,2024,automatic,petrol,White,35440,A00095
V0018336,,"75589","75589",MIT,Attrage,2024,automatic,petrol,White,40084,A00095
V0018337,,"31889",'-,SUZ,Ciaz,2024,automatic,petrol,Silver,46530,D00021
V0018338,,"37392","37392",TAT,LPO1618,2025,automatic,diesel,White,85000,A00095
V0018339,,"11246","11246",TOY,Camry,2025,automatic,petrol,Silver,204954,A00115
V0018341,,"31890","31890",SUZ,Ciaz,2024,automatic,petrol,White,53853,A00095
V0018345,,"11258","11258",TOY,Camry,2025,automatic,petrol,Silver,216961,A00115
V0018346,,"53107",'-,MGM,MG5,2024,automatic,petrol,Silver,58336,D00021
V0018351,,"11236","11236",TOY,Camry,2025,automatic,petrol,Silver,114604,A00115
V0018355,,"11254","11254",TOY,Camry,2025,automatic,petrol,Silver,191853,A00115
V0018358,,"54081",'-,CHE,Groove,2025,automatic,petrol,White,43941,D00021
V0018359,,"11239","11239",TOY,Camry,2025,automatic,petrol,Silver,200004,A00115
V0018361,,"11252","11252",TOY,Camry,2025,automatic,petrol,Silver,195421,A00115
V0018362,,"11259","11259",TOY,Camry,2025,automatic,petrol,Silver,207797,A00115
V0018363,,"56534",'-,CHE,Captiva,2025,automatic,petrol,White,48201,D00021
V0018364,,"11256","11256",TOY,Camry,2025,automatic,petrol,Silver,202266,A00115
V0018366,,"11235","11235",TOY,Camry,2025,automatic,petrol,Silver,246612,A00115
V0018368,,"32530",'-,EXE,MY25,2024,automatic,petrol,Silver,38732,D00021
V0018370,,"11263","11263",TOY,Camry,2025,automatic,petrol,Silver,171927,A00115
V0018376,,"30528","30528",MIT,ASX,2024,automatic,petrol,White,25750,A00095
V0018377,,"70958",'-,MGM,MG 3,2024,automatic,petrol,White,53600,D00021
V0018380,,"11251","11251",TOY,Camry,2025,automatic,petrol,Silver,181052,A00115
V0018384,,"95621",'-,CHE,Captiva,2025,automatic,petrol,White,41064,D00021
V0018387,,"11315","11315",TOY,Camry,2025,automatic,petrol,Silver,200762,A00115
V0018390,,"73647","73647",MGM,MG5,2024,automatic,petrol,White,63008,A00095
V0018391,,"11306","11306",TOY,Camry,2025,automatic,petrol,Silver,205968,A00115
V0018392,,"11321","11321",TOY,Camry,2025,automatic,petrol,Silver,225854,A00115
V0018397,,"30253","30253",MGM,MG5,2024,automatic,petrol,White,52443,A00095
V0018398,,"89005",'-,HYN,Sonata,,automatic,petrol,White,119031,A00152
V0018399,,"89064",'-,HYN,Sonata,,automatic,petrol,White,109802,A00152
V0018400,,"89097",'-,HYN,Sonata,,automatic,petrol,White,128844,A00152
V0018402,,"63064","63064",MIT,Rosa,2025,automatic,diesel,Yellow,30024,A00095
V0018404,,"89115",'-,HYN,Sonata,,automatic,petrol,White,122885,A00152
V0018405,,"89150",'-,HYN,Sonata,,automatic,petrol,White,114409,A00152
V0018406,,"89161",'-,HYN,Sonata,,automatic,petrol,White,118862,A00152
V0018407,,"89187",'-,HYN,Sonata,,automatic,hybrid,White,99700,A00152
V0018408,,"89204",'-,HYN,Sonata,,automatic,petrol,White,109491,A00152
V0018409,,"89207",'-,HYN,Sonata,,automatic,petrol,Agate RED,114771,A00152
V0018410,,"89219",'-,HYN,Sonata,,automatic,petrol,White,108180,A00152
V0018412,,"90901",'-,HYN,Sonata,,automatic,hybrid,White,119746,A00152
V0018414,,"90903",'-,HYN,Sonata,,automatic,hybrid,White,95080,A00152
V0018415,,"90904",'-,HYN,Sonata,,automatic,hybrid,White,128016,A00152
V0018416,,"90905",'-,HYN,Sonata,,automatic,hybrid,White,127210,A00152
V0018417,,"90906",'-,HYN,Sonata,,automatic,hybrid,White,101577,A00152
V0018418,,"90907",'-,HYN,Sonata,,automatic,hybrid,White,94204,A00152
V0018419,,"90908",'-,HYN,Sonata,,automatic,hybrid,White,96549,A00152
V0018420,,"90909",'-,HYN,Sonata,,automatic,hybrid,White,106150,A00152
V0018421,,"90910",'-,HYN,Sonata,,automatic,hybrid,White,114834,A00152
V0018422,,"90911",'-,HYN,Sonata,,automatic,hybrid,White,92649,A00152
V0018423,,"90912",'-,HYN,Sonata,,automatic,hybrid,White,116816,A00152
V0018424,,"90913",'-,HYN,Sonata,,automatic,hybrid,White,1082550,A00152
V0018425,,"90914",'-,HYN,Sonata,,automatic,hybrid,White,97440,A00152
V0018426,,"90915",'-,HYN,Sonata,,automatic,hybrid,White,105125,A00152
V0018427,,"11290","11290",TOY,Camry,2025,automatic,petrol,Silver,204912,A00115
V0018434,,"11327","11327",TOY,Camry,2025,automatic,petrol,Silver/Beige,177455,A00115
V0018435,,"90916",'-,HYN,Sonata,,automatic,hybrid,White,109200,A00152
V0018436,,"90917",'-,HYN,Sonata,,automatic,hybrid,White,108881,A00152
V0018437,,"90918",'-,HYN,Sonata,,automatic,hybrid,White,82993,A00152
V0018438,,"90919",'-,HYN,Sonata,,automatic,hybrid,White,123550,A00152
V0018439,,"90920",'-,HYN,Sonata,,automatic,hybrid,White,111498,A00152
V0018440,,"90921",'-,HYN,Sonata,,automatic,hybrid,White,125113,A00152
V0018441,,"90922",'-,HYN,Sonata,,automatic,hybrid,White,120134,A00152
V0018442,,"90923",'-,HYN,Sonata,,automatic,hybrid,White,984070,A00152
V0018443,,"90924",'-,HYN,Sonata,,automatic,hybrid,White,124883,A00152
V0018444,,"90925",'-,HYN,Sonata,,automatic,hybrid,White,112600,A00152
V0018445,,"90926",'-,HYN,Sonata,,automatic,hybrid,White,128571,A00152
V0018446,,"90927",'-,HYN,Sonata,,automatic,hybrid,White,107256,A00152
V0018447,,"90928",'-,HYN,Sonata,,automatic,hybrid,White,117051,A00152
V0018448,,"90929",'-,HYN,Sonata,,automatic,hybrid,White,140131,A00152
V0018449,,"90930",'-,HYN,Sonata,,automatic,hybrid,White,94918,A00152
V0018450,,"11352","11352",TOY,Hybrid Camry,,automatic,hybrid,Silver,224036,A00115
V0018451,,"90931",'-,HYN,Sonata,,automatic,hybrid,White,112975,A00152
V0018452,,"90932",'-,HYN,Sonata,,automatic,hybrid,White,115411,A00152
V0018453,,"90933",'-,HYN,Sonata,,automatic,hybrid,White,114828,A00152
V0018454,,"90934",'-,HYN,Sonata,,automatic,hybrid,White,114881,A00152
V0018455,,"90935",'-,HYN,Sonata,,automatic,hybrid,White,112630,A00152
V0018456,,"11304","11304",TOY,Camry,2026,automatic,petrol,Silver,179844,A00115
V0018458,,"11272","11272",TOY,Camry,2025,automatic,petrol,Silver Grey,173750,A00115
V0018460,,"91345","91345",TOY,Lexus,,automatic,petrol,Grey,204629,C00002
V0018462,,"45620",'-,CHE,Groove,2025,automatic,petrol,Blue,29959,D00021
V0018463,,"11328","11328",TOY,Camry,2025,automatic,petrol,Silver/Beige,193401,A00115
V0018465,,"11292","11292",TOY,Camry,2025,automatic,petrol,Silver/Beige,213236,A00115
V0018466,,"11301","11301",TOY,Camry,2025,automatic,petrol,Silver,169226,A00115
V0018467,,"11286","11286",TOY,Camry,2025,automatic,petrol,Silver,189973,A00115
V0018469,,"11293","11293",TOY,Hybrid Camry,2025,automatic,hybrid,Silver Grey,176704,A00115
V0018470,,"11303","11303",TOY,Camry,2025,automatic,hybrid,Silver,219425,A00115
V0018471,,"11307","11307",TOY,Camry,2025,automatic,petrol,Silver,218877,A00115
V0018472,,"11329","11329",TOY,Hybrid Camry,,automatic,hybrid,Silver,161191,A00115
V0018473,,"11346","11346",TOY,Hybrid Camry,,automatic,hybrid,Silver,159784,A00115
V0018475,,"11331","11331",TOY,Camry,2025,automatic,petrol,Silver/Beige,177570,A00115
V0018477,,"95649","95649",TOY,Fortuner,2025,automatic,petrol,White,111061,A00095
V0018478,,"11340","11340",TOY,Camry,2025,automatic,petrol,Silver/Beige,176366,A00115
V0018479,,"11338","11338",TOY,Camry,2025,automatic,petrol,Silver/Beige,192231,A00115
V0018481,,"11332","11332",TOY,Camry,2025,automatic,petrol,Silver/Beige,178249,A00115
V0018482,,"11278","11278",TOY,Camry,2025,automatic,petrol,Silver Grey,208881,A00115
V0018483,,"11344","11344",TOY,Camry,2025,automatic,petrol,Silver Grey,176871,A00115
V0018484,,"11347","11347",TOY,Camry,2025,automatic,petrol,Silver Grey,173654,A00115
V0018485,,"11284","11284",TOY,Camry,2025,automatic,petrol,Silver,191647,A00115
V0018488,,"29017",'-,CHE,Captiva,2025,automatic,petrol,White,49002,D00021
V0018489,,"11312","11312",TOY,Camry,2025,automatic,petrol,Silver,190892,A00115
V0018491,,"11324","11324",TOY,Hybrid Camry,,automatic,hybrid,Silver,210388,A00115
V0018493,,"11274","11274",TOY,Hybrid Camry,,automatic,hybrid,Silver,161312,A00115
V0018494,,"11276","11276",TOY,Hybrid Camry,,automatic,hybrid,Silver,159611,A00115
V0018495,,"11279","11279",TOY,Hybrid Camry,,automatic,hybrid,Silver,180241,A00115
V0018496,,"11280","11280",TOY,Hybrid Camry,,automatic,hybrid,Silver,160715,A00115
V0018497,,"41019","41019",JAC,SUNRAY,,automatic,diesel,Yellow,49977,A00095
V0018501,,"11273","11273",TOY,Hybrid Camry,,automatic,hybrid,Silver,163203,A00115
V0018505,,"28366","28366",NIS,Sunny,,automatic,petrol,White,45055,A00095
V0018506,,"11345","11345",TOY,Hybrid Camry,,automatic,hybrid,Silver,160021,A00115
V0018507,,"11337","11337",TOY,Hybrid Camry,,automatic,hybrid,Silver,197603,A00115
V0018508,,"11316","11316",TOY,Camry,2025,automatic,petrol,Silver/Beige,188650,A00115
V0018509,,"11305","11305",TOY,Hybrid Camry,,automatic,hybrid,Silver,202370,A00115
V0018510,,"11341","11341",TOY,Hybrid Camry,,automatic,hybrid,Silver,162132,A00115
V0018511,,"11275","11275",TOY,Hybrid Camry,,automatic,hybrid,Silver,181085,A00115
V0018512,,"11288","11288",TOY,Camry,2025,automatic,petrol,Silver/Beige,180200,A00115
V0018513,,"11330","11330",TOY,Hybrid Camry,,automatic,hybrid,Silver,148144,A00115
V0018514,,"11295","11295",TOY,Camry,2025,automatic,petrol,Silver/Beige,175283,A00115
V0018516,,"64778",'-,NIS,Sunny,2025,automatic,petrol,White,45248,D00021
V0018518,,"11322","11322",TOY,Camry,2025,automatic,petrol,Silver/Beige,195128,A00115
V0018519,,"11302","11302",TOY,Camry,2025,automatic,petrol,Silver/Beige,159926,A00115
V0018520,,"26619","26619",NIS,Micra,,automatic,hybrid,White,150763,C00002
V0018521,,"11285","11285",TOY,Camry,2025,automatic,petrol,Silver/Beige,204717,A00115
V0018522,,"11277","11277",TOY,Hybrid Camry,2025,automatic,hybrid,Silver,163264,A00115
V0018523,,"11289","11289",TOY,Camry,2025,automatic,petrol,Silver/Beige,174600,A00115
V0018526,,"11323","11323",TOY,Camry,2025,automatic,petrol,Silver,179872,A00115
V0018527,,"11317","11317",TOY,Camry,2025,automatic,petrol,Silver/Beige,174749,A00115
V0018528,,"11291","11291",TOY,Camry,2025,automatic,petrol,Silver/Beige,206591,A00115
V0018529,,"51278",'-,CHE,Captiva,2025,automatic,petrol,White,40551,D00021
V0018530,,"53997","53997",CHE,Groove,2025,automatic,petrol,Red,27018,A00095
V0018531,,"11281","11281",TOY,Camry,2025,automatic,petrol,Silver/Beige,221349,A00115
V0018532,,"11296","11296",TOY,Camry,2025,automatic,petrol,Silver/Beige,221437,A00115
V0018533,,"11308","11308",TOY,Camry,2025,automatic,petrol,Silver/Beige,174489,A00115
V0018534,,"11319","11319",TOY,Hybrid Camry,2025,automatic,hybrid,Silver,161132,A00115
V0018535,,"11297","11297",TOY,Hybrid Camry,2025,automatic,hybrid,Silver,225619,A00115
V0018536,,"11282","11282",TOY,Hybrid Camry,2025,automatic,hybrid,Silver,162334,A00115
V0018537,,"82745",'-,CHE,Captiva,,automatic,petrol,White,28829,D00021
V0018540,,"11300","11300",TOY,Camry,2025,automatic,petrol,Silver/Beige,174399,A00115
V0018541,,"86725","86725",NIS,X-TERRA,2024,automatic,diesel,White,1026262,A00095
V0018542,,"33991","33991",TAT,LPO1618,2025,automatic,diesel,White,86810,A00095
V0018543,,"11283","11283",TOY,Camry,2025,automatic,petrol,Silver/Beige,160744,A00115
V0018544,,"11349","11349",TOY,Hybrid Camry,2025,automatic,hybrid,Silver,161243,A00115
V0018547,,"73897",'-,TOY,HIGHLANDER,2024,automatic,petrol,White,72246,D00021
V0018548,,"33986","33986",TAT,LPO1618,2025,automatic,diesel,White,97068,A00095
V0018550,,"11299","11299",TOY,Camry,2025,automatic,petrol,Silver/Beige,190488,A00115
V0018551,,"11348","11348",TOY,Hybrid Camry,2025,automatic,hybrid,Silver,159818,A00115
V0018553,,"45934",'-,CHE,Groove,2025,automatic,petrol,Silver,42063,D00021
V0018554,,"11309","11309",TOY,Camry,2025,automatic,petrol,Silver/Beige,159392,A00115
V0018556,,"56870",'-,JAC,JS 4,2024,automatic,petrol,Black,43595,D00021
V0018557,,"11311","11311",TOY,Camry,2025,automatic,petrol,Silver/Beige,160485,A00115
V0018559,,"11409","11409",HYN,Sonata,2025,automatic,hybrid,Silver,141298,A00115
V0018560,,"11271","11271",TOY,Hybrid Camry,2025,automatic,hybrid,Silver,234790,A00115
V0018561,,"11287","11287",TOY,Camry,2025,automatic,petrol,Silver/Beige,177856,A00115
V0018563,,"33844","33844",TAT,LPO1618,2025,automatic,diesel,White,119912,A00095
V0018564,,"11320","11320",TOY,Camry,2025,automatic,petrol,Silver/Beige,160011,A00115
V0018565,,"11313","11313",TOY,Camry,2025,automatic,petrol,Silver/Beige,175332,A00115
V0018567,,"11310","11310",TOY,Camry,2025,automatic,petrol,Silver/Beige,160014,A00115
V0018568,,"11314","11314",TOY,Camry,2025,automatic,petrol,Silver/Beige,175441,A00115
V0018569,,"11339","11339",TOY,Hybrid Camry,2025,automatic,hybrid,Silver,145815,A00115
V0018571,,"11336","11336",TOY,Hybrid Camry,2025,automatic,hybrid,Silver,191158,A00115
V0018572,,"53386",'-,GMC,Yukon,2025,automatic,petrol,Grey,46335,D00021
V0018573,,"11318","11318",TOY,Camry,2025,automatic,petrol,Silver/Beige,159856,A00115
V0018575,,"11335","11335",TOY,Hybrid Camry,2025,automatic,hybrid,Silver,160839,A00115
V0018576,,"44513","44513",MGM,MG5,2024,automatic,petrol,White,57356,A00095
V0018577,,"33853","33853",TAT,LPO1618,2025,automatic,petrol,White,56369,A00095
V0018578,,"11377","11377",TOY,Hybrid Camry,2025,automatic,hybrid,Silver,143582,A00115
V0018583,,"11343","11343",TOY,Hybrid Camry,2025,automatic,hybrid,Silver,181669,A00115
V0018585,,"46083",'-,CHE,Groove,2025,automatic,petrol,Silver,36079,D00021
V0018586,,"11334","11334",TOY,Hybrid Camry,2025,automatic,hybrid,Silver,195567,A00115
V0018587,,"11333","11333",TOY,Hybrid Camry,2025,automatic,hybrid,Silver,146651,A00115
V0018589,,"11342","11342",TOY,Hybrid Camry,2025,automatic,hybrid,Silver,190696,A00115
V0018592,,"61411",'-,EXE,LX 1.5 T,2024,automatic,petrol,White,36460,D00021
V0018593,,"81193","81193",SUZ,BALENO,2024,automatic,petrol,White,34761,A00095
V0018594,,"95625",'-,CHE,Captiva,2025,automatic,petrol,Silver,52600,D00021
V0018595,,"75213",'-,NIS,Sunny,2025,automatic,petrol,White,54225,D00021
V0018596,,"11298","11298",TOY,Camry,2025,automatic,petrol,Silver/White,194653,A00115
V0018597,,"11398","11398",HYN,Sonata,2025,automatic,hybrid,Silver,165463,A00115
V0018598,,"29042","29042",CHE,Captiva,2025,automatic,diesel,Silver,67418,A00095
V0018599,,"75214",'-,NIS,Sunny,2025,automatic,petrol,White,35929,D00021
V0018600,,"33839","33839",TAT,LPO1618,2025,automatic,diesel,White,89906,A00095
V0018605,,"11351","11351",TOY,Hybrid Camry,2025,automatic,hybrid,Silver,180826,A00115
V0018608,,"11353","11353",TOY,Hybrid Camry,2025,automatic,hybrid,Silver,175600,A00115
V0018609,,"21428","21428",MGM,MG5,2024,automatic,diesel,White,43935,A00095
V0018610,,"33847","33847",TAT,LPO1618,2025,automatic,hybrid,Silver,74868,A00095
V0018612,,"95615",'-,CHE,Captiva,2025,automatic,petrol,White,39942,D00021
V0018614,,"11326","11326",TOY,Hybrid Camry,2025,automatic,hybrid,Silver,187585,A00115
V0018615,,"95613","95613",CHE,Captiva,2025,automatic,hybrid,Silver,45637,A00095
V0018618,,"95650",'-,TOY,Fortuner,2025,automatic,petrol,Pearl White,110856,D00021
V0018619,,"95616",'-,CHE,Captiva,2025,automatic,petrol,White,42380,D00021
V0018620,,"55843",'-,CHE,Groove,2025,automatic,petrol,White,31931,D00021
V0018622,,"93277","93277",NIS,X-TERRA,2025,automatic,diesel,,94464,A00095
V0018623,,"11325","11325",TOY,Hybrid Camry,2025,automatic,hybrid,Silver,161123,A00115
V0018624,,"18274","18274",MIT,Canter,2024,automatic,diesel,White,146853,M00130
V0018625,,"11362","11362",TOY,Hybrid Camry,2025,automatic,hybrid,Silver,154480,A00115
V0018626,,"11357","11357",TOY,Hybrid Camry,2025,automatic,hybrid,White,162760,A00115
V0018627,,"89038",'-,EXE,MY25,,automatic,petrol,White,56398,D00021
V0018629,,"11356","11356",TOY,Camry,2025,automatic,petrol,Silver/Beige,152126,A00115
V0018630,,"11376","11376",TOY,Camry,2025,automatic,petrol,Silver/Beige,160633,A00115
V0018631,,"11355","11355",TOY,Camry,2025,automatic,petrol,Silver/Beige,191730,A00115
V0018633,,"11366","11366",TOY,Camry,2025,automatic,petrol,Silver/Beige,161280,A00115
V0018634,,"10724",'-,MGM,MG5,,automatic,petrol,White,62177,D00021
V0018636,,"11365","11365",TOY,Camry,2025,automatic,petrol,Silver/Beige,203537,A00115
V0018637,,"11372","11372",TOY,Camry,2025,automatic,petrol,Silver/Beige,176827,A00115
V0018638,,"93276","93276",NIS,X-TERRA,2025,automatic,petrol,White,41328,A00095
V0018641,,"56960","56960",GMC,Yukon,2025,automatic,petrol,Black,33375,A00095
V0018645,,"11381","11381",HYN,Sonata,2025,automatic,hybrid,Silver,163478,A00115
V0018646,,"11363","11363",TOY,Camry,2025,automatic,petrol,Silver/Beige,160463,A00115
V0018647,,"90201",'-,TOY,Innova Hybrid,,automatic,hybrid,White,108811,A00152
V0018648,,"90213",'-,TOY,Hiace,,automatic,petrol,White,40695,A00152
V0018650,,"11354","11354",TOY,Camry,2025,automatic,petrol,Silver/Beige,179114,A00115
V0018653,,"11360","11360",TOY,Camry,2025,automatic,petrol,Silver/Beige,190986,A00115
V0018655,,"11374","11374",TOY,Camry,2025,automatic,petrol,Silver/Beige,145068,A00115
V0018656,,"95619",'-,CHE,Captiva,2025,automatic,petrol,Silver,43529,D00021
V0018657,,"11393","11393",HYN,Sonata,2025,automatic,petrol,Silver/Beige,171331,A00115
V0018658,,"12659","1",CHE,Captiva,2025,automatic,petrol,White,43733,D00021
V0018660,,"11382","11382",HYN,Sonata,2025,automatic,petrol,Silver/Beige,160893,A00115
V0018661,,"87361",'-,CHE,Groove,2025,automatic,petrol,White,25240,D00021
V0018663,,"11399","11399",HYN,Sonata,2025,automatic,petrol,Silver/Beige,122023,A00115
V0018666,,"11375","11375",TOY,Camry,2025,automatic,petrol,Silver/Beige,178500,A00115
V0018667,,"11359","11359",TOY,Camry,2025,automatic,petrol,Silver/Beige,180057,A00115
V0018668,,"45437",'-,CHE,Groove,2025,automatic,petrol,White,31351,D00021
V0018672,,"23493","23493",MIT,XPANDER,2025,automatic,petrol,White,149447,A00095
V0018673,,"11402","11402",HYN,Sonata,2025,automatic,petrol,Silver/Beige,165032,A00115
V0018674,,"29007",'-,SUZ,BALENO,2025,automatic,petrol,White,24598,D00021
V0018675,,"95406",'-,NIS,Sunny,2025,automatic,petrol,White,70180,D00021
V0018676,,"66564",'-,MIT,CANTER EURO 5,2025,automatic,diesel,White,43435,D00021
V0018677,,"11395","11395",HYN,Sonata,2025,automatic,petrol,Silver/Beige,137050,A00115
V0018678,,"11358","11358",TOY,Camry,2025,automatic,petrol,Silver/Beige,196337,A00115
V0018681,,"19369",'-,NIS,Kicks,,automatic,petrol,White,89983,D00021
V0018683,,"87457",'-,NIS,Urvan,,automatic,petrol,White,52720,D00021
V0018685,,"15659","15659",MIT,XPANDER,2025,automatic,petrol,White,84488,A00095
V0018687,,"11388","11388",HYN,Sonata,2025,automatic,petrol,Silver/Beige,163889,A00115
V0018688,,"45850",'-,CHE,Groove,2025,automatic,petrol,Blue,26557,D00021
V0018691,,"11364","11364",TOY,Camry,2025,automatic,petrol,Silver/Beige,210698,A00115
V0018692,,"75209",'-,NIS,Sunny,2025,automatic,petrol,White,37242,D00021
V0018693,,"11367","11367",TOY,Camry,2025,automatic,petrol,Silver/Beige,149241,A00115
V0018694,,"11361","11361",TOY,Camry,2025,automatic,petrol,Silver/Beige,210479,A00115
V0018696,,"11389","11389",HYN,Sonata,2025,automatic,petrol,Silver/Beige,194112,A00115
V0018697,,"11403","11403",HYN,Sonata,2025,automatic,petrol,Silver/Beige,158539,A00115
V0018698,,"11406","11406",HYN,Sonata,2025,automatic,petrol,Silver/Beige,161700,A00115
V0018700,,"11396","11396",HYN,Sonata,2025,automatic,petrol,Silver Grey,150205,A00115
V0018701,,"11391","11391",HYN,Sonata,2025,automatic,petrol,Silver/Beige,162000,A00115
V0018702,,"35254",'-,TOY,Hiace,2025,automatic,petrol,White,87797,D00021
V0018703,,"11394","11394",HYN,Sonata,2025,automatic,petrol,Silver/Beige,146372,A00115
V0018705,,"11408","11408",HYN,Sonata,2025,automatic,petrol,Silver/Beige,150379,A00115
V0018707,,"76707",'-,NIS,Sunny,2025,automatic,petrol,White,46793,D00021
V0018708,,"11386","11386",HYN,Sonata,2025,automatic,hybrid,Silver,146667,A00115
V0018709,,"11405","11405",HYN,Sonata,2025,automatic,petrol,Silver/Beige,144794,A00115
V0018710,,"11397","11397",HYN,Sonata,2025,automatic,petrol,Silver/Beige,140776,A00115
V0018711,,"11387","11387",HYN,Sonata,2025,automatic,petrol,Silver/Beige,168413,A00115
V0018713,,"66891","66891",CHE,Captiva,2025,automatic,petrol,Black,82417,A00095
V0018714,,"11430","11430",TOY,Hybrid Camry,2025,automatic,hybrid,Silver,159938,A00115
V0018716,,"11369","11369",TOY,Camry,2025,automatic,petrol,Silver/Beige,193376,A00115
V0018717,,"11407","11407",HYN,Sonata,2025,automatic,petrol,Silver/Beige,176700,A00115
V0018718,,"11383","11383",HYN,Sonata,2025,automatic,petrol,Silver/Beige,162034,A00115
V0018719,,"44687","44687",CHE,Captiva,2025,automatic,petrol,White,65786,A00095
V0018720,,"11384","11384",HYN,Sonata,2025,automatic,petrol,Silver/Beige,154474,A00115
V0018721,,"60364",'-,CHE,Captiva,2025,automatic,petrol,White,26185,D00021
V0018723,,"11385","11385",HYN,Sonata,2025,automatic,hybrid,Silver,143550,A00115
V0018725,,"11371","11371",TOY,Camry,2025,automatic,petrol,Silver/Beige,139875,A00115
V0018726,,"11400","11400",HYN,Sonata,2025,automatic,petrol,Silver/Beige,161406,A00115
V0018727,,"44502",'-,GMC,Yukon,2025,automatic,petrol,Black,39528,D00021
V0018728,,"13239","13239",CHE,Groove,2025,automatic,petrol,White,32424,A00095
V0018730,,"11404","11404",HYN,Sonata,2025,automatic,petrol,Silver/Beige,145387,A00115
V0018731,,"11370","11370",TOY,Camry,2025,automatic,petrol,Silver/Beige,162324,A00115
V0018732,,"11390","11390",HYN,Sonata,2025,automatic,petrol,Silver/Beige,171255,A00115
V0018734,,"11350","11350",TOY,Camry,2025,automatic,petrol,Silver/Beige,144893,A00115
V0018735,,"11368","11368",TOY,Camry,2025,automatic,petrol,Silver/Beige,147340,A00115
V0018738,,"11378","11378",TOY,Camry,2025,automatic,petrol,Silver/Beige,168698,A00115
V0018739,,"94036","94036",TOY,Innova,2025,automatic,hybrid,White,83637,M00130
V0018743,,"11392","11392",HYN,Sonata,2025,automatic,petrol,Silver/Beige,157300,A00115
V0018744,,"11401","11401",HYN,Sonata,2025,automatic,petrol,Silver/Beige,150608,A00115
V0018746,,"45805",'-,CHE,Groove,2025,automatic,petrol,White,29132,D00021
V0018747,,"11380","11380",HYN,Sonata,2025,automatic,petrol,Silver/Beige,143631,A00115
V0018748,,"11436","11436",TOY,Camry,2025,automatic,petrol,Silver,189830,A00115
V0018751,,"11379","11379",TOY,Camry,2025,automatic,petrol,Silver/Beige,179868,A00115
V0018752,,"11465","11465",TOY,Camry,2025,automatic,petrol,Silver,171819,A00115
V0018755,,"37252",'-,SUZ,BALENO,2025,automatic,petrol,White,36528,D00021
V0018761,,"95624",'-,CHE,Captiva,2025,automatic,petrol,Silver,107187,D00021
V0018762,,"21983",'-,NIS,Sunny,2024,automatic,petrol,White,54942,A00095
V0018769,,"55010","55010",JAC,SUNRAY,2025,automatic,petrol,Yellow,50578,A00095
V0018771,,"11478","11478",TOY,Camry,2025,automatic,petrol,Silver/Beige,227979,A00115
V0018774,,"33691",'-,CHE,Groove,2025,automatic,petrol,White,37961,D00021
V0018776,,"29079",'-,CHE,Captiva,2025,automatic,petrol,Black,35123,D00021
V0018779,,"56062",'-,GMC,Yukon,2025,automatic,petrol,Grey,40254,D00021
V0018781,,"49570","49570",JAC,SUNRAY,2025,automatic,petrol,Yellow,49904,A00095
V0018784,,"45836",'-,CHE,Groove,2025,automatic,petrol,Silver,25108,D00021
V0018785,,"44385",'-,GMC,Yukon,2025,automatic,petrol,Black,31150,D00021
V0018787,,"11174","11174",TOY,Camry,2025,automatic,petrol,Silver/Beige,146779,A00115
V0018789,,"13197",'-,CHE,Groove,2025,automatic,petrol,White,32349,D00021
V0018791,,"11428","11428",TOY,Camry,2025,automatic,petrol,Silver,219789,A00115
V0018793,,"11458","11458",TOY,Camry,2026,automatic,petrol,Silver,190968,A00115
V0018794,,"11425","11425",TOY,Camry,2025,automatic,petrol,Silver,183615,A00115
V0018795,,"91413",'-,MGM,MG 3,2024,automatic,petrol,White,37425,D00021
V0018797,,"34952",'-,TOY,Land Cruiser,2025,automatic,petrol,White,87781,C00002
V0018798,,"11440","11440",TOY,Camry,2025,automatic,petrol,Silver,159864,A00115
V0018799,,"11416","11416",TOY,Camry,2025,automatic,petrol,Silver,189714,A00115
V0018800,,"11426","11426",TOY,Camry,2025,automatic,petrol,Silver,163436,A00115
V0018801,,"11439","11439",TOY,Camry,2025,automatic,petrol,Silver,192692,A00115
V0018802,,"36110",'-,TOY,Land Cruiser,2025,automatic,petrol,White,111091,C00002
V0018805,,"35548","35548",CHE,Captiva,2025,automatic,petrol,White,39155,A00095
V0018806,,"11417","11417",TOY,Camry,2025,automatic,petrol,Silver/Beige,161939,A00115
V0018807,,"11466","11466",TOY,Camry,2025,automatic,petrol,Silver,161495,A00115
V0018810,,"11464","11464",TOY,Camry,2025,automatic,petrol,Silver,175902,A00115
V0018811,,"11462","11462",TOY,Camry,2025,automatic,petrol,Silver,193000,A00115
V0018812,,"11472","11472",TOY,Camry,2025,automatic,petrol,Silver,183120,A00115
V0018813,,"11427","11427",TOY,Camry,2025,automatic,hybrid,Silver,206238,A00115
V0018814,,"11412","11412",TOY,Camry,2025,automatic,petrol,Silver/Beige,129749,A00115
V0018815,,"11421","11421",TOY,Camry,2025,automatic,petrol,Silver,145359,A00115
V0018816,,"11446","11446",TOY,Camry,2025,automatic,petrol,Silver,152098,A00115
V0018817,,"11414","11414",TOY,Camry,2025,automatic,petrol,Silver,174925,A00115
V0018818,,"19329",'-,CHE,Captiva,2025,automatic,petrol,White,34767,D00021
V0018819,,"11431","11431",TOY,Camry,2025,automatic,petrol,Silver,191689,A00115
V0018820,,"76682",'-,NIS,Sunny,2025,automatic,petrol,White,54292,D00021
V0018822,,"11455","11455",TOY,Camry,2025,automatic,petrol,Silver,189601,A00115
V0018827,,"11457","11457",TOY,Camry,2025,automatic,hybrid,Silver,159342,A00115
V0018829,,"11473","11473",TOY,Camry,2025,automatic,hybrid,Silver,176315,A00115
V0018830,,"11418","11418",TOY,Camry,2025,automatic,petrol,Silver/Beige,149067,A00115
V0018831,,"11469","11469",TOY,Camry,2025,automatic,hybrid,Silver,152493,A00115
V0018832,,"11423","11423",TOY,Camry,2025,automatic,hybrid,Silver,132830,A00115
V0018833,,"11460","11460",TOY,Camry,2025,automatic,hybrid,Silver,171293,A00115
V0018834,,"11411","11411",TOY,Camry,2025,automatic,hybrid,Silver,184323,A00115
V0018835,,"37353","37353",TAT,LPO 916,2025,automatic,diesel,Yellow,73346,A00095
V0018837,,"11448","11448",TOY,Camry,2025,automatic,hybrid,Silver,175722,A00115
V0018838,,"11424","11424",TOY,Camry,2025,automatic,hybrid,Silver,159895,A00115
V0018839,,"55326",'-,TOY,Hiace,2025,automatic,petrol,White,55326,M00130
V0018840,,"55291",'-,TOY,Hiace,2025,automatic,petrol,White,39557,M00130
V0018841,,"54901",'-,TOY,Hiace,2025,automatic,petrol,White,39685,M00130
V0018842,,"54862",'-,TOY,Hiace,2025,automatic,petrol,Silver,26862,M00130
V0018843,,"11449","11449",TOY,Camry,2025,automatic,petrol,White,205721,A00115
V0018845,,"11461","11461",TOY,Camry,2025,automatic,hybrid,Silver,175220,A00115
V0018846,,"11438","11438",TOY,Camry,2025,automatic,petrol,Silver/Beige,129969,A00115
V0018847,,"11479","11479",TOY,Camry,2025,automatic,petrol,Silver/Beige,148425,A00115
V0018849,,"11445","11445",TOY,Camry,2025,automatic,hybrid,Silver,158550,A00115
V0018850,,"11410","11410",TOY,Camry,2025,automatic,petrol,Silver/Beige,159769,A00115
V0018851,,"11434","11434",TOY,Camry,2025,automatic,petrol,Silver/Beige,190585,A00115
V0018852,,"11470","11470",TOY,Camry,2025,automatic,petrol,Silver,192371,A00115
V0018853,,"11437","11437",TOY,Camry,2025,automatic,hybrid,Silver,176287,A00115
V0018854,,"11532","11532",TOY,Hybrid Camry,2025,automatic,petrol,Silver/Beige,129956,A00115
V0018857,,"45583","45583",CHE,Groove,2025,automatic,petrol,White,36248,A00095
V0018858,,"11451","11451",TOY,Camry,2025,automatic,hybrid,Silver,144980,A00115
V0018860,,"20538","20538",MIT,Canter,,automatic,petrol,White,140400,M00130
V0018861,,"11422","11422",TOY,Camry,2025,automatic,petrol,Silver/Beige,147061,A00115
V0018862,,"11444","11444",TOY,Camry,2025,automatic,petrol,Silver/Beige,197249,A00115
V0018863,,"11452","11452",TOY,Camry,2025,automatic,hybrid,Silver,155461,A00115
V0018866,,"11435","11435",TOY,Camry,2025,automatic,petrol,Silver,153829,A00115
V0018867,,"11476","11476",TOY,Camry,2025,automatic,diesel,Silver,165225,A00115
V0018868,,"11447","11447",TOY,Camry,2025,automatic,hybrid,Silver,155830,A00115
V0018869,,"11471","11471",TOY,Camry,2025,automatic,hybrid,Silver,155013,A00115
V0018870,,"28475","28475",SUZ,Ciaz,2025,automatic,petrol,White,29472,A00095
V0018871,,"11477","11477",TOY,Camry,2025,automatic,petrol,Silver/Beige,146020,A00115
V0018873,,"55982","55982",CHE,Captiva,2025,automatic,petrol,White,35843,A00095
V0018874,,"11413","11413",TOY,Camry,2025,automatic,hybrid,Silver,147472,A00115
V0018875,,"11441","11441",TOY,Camry,2025,automatic,hybrid,Silver,179711,A00115
V0018877,,"55385",'-,JAC,SUNRAY,2025,automatic,petrol,White,47723,D00021
V0018878,,"11415","11415",TOY,Camry,2025,automatic,hybrid,Silver,193500,A00115
V0018880,,"72919",'-,MIT,Rosa,2025,manual,diesel,White,84037,D00021
V0018881,,"32718",'-,NIS,Urvan,2025,automatic,petrol,White,76583,D00021
V0018890,,"59887",'-,MGM,MG5,2025,automatic,petrol,Silver,55662,D00021
V0018891,,"27994","27994",NIS,Sunny,2018,automatic,petrol,White,146072,A00158
V0018892,,"65073",'-,SUZ,BALENO,2025,automatic,petrol,White,66907,D00021
V0018894,,"48176","48176",MIT,Canter,2024,automatic,petrol,White,134328,M00130
V0018895,,"11521","11521",TOY,Hybrid Camry,2025,automatic,hybrid,Silver,161231,A00115
V0018898,,"17218",'-,JAC,SUNRAY,2025,automatic,petrol,White,58802,D00021
V0018902,,"67033",'-,MIT,CANTER EURO 5,2025,manual,diesel,White,24516,D00021
V0018903,"3079","78068",'-,TOY,Corolla,2023,automatic,petrol,White,65611,C00002
V0018904,,"11531","11531",TOY,Camry,2025,automatic,petrol,Silver/Beige,124596,A00115
V0018906,,"11500","11500",TOY,Hybrid Camry,2025,automatic,petrol,Silver,193339,A00115
V0018907,,"47502","47502",JAC,SUNRAY,2025,automatic,petrol,Yellow,32999,A00095
V0018908,,"11523","11523",TOY,Camry,2025,automatic,petrol,Silver/Beige,101864,A00115
V0018911,,"11505","11505",TOY,Camry,2025,automatic,petrol,Silver/Beige,191409,A00115
V0018912,,"11534","11534",TOY,Camry,2025,automatic,petrol,Silver/Beige,131320,A00115
V0018914,,"11519","11519",TOY,Hybrid Camry,2025,automatic,hybrid,Silver,115756,A00115
V0018916,,"89093","89093",CHE,Captiva,2025,automatic,petrol,Black,59941,A00095
V0018918,,"11480","11480",TOY,Camry,2025,automatic,petrol,Silver/Beige,209700,A00115
V0018919,,"11504","11504",TOY,Camry,2025,automatic,petrol,Silver/White,209171,A00115
V0018920,,"11450",'-,TOY,Camry,2025,automatic,petrol,Silver,159606,A00115
V0018923,"3081","36254",'-,TOY,Land Cruiser,2025,automatic,petrol,White/Grey,99366,E00049
V0018925,,"11509","11509",TOY,Camry,2025,automatic,petrol,Silver/Beige,148987,A00115
V0018926,,"37344","37344",TAT,LPO 916,2025,automatic,diesel,White,71773,A00095
V0018927,,"11468","11468",TOY,Camry,2025,automatic,petrol,Silver,157401,A00115
V0018928,,"11526","11526",TOY,Camry,2025,automatic,petrol,Silver/White,149655,A00115
V0018929,,"10594",'-,NIS,Urvan,2025,automatic,petrol,White,35425,D00021
V0018930,,"11459","1",TOY,Camry,2025,automatic,hybrid,Silver,145700,A00115
V0018931,,"45870","45870",CHE,Groove,2025,automatic,petrol,White,33901,A00095
V0018932,,"27995",'-,NIS,Sunny,2018,automatic,petrol,White,279234,A00158
V0018934,,"11543","11543",TOY,Camry,2025,automatic,petrol,Silver/Beige,171833,A00115
V0018936,,"11433","11433",TOY,Camry,2026,automatic,petrol,Silver,161394,A00115
V0018937,,"40283","40283",NIS,Sunny,2025,automatic,petrol,White,42705,A00095
V0018938,,"11507","11507",TOY,Camry,2025,automatic,petrol,Silver/Beige,160824,A00115
V0018939,,"11463","11463",TOY,Camry,2025,automatic,petrol,Silver,160265,A00115
V0018940,,"11491","11491",TOY,Camry,2025,automatic,petrol,Silver/Beige,196211,A00115
V0018941,,"11420","11420",TOY,Camry,2025,automatic,hybrid,Silver,170433,A00115
V0018942,,"11502","11502",TOY,Camry,2025,automatic,petrol,Silver/Beige,190812,A00115
V0018943,,"10591",'-,NIS,Urvan,2025,manual,petrol,White,61296,D00021
V0018945,,"11467","11467",TOY,Camry,2025,automatic,petrol,Silver,181676,A00115
V0018946,,"11454","11454",TOY,Camry,2025,automatic,petrol,Silver,156388,A00115
V0018947,,"11490","11490",TOY,Camry,2025,automatic,petrol,Silver/Beige,190030,A00115
V0018948,,"11442","11442",TOY,Camry,2025,automatic,hybrid,Silver,147437,A00115
V0018951,,"11517","11517",TOY,Camry,2025,automatic,petrol,Silver/Beige,160417,A00115
V0018953,,"11429","11429",TOY,Camry,2025,automatic,petrol,Silver,150002,A00115
V0018956,,"11529","11529",TOY,Camry,2025,automatic,petrol,Silver/Beige,185597,A00115
V0018957,,"16250","16250",SUZ,BALENO,2024,automatic,petrol,White,52506,A00095
V0018958,,"11506","11506",TOY,Camry,2025,automatic,petrol,Silver/Beige,147001,A00115
V0018959,,"11538","11538",TOY,Camry,2025,automatic,petrol,Silver/Beige,146789,A00115
V0018961,,"27993",'-,NIS,Sunny,2018,automatic,petrol,White,68252,A00158
V0018963,,"11524","11524",TOY,Camry,2025,automatic,petrol,Silver/Beige,178380,A00115
V0018964,,"11522","11522",TOY,Camry,2025,automatic,petrol,Silver/Beige,165151,A00115
V0018965,,"11475","11475",TOY,Camry,2025,automatic,hybrid,Silver,179165,A00115
V0018966,,"11474","11474",TOY,Camry,2025,automatic,petrol,Silver,491114,A00115
V0018967,,"52844",'-,JAC,SUNRAY,2025,manual,diesel,White,113201,D00021
V0018968,,"36257",'-,TOY,Land Cruiser,2025,automatic,petrol,White/Grey,90000,E00049
V0018969,,"44387",'-,MGM,MG 3,2024,automatic,petrol,Grey,35301,D00021
V0018970,,"49280","49280",MIT,Rosa,2024,automatic,petrol,Yellow,31857,A00095
V0018971,,"11456","11456",TOY,Camry,2025,automatic,hybrid,Silver,131736,A00115
V0018972,,"11508","11508",TOY,Camry,2025,automatic,petrol,Silver/Beige,146292,A00115
V0018973,,"21553",'-,MIT,Rosa,2025,manual,diesel,White,70160,D00021
V0018974,,"54051",'-,CHE,Captiva,2025,automatic,petrol,White,17646,D00021
V0018976,,"26306",'-,NIS,Sunny,2024,automatic,petrol,Silver,53986,D00021
V0018977,,"11525","11525",TOY,Camry,2025,automatic,petrol,Silver/White,153072,A00116
V0018978,,"11515","11515",TOY,Camry,2025,automatic,petrol,Silver/Beige,178005,A00116
V0018980,,"11419","11419",TOY,Camry,2025,automatic,diesel,Silver,169289,A00115
V0018981,,"11520","11520",TOY,Camry,2025,automatic,petrol,Silver/Beige,146000,A00116
V0018982,,"11484","11484",TOY,Camry,2025,automatic,petrol,Silver/Beige,145937,A00116
V0018985,,"11547","11547",TOY,Camry,2025,automatic,petrol,Silver/Beige,160069,A00116
V0018988,,"11432","11432",TOY,Camry,2025,automatic,petrol,Silver,152983,A00115
V0018990,,"87213","87213",TOY,Fortuner,2024,automatic,petrol,White,106204,A00095
V0018991,,"11512","11512",TOY,Camry,2025,automatic,petrol,Silver/Beige,149274,A00115
V0018993,,"11516","11516",TOY,Camry,2025,automatic,petrol,Silver/Beige,158102,A00116
V0018994,,"35516","35516",TOY,Hiace,2025,automatic,petrol,White,54293,M00130
V0018995,,"11528","11528",TOY,Camry,2025,automatic,hybrid,,135288,A00115
V0018998,,"11533","11533",TOY,Camry,2025,automatic,petrol,Silver/Beige,147694,A00115
V0019001,,"89419",'-,NIS,Kicks,2025,automatic,petrol,White,32637,D00021
V0019002,,"11486","11486",TOY,Camry,2025,automatic,petrol,Silver/Beige,145950,A00116
V0019003,,"11499","11499",TOY,Camry,2025,automatic,petrol,Silver/Beige,146600,A00115
V0019004,,"11537","11537",TOY,Camry,2025,automatic,petrol,Silver/Beige,149789,A00115
V0019006,,"11540","11540",TOY,Camry,2025,automatic,petrol,Silver/Beige,165478,A00115
V0019007,,"11503","11503",TOY,Camry,2025,automatic,petrol,Silver/Beige,147367,A00115
V0019008,,"11513","11513",TOY,Camry,2025,automatic,petrol,Silver/Beige,101441,A00115
V0019009,,"11535","11535",TOY,Camry,2025,automatic,petrol,Silver/Beige,144005,A00115
V0019010,,"11542","11542",TOY,Hybrid Camry,,automatic,hybrid,Silver,128920,A00115
V0019012,,"11482","11482",TOY,Camry,2025,automatic,petrol,Silver/Beige,136372,A00115
V0019013,,"11483","11483",TOY,Camry,2025,automatic,petrol,Silver/Beige,153774,A00115
V0019014,,"36260",'-,TOY,Land Cruiser,2025,automatic,petrol,White,57524,C00002
V0019015,,"11489","11489",TOY,Camry,2025,automatic,petrol,Silver/White,130813,A00116
V0019016,,"11487","11487",TOY,Camry,2025,automatic,petrol,Silver/Beige,161587,A00115
V0019018,,"11536","11536",TOY,Camry,2025,automatic,petrol,Silver/Beige,175719,A00115
V0019019,,"11642","11642",TOY,Hybrid Camry,2025,automatic,hybrid,Silver,146140,A00115
V0019020,,"11485","11485",TOY,Camry,2025,automatic,petrol,Silver/Beige,142230,A00115
V0019022,,"11527","11527",TOY,Camry,2025,automatic,petrol,Silver/White,130238,A00115
V0019023,,"11539","11539",TOY,Camry,2025,automatic,petrol,Silver/Beige,141641,A00116
V0019024,,"40714","40714",JAC,SUNRAY,2025,automatic,petrol,Yellow,40850,A00095
V0019025,,"11492","11492",TOY,Camry,2025,automatic,petrol,Silver/Beige,145382,A00115
V0019026,,"11548","11548",TOY,Camry,2025,automatic,petrol,Silver/Beige,147790,A00115
V0019029,,"11530","11530",TOY,Camry,2025,automatic,petrol,Silver/Beige,150158,A00115
V0019034,,"11510","11510",TOY,Camry,2025,automatic,petrol,Silver/Beige,144993,A00115
V0019038,,"71656",'-,NIS,X-TERRA,2025,automatic,petrol,Blue,20450,D00021
V0019041,,"11546","11546",TOY,Camry,2025,automatic,petrol,Silver/Beige,149876,A00115
V0019042,,"11488","11488",TOY,Camry,2025,automatic,petrol,Silver/Beige,146730,A00115
V0019043,,"95628",'-,CHE,Captiva,2025,automatic,petrol,White,42436,D00021
V0019047,,"54614",'-,JAC,SUNRAY,2025,automatic,diesel,White,50765,D00021
V0019048,,"11544","11544",TOY,Hybrid Camry,2025,automatic,hybrid,Silver,131044,A00115
V0019050,,"11659","11659",TOY,Hybrid Camry,2025,automatic,hybrid,Silver,114698,A00115
V0019052,,"11498","11498",TOY,Camry,2025,automatic,hybrid,,175283,A00115
V0019053,,"11481","11481",TOY,Camry,2025,automatic,hybrid,,190092,A00115
V0019054,,"17042",'-,NIS,Urvan,2025,automatic,petrol,White,19964,D00021
V0019055,,"55428",'-,JAC,SUNRAY,2025,manual,diesel,White,147437,D00021
V0019056,,"13162","13162",CHE,Groove,2025,automatic,petrol,,23878,A00095
V0019058,,"16963",'-,NIS,Sunny,2025,automatic,petrol,White,27237,A00095
V0019059,,"36111","36111",TOY,Land Cruiser,2025,automatic,hybrid,White,120333,C00002
V0019060,,"11653","11653",TOY,Camry,2025,automatic,petrol,Silver/Beige,132656,A00115
V0019061,,"56549",'-,JAC,SUNRAY,2025,manual,diesel,White,114733,D00021
V0019064,,"10967",'-,TOY,Hilux,2025,manual,petrol,White,96043,D00021
V0019066,,"36883","36883",TOY,Land Cruiser,2025,automatic,hybrid,White,72871,C00002
V0019067,,"11599","11599",TOY,Camry,,automatic,petrol,Dark Grey,101190,A00115
V0019068,,"83617","83617",NIS,Patrol,2025,automatic,petrol,White,21362,A00095
V0019069,,"11603","11603",TOY,Camry,2025,automatic,hybrid,,146988,A00115
V0019070,,"36109",'-,TOY,Land Cruiser,2025,automatic,petrol,White/Grey,43005,C00002
V0019071,,"29315","29315",SUZ,ERTIGA,,automatic,petrol,White,46088,A00095
V0019080,,"91324",'-,MIT,XPANDER,2025,automatic,petrol,White,121907,D00021
V0019083,,"11554","11554",TOY,Innova,,automatic,petrol,Silver,134611,A00115
V0019084,,"11545","11545",TOY,Camry,2025,automatic,hybrid,,131585,A00115
V0019085,,"52850",'-,JAC,SUNRAY,2025,automatic,petrol,White,106349,D00021
V0019087,,"95351",'-,NIS,Kicks,2025,automatic,petrol,White,24988,D00021
V0019089,,"28326","28326",NIS,Sunny,2025,automatic,petrol,,46766,A00095
V0019092,,"74873",'-,NIS,Sunny,2025,automatic,petrol,White,33552,D00021
V0019093,,"11549","11549",TOY,Camry,2025,automatic,petrol,Silver/Beige,167089,A00115
V0019094,,"11541","11541",TOY,Camry,2025,automatic,petrol,Silver/Beige,162318,A00116
V0019096,,"11495","11495",TOY,Camry,2025,automatic,petrol,Silver/Beige,115358,A00116
V0019099,,"71957","71957",MIT,Outlander,2025,automatic,petrol,,58385,A00095
V0019100,,"11518","11518",TOY,Camry,2025,automatic,petrol,Silver/Beige,132093,A00115
V0019101,,"40514","40514",JAC,SUNRAY,2025,automatic,petrol,Yellow,30646,A00095
V0019104,,"11494","11494",TOY,Camry,2025,automatic,petrol,Silver/White,144340,A00116
V0019106,,"11514","11514",TOY,Camry,2025,automatic,petrol,Silver/Beige,147278,A00115
V0019108,,"11496","11496",TOY,Camry,2025,automatic,petrol,Silver/Beige,130817,A00115
V0019110,,"11497","11497",TOY,Hybrid Camry,2025,automatic,hybrid,White,131055,A00115
V0019113,,"11493","11493",TOY,Camry,2025,automatic,petrol,Silver/Beige,85756,A00115
V0019115,,"11665","11665",TOY,Camry,,automatic,petrol,Silver,145746,A00115
V0019116,,"11664","11664",TOY,Camry,2025,automatic,petrol,Silver/Beige,140655,A00115
V0019117,,"61383","61383",JAC,SUNRAY,2025,automatic,petrol,Yellow,58594,A00095
V0019118,,"29495","29495",NIS,Urvan,2025,automatic,petrol,White,61978,A00095
V0019119,,"24857",'-,NIS,Urvan,2025,manual,petrol,White,49792,D00021
V0019121,,AD11675,"11675",TOY,Hybrid Camry,2025,automatic,hybrid,,196213,A00115
V0019122,,"11580","11580",TOY,Innova,,automatic,petrol,Silver,140475,A00115
V0019124,,"11640","11640",TOY,Camry,2025,automatic,petrol,Silver/Beige,162592,A00115
V0019125,,"58379",'-,TOY,Yaris,2025,automatic,petrol,White,178511,D00021
V0019127,,"11584","11584",TOY,Innova,,automatic,petrol,Silver,136596,A00115
V0019128,,"11624","11624",TOY,Camry,2025,automatic,petrol,Silver/Beige,132374,A00115
V0019130,,"11610","11610",TOY,Camry,2025,automatic,petrol,Silver/Beige,147192,A00115
V0019131,,AD11646,"11646",TOY,Camry,2025,automatic,hybrid,,130870,A00115
V0019132,,"11650","11650",TOY,Camry,2025,automatic,petrol,Silver/White,168550,A00116
V0019133,,"11600","11600",TOY,Camry,2025,automatic,petrol,Silver/Beige,141778,A00116
V0019134,,"11615","11615",TOY,Hybrid Camry,2025,automatic,hybrid,Silver,173601,A00115
V0019135,,"11674","11674",TOY,Camry,2025,automatic,petrol,Silver/Beige,209838,A00115
V0019136,,"11602","11602",TOY,Camry,2025,automatic,petrol,Silver/Beige,179972,A00116
V0019137,,"11567","11567",TOY,Innova Hybrid,2025,automatic,hybrid,Silver,134111,A00115
V0019141,,"35827","35827",TAT,"916",,automatic,petrol,,15624,A00095
V0019143,,"11626","11626",TOY,Camry,2025,automatic,petrol,Silver/Beige,132312,A00116
V0019144,,"11625","11625",TOY,Camry,2025,automatic,petrol,Silver/Beige,177780,A00115
V0019145,,"31562",'-,TOY,Fortuner,2024,automatic,petrol,White,129456,C00002
V0019146,"1865","83980",'-,MIT,L 200,,automatic,petrol,White,100275,P00022
V0019147,,"36261",'-,TOY,Land Cruiser,,automatic,petrol,White,54329,E00049
V0019152,,"10961",'-,NIS,Urvan,2025,manual,petrol,White,16115,D00021
V0019153,,"10963",'-,NIS,Urvan,2025,manual,petrol,White,20413,D00021
V0019154,,AD11604,"11604",TOY,Camry,2025,automatic,hybrid,,160412,A00115
V0019157,,AD11593,"11593",TOY,Camry,2025,automatic,hybrid,,145244,A00115
V0019158,,AD11583,"11583",TOY,Innova Hybrid,2025,automatic,hybrid,,206700,A00115
V0019160,,AD11633,"11633",TOY,Camry,2025,automatic,hybrid,,143908,A00115
V0019161,,AD11573,"11573",TOY,Innova Hybrid,2025,automatic,hybrid,,182130,A00115
V0019162,,"11676","11676",TOY,Camry,2025,automatic,petrol,Silver/Beige,149964,A00115
V0019163,,"11628","11628",TOY,Camry,2025,automatic,petrol,Silver/Beige,145815,A00115
V0019164,,"11637","11637",TOY,Camry,2025,automatic,petrol,Silver/White,143258,A00116
V0019167,,"11616","11616",TOY,Camry,2025,automatic,hybrid,,176106,A00115
V0019168,,"11601","11601",TOY,Hybrid Camry,2025,automatic,hybrid,,152000,A00115
V0019173,,"11652","11652",TOY,Camry,2025,automatic,petrol,Silver/Beige,122762,A00116
V0019174,,"11639","11639",TOY,Camry,2025,automatic,petrol,Silver/White,163258,A00115
V0019177,,"11551","11551",TOY,Innova,,automatic,petrol,Silver,132655,A00115
V0019178,,"11647","11647",TOY,Hybrid Camry,2025,automatic,hybrid,,160150,A00115
V0019179,,"11644","11644",TOY,Camry,2025,automatic,petrol,Silver/Beige,115704,A00115
V0019180,,"11611","11611",TOY,Camry,2025,automatic,petrol,Silver/Beige,84737,A00115
V0019181,,"11677","11677",TOY,Camry,2025,automatic,petrol,Silver/Beige,116191,A00115
V0019182,,"11663","11663",TOY,Camry,2025,automatic,petrol,Silver/Beige,116030,A00115
V0019183,,"11645","11645",TOY,Camry,2025,automatic,petrol,Silver/Beige,146745,A00115
V0019187,,"11570","11570",TOY,Innova,2025,automatic,petrol,Silver/Beige,154575,A00115
V0019188,,"11566","11566",TOY,Innova Hybrid,2025,automatic,hybrid,,144424,A00115
V0019189,,"11631","11631",TOY,Camry,,automatic,petrol,Silver,132624,A00115
V0019191,,"11556","11556",TOY,Innova Hybrid,2025,automatic,petrol,Silver/Beige,176855,A00115
V0019192,,"11651","11651",TOY,Camry,2025,automatic,petrol,Silver/Beige,131289,A00115
V0019193,,"11569","11569",TOY,Innova Hybrid,2025,automatic,petrol,Silver/Beige,152189,A00115
V0019194,,"11558","11558",TOY,Innova Hybrid,2025,automatic,petrol,Silver/Beige,163060,A00115
V0019195,,"11576","11576",TOY,Innova Hybrid,2025,automatic,petrol,Silver/Beige,145010,A00115
V0019196,,"11553","11553",TOY,Innova Hybrid,2025,automatic,petrol,Silver/Beige,160110,A00115
V0019198,,"80579",'-,MIT,L 200,2025,automatic,petrol,White,65138,D00021
V0019201,,"11592","11592",TOY,Hybrid Camry,2025,automatic,hybrid,,141662,A00115
V0019203,,"11562","11562",TOY,Innova Hybrid,2025,automatic,petrol,Silver/Beige,140708,A00116
V0019204,,"11591","11591",TOY,Camry,2025,automatic,petrol,Silver/Beige,88900,A00115
V0019205,,"11654","11654",TOY,Camry,2025,automatic,petrol,Silver/Beige,143045,A00115
V0019206,,"11656","11656",TOY,Camry,2025,automatic,petrol,Silver/White,143839,A00115
V0019210,,"11658","11658",TOY,Camry,2025,automatic,petrol,Silver/Beige,159791,A00115
V0019213,,"11619","11619",TOY,Camry,2025,automatic,petrol,Silver/Beige,115578,A00115
V0019214,,"11560","11560",TOY,Innova Hybrid,2025,automatic,petrol,Silver/Beige,159850,A00115
V0019218,,"11594","11594",TOY,Hybrid Camry,2025,automatic,hybrid,,140198,A00115
V0019219,,"11572","11572",TOY,Innova Hybrid,2025,automatic,hybrid,,145197,A00115
V0019221,,"11655","11655",TOY,Hybrid Camry,2025,automatic,hybrid,,131550,A00115
V0019222,,"36521",'-,JAC,SUNRAY,2025,manual,diesel,White,69669,D00021
V0019223,,"11678","11678",TOY,Hybrid Camry,2025,automatic,hybrid,,131104,A00115
V0019225,,"95386",'-,NIS,Urvan,2025,manual,diesel,White,31691,D00021
V0019226,,"85273","85273",TOY,Fortuner,2024,automatic,petrol,White,93562,A00095
V0019227,,"11607","11607",TOY,Camry,2025,automatic,petrol,Silver/Beige,138553,A00115
V0019228,,"11552","11552",TOY,Innova Hybrid,2025,automatic,hybrid,,161881,A00115
V0019229,,"11673","11673",TOY,Hybrid Camry,2025,automatic,hybrid,,153327,A00115
V0019230,,"11638","11638",TOY,Camry,2025,automatic,petrol,Silver/Beige,143940,A00115
V0019231,,"11571","11571",TOY,Innova Hybrid,2025,automatic,petrol,Silver/Beige,102156,A00115
V0019232,,"11568","11568",TOY,Innova Hybrid,2025,automatic,petrol,Silver/Beige,127846,A00115
V0019233,,"11627","11627",TOY,Camry,2025,automatic,petrol,Silver/Beige,163040,A00115
V0019235,,"11669","11669",TOY,Camry,2025,automatic,petrol,Silver/Beige,130049,A00115
V0019236,,"11596","11596",TOY,Camry,2025,automatic,petrol,Silver/Beige,100669,A00115
V0019237,,"11574","11574",TOY,Innova Hybrid,2025,automatic,petrol,Silver/Beige,134697,A00115
V0019238,,"11623","11623",TOY,Hybrid Camry,2025,automatic,hybrid,,149204,A00115
V0019240,,"11608","11608",TOY,Hybrid Camry,2025,automatic,hybrid,,118315,A00115
V0019241,,"11622","11622",TOY,Camry,,automatic,petrol,Silver,150305,A00115
V0019242,,"11590","11590",TOY,Camry,2025,automatic,petrol,Silver/Beige,132549,A00115
V0019243,,"11581","11581",TOY,Innova Hybrid,2025,automatic,petrol,Silver/Beige,177997,A00115
V0019244,,"11636","11636",TOY,Camry,2025,automatic,petrol,Silver/Beige,145117,A00115
V0019245,,"11579","11579",TOY,Innova Hybrid,2025,automatic,petrol,Silver/Beige,140653,A00115
V0019246,,"17452",'-,NIS,Sunny,2025,automatic,petrol,White,25172,D00021
V0019249,,"11670","11670",TOY,Camry,2025,automatic,petrol,Silver/Beige,150866,A00115
V0019250,,"11598","11598",TOY,Camry,2025,automatic,petrol,Silver/Beige,130902,A00115
V0019251,,"11597","11597",TOY,Camry,2025,automatic,petrol,Silver/White,147711,A00115
V0019252,,"11679","11679",TOY,Camry,2025,automatic,petrol,Silver/Beige,150039,A00115
V0019254,,"11588","11588",TOY,Innova Hybrid,2025,automatic,petrol,Silver/Beige,162315,A00115
V0019255,,"11643","11643",TOY,Camry,2025,automatic,petrol,Silver/Beige,100696,A00115
V0019259,,"11648","11648",TOY,Camry,2025,automatic,petrol,Silver/Beige,130977,A00115
V0019260,,"11634","11634",TOY,Camry,2025,automatic,petrol,Silver/Beige,125492,A00115
V0019261,,"11555","11555",TOY,Innova Hybrid,2025,automatic,petrol,Silver/Beige,146847,A00115
V0019266,,"11563","11563",TOY,Innova Hybrid,2025,automatic,hybrid,,143619,A00115
V0019267,,"23358",'-,ISU,NPR,2025,manual,diesel,White,71364,D00021
V0019269,,"11629","11629",TOY,Camry,,automatic,petrol,Silver,130243,A00115
V0019270,,"11595","11595",TOY,Camry,2025,automatic,petrol,Silver/Beige,130173,A00115
V0019272,,"11632","11632",TOY,Camry,2025,automatic,petrol,Silver/Beige,152590,A00115
V0019273,,"11630","11630",TOY,Camry,2025,automatic,petrol,Silver/Beige,114925,A00115
V0019275,,"11605","11605",TOY,Hybrid Camry,2025,automatic,hybrid,,161913,A00115
V0019277,,"11557","11557",TOY,Innova Hybrid,2025,automatic,hybrid,,144921,A00115
V0019278,,"11649","11649",TOY,Camry,2025,automatic,petrol,Silver/Beige,148166,A00115
V0019279,,"11661","11661",TOY,Camry,2025,automatic,petrol,Silver/Beige,134636,A00115
V0019282,,"11586","11586",TOY,Innova,,automatic,petrol,Silver,124056,A00115
V0019284,,"11550","11550",TOY,Innova Hybrid,2025,automatic,petrol,Silver/Beige,136672,A00115
V0019285,,"11575","11575",TOY,Innova Hybrid,2025,automatic,petrol,Silver/Beige,138472,A00115
V0019288,,"11612","11612",TOY,Hybrid Camry,2025,automatic,hybrid,,119058,A00115
V0019289,,"11660","11660",TOY,Hybrid Camry,2025,automatic,petrol,,178297,A00115
V0019291,,"89233",'-,TOY,Hybrid Camry,,automatic,hybrid,White,71836,A00152
V0019292,,"89083",'-,TOY,Hybrid Camry,,automatic,hybrid,White,81952,A00152
V0019293,,"89620",'-,TOY,Hybrid Camry,,automatic,hybrid,White,96091,A00152
V0019294,,"89528",'-,TOY,Hybrid Camry,,automatic,hybrid,White,71834,A00152
V0019295,,"89104",'-,TOY,Hybrid Camry,,automatic,hybrid,White,104718,A00152
V0019296,,"89176",'-,TOY,Hybrid Camry,,automatic,hybrid,White,98230,A00152
V0019297,,"11657","11657",TOY,Camry,2025,automatic,petrol,Silver/Beige,132569,A00115
V0019298,,"11641","11641",TOY,Camry,2025,automatic,petrol,Silver/White,109196,A00115
V0019299,,"11672","11672",TOY,Camry,2025,automatic,petrol,Silver/Beige,130887,A00115
V0019300,,"89218",'-,TOY,Hybrid Camry,,automatic,hybrid,White,81558,A00152
V0019301,,"89226",'-,TOY,Hybrid Camry,,automatic,hybrid,White,88206,A00152
V0019302,,"89235",'-,TOY,Hybrid Camry,,automatic,hybrid,White,87143,A00152
V0019303,,"89284",'-,TOY,Hybrid Camry,,automatic,hybrid,White,90766,A00152
V0019304,,"89347",'-,TOY,Hybrid Camry,,automatic,hybrid,White,87048,A00152
V0019305,,"89384",'-,TOY,Hybrid Camry,,automatic,hybrid,White,75450,A00152
V0019306,,"89354",'-,TOY,Hybrid Camry,,automatic,hybrid,White,86985,A00152
V0019308,,"64394",'-,JAC,SUNRAY,2025,automatic,diesel,White,82201,D00021
V0019309,,"67595",'-,JAC,SUNRAY,2025,automatic,diesel,White,62776,D00021
V0019310,,"36305","36305",SUZ,BALENO,2025,automatic,petrol,White,30905,A00095
V0019311,,"11668","11668",TOY,Camry,2025,automatic,petrol,Silver/Beige,160748,A00115
V0019312,,"11620","11620",TOY,Camry,2025,automatic,petrol,Silver/Beige,130820,A00115
V0019313,,"55368",'-,JAC,SUNRAY,2025,automatic,petrol,White,48067,D00021
V0019315,,"11662","11662",TOY,Camry,2025,automatic,petrol,Silver/Beige,117103,A00115
V0019316,,"11606","11606",TOY,Camry,2025,automatic,petrol,Silver/Beige,157481,A00115
V0019317,,"94541",'-,NIS,Kicks,2025,automatic,petrol,White,35062,D00021
V0019320,,"11635","11635",TOY,Camry,2025,automatic,petrol,Silver/White,131040,A00115
V0019322,,"11585","11585",TOY,Innova Hybrid,2025,automatic,petrol,Silver/Beige,137951,A00115
V0019324,"3105","70897",'-,KIA,Cadenza,2024,automatic,petrol,Black,191778,C00002
V0019325,,"11618","11618",TOY,Camry,2025,automatic,petrol,Silver/Beige,130118,A00115
V0019326,,"11565","11565",TOY,Innova Hybrid,2025,automatic,petrol,Silver/Beige,161824,A00115
V0019327,,"11587","11587",TOY,Innova Hybrid,2025,automatic,hybrid,,135820,A00115
V0019328,,"11666","11666",TOY,Camry,2025,automatic,petrol,Silver/Beige,115440,A00115
V0019329,,"11559","11559",TOY,Innova Hybrid,2025,automatic,petrol,Silver/Beige,137952,A00115
V0019330,,"11582","11582",TOY,Innova Hybrid,2025,automatic,petrol,Silver/Beige,130199,A00115
V0019332,,"11577","11577",TOY,Innova Hybrid,2025,automatic,petrol,Silver/Beige,145100,A00115
V0019336,,"11667","11667",TOY,Camry,2025,automatic,petrol,Silver/Beige,146050,A00115
V0019338,,"11614","11614",TOY,Camry,2025,automatic,petrol,Silver/Beige,115209,A00115
V0019340,,"11564","11564",TOY,Innova Hybrid,2025,automatic,hybrid,,156104,A00115
V0019345,,"48252",'-,NIS,Urvan,2025,manual,petrol,White,43121,D00021
V0019346,,"52943",'-,JAC,SUNRAY,2025,manual,diesel,White,85705,D00021
V0019349,,"11621","11621",TOY,Camry,2025,automatic,petrol,Silver/Beige,130741,A00115
V0019350,,"16759",'-,CHE,Captiva,2025,automatic,petrol,Black,45045,D00021
V0019351,,"11613","11613",TOY,Camry,2025,automatic,petrol,Silver/White,125754,A00115
V0019353,,"75205",'-,NIS,Sunny,2025,automatic,petrol,White,65636,D00021
V0019354,,"89912",'-,MGM,MG 3,2024,automatic,petrol,Silver,37085,A00097
V0019365,,"94016","94016",TOY,COROLLA CROSS,,automatic,diesel,White,39908,M00130
V0019366,,"89437",'-,MGM,MG 3,,automatic,petrol,Beige,16515,D00021
V0019372,,"12675",'-,NIS,Urvan,2025,manual,petrol,White,139714,D00021
V0019373,,"84107","84107",TOY,Fortuner,2024,automatic,petrol,White,154969,A00095
V0019375,,"54287",'-,SUZ,BALENO,2025,automatic,petrol,Beige,24769,D00021
V0019380,"1865","83981",'-,MIT,L 200,2024,automatic,petrol,White,76089,P00022
V0019382,,"23359",'-,ISU,NPR,2025,manual,diesel,White,26388,D00021
V0019384,"3117","45116",'-,TOY,Camry,2023,automatic,petrol,White,72100,C00002
V0019385,,"95270",'-,NIS,Kicks,2025,automatic,petrol,White,31908,D00021
V0019388,,"46685",'-,NIS,Urvan,,automatic,petrol,White,4796,D00021
V0019390,,"58515",'-,MIT,XPANDER,2025,automatic,petrol,White,104561,D00021
V0019392,,"9213","9213",TOY,Camry,,automatic,petrol,Silver,163560,A00115
V0019393,,"33125",'-,TOY,Hilux,2025,automatic,petrol,White,55782,D00021
V0019394,,"37206","37206",TOY,Hiace,2025,manual,petrol,,101295,A00095
V0019398,,"94967",'-,CHE,Groove,2025,automatic,petrol,Silver,35682,D00021
V0019399,,"93755",'-,MGM,MG 3,2025,automatic,petrol,Grey,26396,A00097
V0019401,,"5539","5539",TOY,Camry,,automatic,petrol,Silver,132744,A00115
V0019403,,"32005",'-,TOY,Hilux,2025,automatic,petrol,White,23523,D00021
V0019406,,"10969",'-,NIS,Urvan,2025,automatic,petrol,White,30913,D00021
V0019409,,"85765",'-,MGM,MG 3,2024,automatic,petrol,Silver,29329,D00021
V0019412,"3119","74835",'-,TOY,Corolla,2025,automatic,petrol,Red,109855,C00002
V0019413,"3122","92979",'-,TOY,Corolla,2022,automatic,petrol,Red,20082026,C00002
V0019414,,"94018","94018",TOY,COROLLA CROSS,,automatic,petrol,White,53180,M00130
V0019417,,"79943",'-,TOY,Hilux,2025,automatic,petrol,White,24964,D00021
V0019418,,"5999","5999",TOY,Camry,,automatic,petrol,Silver,102370,A00115
V0019419,,"32754",'-,TOY,Hilux,2025,automatic,petrol,White,61869,D00021
V0019422,,"9153","9153",TOY,Camry,,automatic,petrol,Silver,116347,A00115
V0019430,,"9154","9154",TOY,Camry,,automatic,petrol,Silver,116905,A00115
V0019434,,"39850",'-,SUZ,BALENO,2025,automatic,petrol,White,28201,D00021
V0019435,,"89950","89950",MIT,Montero,2025,automatic,petrol,,52656,A00095
V0019436,,"6092","6092",TOY,Camry,2025,automatic,petrol,Silver/Beige,116280,A00115
V0019437,,"5912","5912",TOY,Camry,2025,automatic,petrol,Silver,145185,A00115
V0019438,,"5318","5318",TOY,Camry,2025,automatic,petrol,Silver/Beige,130424,A00115
V0019442,,"5806","5806",TOY,Camry,2025,automatic,petrol,Silver/White,114909,A00115
V0019443,"3129","61430",'-,NIS,Kicks,2019,automatic,petrol,Red,62946,C00002
V0019444,,"5532","5532",TOY,Camry,,automatic,diesel,Silver,130266,A00115
V0019445,,"5329","5329",TOY,Camry,,automatic,petrol,Silver,117341,A00115
V0019446,,"13196","13196",TOY,Fortuner,2025,automatic,petrol,,110477,A00095
V0019447,,"59891",'-,MGM,MG5,,automatic,petrol,Silver Grey,26328,D00021
V0019448,,"86370",'-,NIS,Urvan,,automatic,petrol,White,20128,D00021
V0019449,,"5965","5965",TOY,Camry,2025,automatic,petrol,Silver/Beige,144597,A00115
V0019450,,"5436","5436",TOY,Hybrid Camry,2025,automatic,hybrid,,147183,A00115
V0019451,,"9339",JTNAG4CK8S,TOY,Hybrid Camry,2025,automatic,diesel,,115047,A00115
V0019452,,"9306","9306",TOY,Hybrid Camry,2025,automatic,hybrid,,115679,A00115
V0019453,,"5244","5244",TOY,Hybrid Camry,2025,automatic,hybrid,,100401,A00115
V0019454,,"9246","9246",TOY,Hybrid Camry,2025,automatic,hybrid,,101114,A00115
V0019455,,"5367","5367",TOY,Hybrid Camry,2025,automatic,hybrid,,114975,A00115
V0019456,,"5443","5443",TOY,Hybrid Camry,2025,automatic,hybrid,,126755,A00115
V0019458,,"5494","5494",TOY,Camry,2025,automatic,petrol,Silver/Beige,117470,A00115
V0019459,,"9190","9190",TOY,Camry,2025,automatic,petrol,Silver/Beige,116030,A00115
V0019461,,"5703","5703",TOY,Camry,2025,automatic,petrol,Silver,129758,A00115
V0019462,,"70274",'-,NIS,Sunny,2025,automatic,petrol,Silver,25225,D00021
V0019463,,"9217","9217",TOY,Camry,2025,automatic,petrol,Silver/Beige,129906,A00115
V0019464,,"10965",'-,NIS,Urvan,2025,automatic,petrol,White,26801,D00021
V0019465,,"624","624",TOY,Hiace,2025,automatic,petrol,Silver,71171,A00115
V0019466,,"9368","9368",TOY,Camry,2025,automatic,petrol,Silver/Beige,118178,A00115
V0019467,,"28717","28717",JAC,SUNRAY,2025,automatic,petrol,Yellow,40278,A00095
V0019468,,"5427","5427",TOY,Hybrid Camry,2025,automatic,hybrid,,106025,A00115
V0019472,,"5718","5718",TOY,Camry,2025,automatic,petrol,Silver/Beige,100574,A00115
V0019473,"3083","16083",'-,SUZ,Ciaz,2025,automatic,petrol,White,83430,C00002
V0019474,,"62990",'-,MGM,MG5,,automatic,petrol,,16386,D00021
V0019477,,"5209","5209",TOY,Camry,2025,automatic,petrol,Silver/Beige,129153,A00115
V0019478,,"9172","9172",TOY,Hybrid Camry,2025,automatic,hybrid,,119067,A00115
V0019479,,"11145","11145",TOY,Hybrid Camry,2025,automatic,hybrid,,88243,A00115
V0019480,,"93627",'-,NIS,Sunny,2025,automatic,petrol,White,38741,D00021
V0019482,,"16350",'-,NIS,Sunny,2025,automatic,petrol,White,69784,D00021
V0019483,,"9323","9323",TOY,Camry,2025,automatic,petrol,Silver/Beige,131952,A00115
V0019485,,"61708","61708",MGM,MG 3,2025,automatic,petrol,White,12320,A00095
V0019488,,"59915",'-,MIT,XPANDER,,automatic,petrol,,97103,D00021
V0019489,,"5095","5095",TOY,Camry,2025,automatic,petrol,Silver/Beige,116836,A00115
V0019490,,"5765","5765",TOY,Camry,2025,automatic,petrol,Silver/Beige,153190,A00115
V0019491,,"5839","5839",TOY,Camry,2025,automatic,petrol,Silver,160276,A00115
V0019495,,"85932",'-,MGM,MG5,2025,automatic,petrol,White,26864,D00021
V0019496,,"5815","5815",TOY,Camry,2025,automatic,petrol,Silver,116563,A00115
V0019498,,"5758","5758",TOY,Camry,2025,automatic,petrol,Silver,115717,A00115
V0019501,,"6088","6088",TOY,Camry,2025,automatic,petrol,Silver/Beige,130747,A00115
V0019502,,"5756","5756",TOY,Hybrid Camry,2025,automatic,hybrid,Silver,145471,A00115
V0019504,,"94247",'-,NIS,Kicks,2025,automatic,petrol,White,25303,D00021
V0019506,,"28362","28362",NIS,Sunny,2025,automatic,petrol,White,43097,A00095
V0019507,,"81531","81531",MIT,Lancer,,automatic,petrol,Black,235166,C00002
V0019508,,"5404","5404",TOY,Hybrid Camry,2025,automatic,hybrid,Silver,116899,A00115
V0019509,,"5425","5425",TOY,Camry,2025,automatic,hybrid,Silver,115394,A00115
V0019510,,"5344","5344",TOY,Hybrid Camry,2025,automatic,hybrid,Silver,115524,A00115
V0019511,,"5215","5215",TOY,Hybrid Camry,2025,automatic,hybrid,Silver,115792,A00115
V0019512,,"26277","26277",NIS,Urvan,2025,automatic,petrol,White,85080,A00095
V0019513,,"5905","5905",TOY,Camry,2025,automatic,petrol,Silver/White,116531,A00115
V0019518,,"5887","5887",TOY,Hybrid Camry,2025,automatic,hybrid,Silver,130020,A00115
V0019519,,"45794",'-,FOT,View,2025,manual,petrol,White,60590,D00021
V0019520,,"5501","5501",TOY,Hybrid Camry,2025,automatic,hybrid,Silver,115673,A00115
V0019521,,"5576","5576",TOY,Camry,2025,automatic,petrol,Silver/Beige,118324,A00115
V0019522,,"9334","9334",TOY,Camry,2025,automatic,petrol,Silver/Beige,100916,A00115
V0019523,,"6072","6072",TOY,Hybrid Camry,2025,automatic,hybrid,Silver,115310,A00115
V0019529,,"5106","5106",TOY,Camry,2025,automatic,petrol,Silver/Beige,117003,A00115
V0019530,,"6053","6053",TOY,Camry,2025,automatic,petrol,Silver/Beige,115359,A00115
V0019531,,"25739","25739",TOY,Fortuner,2025,automatic,petrol,White,25949,A00095
V0019533,,"5360","5360",TOY,Camry,2025,automatic,petrol,Silver/Beige,124167,A00115
V0019534,,"9267","9267",TOY,Camry,2025,automatic,petrol,Silver/Beige,131922,A00115
V0019535,,"5774","5774",TOY,Hybrid Camry,2025,automatic,hybrid,Silver,114801,A00115
V0019536,,"5973","5973",TOY,Camry,2025,automatic,petrol,Silver/Beige,102994,A00115
V0019537,,"30329","30329",ASH,OYSTER,2025,automatic,petrol,White,59608,A00095
V0019539,,"5936","5936",TOY,Hybrid Camry,2025,automatic,hybrid,Silver,99799,A00115
V0019540,"3142","61754",'-,HYN,Elantra,2025,automatic,petrol,Blue,69735,C00002
V0019541,,"11609","11609",TOY,Hybrid Camry,2025,automatic,diesel,,101503,A00115
V0019542,,"5979","5979",TOY,Hybrid Camry,2025,automatic,hybrid,Silver,115471,A00115
V0019544,,"5127","5127",TOY,Hybrid Camry,2025,automatic,hybrid,,114353,A00115
V0019545,,"31572","31572",TOY,Fortuner,,automatic,petrol,White,174595,C00002
V0019548,,"5920","5920",TOY,Camry,2025,automatic,petrol,Silver,99904,A00115
V0019549,,"91395","91395",GEE,EMGRAND,2025,automatic,diesel,White,26654,A00095
V0019554,,"91677",'-,RAB,RABDAN 1,2023,automatic,hybrid,Grey,30190,D00021
V0019555,,"23276",'-+,ISU,NPR,2025,manual,diesel,White,34582,D00021
V0019556,,"00000",'-,"000",Not applicable,,automatic,diesel,Unknown color,101705,D00021
V0019557,,"30198",'-,MGM,MG5,2025,automatic,petrol,White,53381,D00021
V0019561,,"31388",'-,TAT,LPO1618,2025,automatic,petrol,White,41557,A00095
V0019565,,"623","623",TOY,Hiace,2025,automatic,petrol,Silver,69743,A00115
V0019566,,"59906",'-,MGM,MG7,2025,automatic,petrol,Black,31085,D00021
V0019568,,"49121",'-,SUZ,BALENO,2025,automatic,petrol,White,20966,D00021
V0019569,,"27925","27925",SUZ,Ciaz,2026,automatic,diesel,,56410,A00095
V0019570,,"93606",'-,NIS,Sunny,2025,automatic,petrol,White,38819,D00021
V0019576,,"89624",'-,MGM,MG 3,2024,automatic,petrol,Silver,34523,D00021
V0019582,,"56196","56196",GEE,EMGRAND,,automatic,petrol,White,21826,A00095
V0019589,,"50912",'-,EXE,LX 1.5 T,2025,automatic,petrol,White,12860,D00021
V0019593,,"9272","9272",TOY,Hybrid Camry,2025,automatic,petrol,Silver,119596,A00115
V0019594,,"89013",'-,TOY,Hybrid Camry,,automatic,hybrid,White,72734,A00152
V0019595,,"89037",'-,TOY,Hybrid Camry,,automatic,hybrid,White,71932,A00152
V0019596,,"89192",'-,TOY,Hybrid Camry,,automatic,hybrid,White,70000,A00152
V0019597,,"89373",'-,TOY,Hybrid Camry,,automatic,hybrid,Agate RED,1011111,A00152
V0019598,,"89391",'-,TOY,Hybrid Camry,,automatic,hybrid,White,67194,A00152
V0019599,,"89478",'-,TOY,Hybrid Camry,,automatic,hybrid,White,70682,A00152
V0019600,,"89481",'-,TOY,Hybrid Camry,,automatic,hybrid,White,52912,A00152
V0019601,,"89642",'-,TOY,Hybrid Camry,,automatic,hybrid,White,89674,A00152
V0019602,,"89806",'-,TOY,Hybrid Camry,,automatic,hybrid,White,69056,A00152
V0019603,,"89904",'-,TOY,Hybrid Camry,,automatic,hybrid,White,71616,A00152
V0019604,,"89921",'-,TOY,Hybrid Camry,,automatic,hybrid,White,72164,A00152
V0019605,,"89978",'-,TOY,Hybrid Camry,,automatic,hybrid,White,70715,A00152
V0019606,,"90047",'-,TOY,Hybrid Camry,,automatic,hybrid,White,55203,A00152
V0019607,,"90097",'-,TOY,Hybrid Camry,,automatic,hybrid,White,69898,A00152
V0019608,,"90133",'-,TOY,Hybrid Camry,,automatic,hybrid,White,57834,A00152
V0019609,"3109","16376",'-,NIS,X-TERRA,2025,automatic,petrol,Grey,196143,E00049
V0019610,,"30381",'-,SUZ,BALENO,2025,automatic,petrol,White,36349,D00021
V0019613,,"46271",'-,SUZ,BALENO,2025,automatic,petrol,Silver,24166,D00021
V0019614,,"5394","5394",TOY,Hybrid Camry,2025,automatic,hybrid,Silver,129704,A00115
V0019616,,"10577",'-,NIS,Urvan,2025,automatic,petrol,White,16290,D00021
V0019617,,"5635","5635",TOY,Hybrid Camry,2025,automatic,hybrid,Silver,115395,A00115
V0019618,,"5312","5312",TOY,Hybrid Camry,2025,automatic,hybrid,Silver,145739,A00115
V0019619,,"57205",'-,NIS,Sunny,2025,automatic,petrol,Silver,24534,D00021
V0019620,,"6051","6051",TOY,Hybrid Camry,2025,automatic,hybrid,Silver,100203,A00115
V0019621,,"5903","5903",TOY,Hybrid Camry,2025,automatic,hybrid,Silver,114893,A00115
V0019622,,"5771","5771",TOY,Hybrid Camry,2025,automatic,hybrid,Silver,100066,A00115
V0019623,,"92677",'-,NIS,Urvan,2025,automatic,petrol,White,61978,D00021
V0019625,,"5783","5783",TOY,Hybrid Camry,2025,automatic,hybrid,Silver,99820,A00115
V0019629,,"17136","17136",TOY,Hiace,,automatic,petrol,White,19517,M00130
V0019630,,"25359",'-,NIS,Sunny,2025,automatic,petrol,White,40304,D00021
V0019633,,"5489","5489",TOY,Hybrid Camry,2025,automatic,hybrid,Silver,115466,A00115
V0019634,,"30520",'-,MIT,L 200,2025,automatic,petrol,White,40131,D00021
V0019637,,"5654","5654",TOY,Hybrid Camry,2025,automatic,hybrid,Silver,103046,A00115
V0019638,,"6079","6079",TOY,Hybrid Camry,2025,automatic,hybrid,Silver,109996,A00115
V0019639,,"5801","5801",TOY,Hybrid Camry,2025,automatic,hybrid,Silver,115949,A00115
V0019642,,"9363","9363",TOY,Hybrid Camry,2025,automatic,hybrid,Silver Grey,100569,A00115
V0019643,,"64107","64107",GEE,COOL RAY,,automatic,petrol,Blue,21662,A00095
V0019645,,"56182",'-,GEE,EMGRAND,,automatic,diesel,Black,15849,D00021
V0019649,,"5803","5803",TOY,Hybrid Camry,2025,automatic,hybrid,Silver,99865,A00115
V0019651,,"89952",'-,NIS,Sunny,,automatic,petrol,White,89952,D00021
V0019654,,"76131","76131",CHE,Captiva,2025,automatic,petrol,,92199,A00095
V0019655,,"5792","5792",TOY,Hybrid Camry,2025,automatic,hybrid,Silver,138387,A00115
V0019657,,"89411",'-,MGM,MG 3,,automatic,petrol,Grey,12282,D00021
V0019658,,"5499","5499",TOY,Hybrid Camry,2025,automatic,hybrid,Silver Grey,129432,A00115
V0019659,,"52076","52076",KIA,Cerato,,automatic,petrol,Black,321623,C00002
V0019662,,"5910","5910",TOY,Hybrid Camry,2025,automatic,hybrid,Silver,117520,A00115
V0019665,,"6036","6036",TOY,Hybrid Camry,2025,automatic,hybrid,,99927,A00115
V0019667,,"6094","6094",TOY,Hybrid Camry,2025,automatic,hybrid,Silver,131484,A00115
V0019668,,"6040","6040",TOY,Hybrid Camry,2025,automatic,hybrid,Silver,120310,A00115
V0019669,,"18901",'-,FOR,TRANSIT,2025,automatic,petrol,White,33079,D00021
V0019670,,"90935","90935",MGM,MG 3,2024,automatic,petrol,White,45491,A00095
V0019671,,"6103","6103",TOY,Hybrid Camry,2025,automatic,hybrid,Silver,115115,A00115
V0019672,,"5132","5132",TOY,Hybrid Camry,2025,automatic,hybrid,Silver,103620,A00115
V0019673,,"63760",'-,MGM,MG5,2026,automatic,petrol,White,9942,D00021
V0019674,,"5636","5636",TOY,Hybrid Camry,2025,automatic,hybrid,Silver,84600,A00115
V0019675,,"5365","5365",TOY,Hybrid Camry,2025,automatic,hybrid,Silver,100139,A00115
V0019676,,"28053","28053",NIS,Sunny,2025,automatic,petrol,,28554,A00095
V0019680,,"64309","64309",GEE,COOL RAY,,automatic,petrol,White,13293,A00095
V0019681,,"5655","5655",TOY,Hybrid Camry,2025,automatic,hybrid,Silver,103108,A00115
V0019682,,"9237","9237",TOY,Hybrid Camry,2025,automatic,hybrid,Silver Grey,84423,A00115
V0019683,,"11617","11617",TOY,Hybrid Camry,2025,automatic,hybrid,Silver Grey,102864,A00115
V0019685,,"29175",'-,FOR,TRANSIT,2025,automatic,diesel,White,46679,D00021
V0019689,,"9275","9275",TOY,Hybrid Camry,2025,automatic,hybrid,Silver Grey,99500,A00115
V0019690,,"5838","5838",TOY,Hybrid Camry,2025,automatic,hybrid,Silver Grey,132920,A00115
V0019691,,"5144","5144",TOY,Hybrid Camry,2025,automatic,hybrid,Silver Grey,101036,A00115
V0019693,,"9338","9338",TOY,Hybrid Camry,2025,automatic,hybrid,Silver Grey,100430,A00115
V0019694,,"5445","5445",TOY,Hybrid Camry,2025,automatic,hybrid,Silver Grey,132027,A00115
V0019697,,"6049","6049",TOY,Hybrid Camry,2025,automatic,hybrid,Silver Grey,115607,A00115
V0019699,,"5989","5989",TOY,Camry,2025,automatic,petrol,White,117117,A00115
V0019700,,"5628","5628",TOY,Hybrid Camry,2026,automatic,hybrid,Silver,114400,A00115
V0019701,,"5891","5891",TOY,Hybrid Camry,2025,automatic,hybrid,Silver Grey,130115,A00115
V0019704,,"5873","5873",TOY,Camry,2025,automatic,petrol,Silver Grey,133679,A00115
V0019706,,"5374","5374",TOY,Hybrid Camry,2025,automatic,hybrid,Silver Grey,119906,A00115
V0019708,,"63169","63169",MGM,MG5,2025,automatic,petrol,Silver,17944,A00095
V0019709,,"5531","5531",TOY,Hybrid Camry,2025,automatic,hybrid,Silver Grey,135883,A00115
V0019710,,"45795",'-,FOT,View,2025,automatic,petrol,White,56114,D00021
V0019711,,"6022","6022",TOY,Camry,2025,automatic,petrol,Silver Grey,114108,A00115
V0019712,,"6018","6018",TOY,Hybrid Camry,2025,automatic,hybrid,Silver Grey,115068,A00115
V0019714,,"11511","11511",TOY,Hybrid Camry,2025,automatic,hybrid,Silver Grey,100295,A00115
V0019715,,"90794",'-,GEE,COOL RAY,2025,automatic,petrol,White,27241,D00021
V0019717,,"91768",'-,GEE,EMGRAND,2025,automatic,petrol,Golden,29050,D00021
V0019718,,"90386",'-,MGM,MG 3,2025,automatic,petrol,Silver,24509,D00021
V0019719,,"22174",'-,NIS,Urvan,2025,automatic,petrol,White,20368,D00021
V0019720,,"620","620",TOY,Hiace,2026,automatic,petrol,White,60657,A00115
V0019721,,"10498",'-,NIS,Urvan,2025,automatic,petrol,White,15441,D00021
V0019723,,"5834","5834",TOY,Hybrid Camry,2025,automatic,hybrid,Silver Grey,130101,A00115
V0019724,,"70579",'-,NIS,Sunny,2025,automatic,petrol,Silver,22379,D00021
V0019727,,"89425",'-,MGM,MG 3,2025,automatic,petrol,White,25553,D00021
V0019731,,"92071","92071",NIS,Sunny,,automatic,petrol,Silver,25535,A00095
V0019732,,"5652","5652",TOY,Hybrid Camry,2025,automatic,hybrid,Silver Grey,115766,A00115
V0019733,,"89767",'-,GEE,EMGRAND,2025,automatic,petrol,White,25477,D00021
V0019734,,"93612",'-,NIS,Sunny,2025,automatic,petrol,White,12625,D00021
V0019735,,"47560",'-,NIS,Urvan,2025,automatic,petrol,White,40418,D00021
V0019736,,"5894","5894",TOY,Camry,2025,automatic,petrol,Silver/Beige,85829,A00115
V0019737,,"5219","5219",TOY,Hybrid Camry,2025,automatic,hybrid,Silver Grey,116457,A00115
V0019740,,"5573","5573",TOY,Hybrid Camry,2025,automatic,hybrid,Silver Grey,115543,A00115
V0019742,,"6080","6080",TOY,Hybrid Camry,2026,automatic,hybrid,Silver Grey,132116,A00115
V0019743,,"5977","5977",TOY,Hybrid Camry,2026,automatic,hybrid,Silver Grey,131744,A00115
V0019745,,"5757","5757",TOY,Camry,2025,automatic,petrol,Silver Grey,86844,A00115
V0019746,,"5821","5821",TOY,Hybrid Camry,2025,automatic,hybrid,Silver Grey,101741,A00115
V0019753,,"9164","9164",TOY,Hybrid Camry,2025,automatic,hybrid,Silver Grey,83905,A00115
V0019756,,"5807","5807",TOY,Hybrid Camry,2025,automatic,hybrid,Silver Grey,115962,A00115
V0019758,,"9208","9208",TOY,Innova Hybrid,,automatic,petrol,Silver,75978,A00115
V0019764,,"6064","6064",TOY,Hybrid Camry,2025,automatic,hybrid,Silver Grey,87400,A00115
V0019765,,"90791",'-,GEE,COOL RAY,2025,automatic,petrol,White,23481,D00021
V0019766,,"5113","5113",TOY,Hybrid Camry,2025,automatic,hybrid,Silver Grey,110325,A00115
V0019768,,"39910",'-,NIS,Sunny,2025,automatic,petrol,White,25154,D00021
V0019769,,"5764","5764",TOY,Hybrid Camry,2025,automatic,hybrid,Silver Grey,84621,A00115
V0019770,,"9216","9216",TOY,Hybrid Camry,2025,automatic,hybrid,Silver Grey,130611,A00115
V0019771,,"27028","27028",TOY,Hilux,2025,automatic,petrol,White,33162,A00095
V0019772,,"50032",'-,NIS,Patrol,2025,automatic,petrol,White,32753,D00021
V0019774,,"5976","5976",TOY,Hybrid Camry,2025,automatic,hybrid,Silver Grey,85253,A00115
V0019775,,"6089","6089",TOY,Hybrid Camry,2025,automatic,hybrid,Silver Grey,84963,A00115
V0019778,,"5241","5241",TOY,Camry,2025,automatic,petrol,Silver/Beige,115021,A00115
V0019781,,"91760",'-,GEE,EMGRAND,2025,automatic,petrol,Grey,28897,D00021
V0019783,,"90397","90397",MGM,MG 3,2025,automatic,petrol,,21740,A00095
V0019784,,"26567","26567",FOR,TRANSIT,2025,automatic,petrol,,27043,A00095
V0019786,,"92101",'-,EXE,LX 1.5 T,2025,automatic,petrol,Black,28476,D00021
V0019788,,"19055",'-,FOR,TRANSIT,,automatic,petrol,White,30693,D00021
V0019789,,"48238",'-,GEE,EMGRAND,2025,automatic,petrol,White,26917,D00021
V0019790,,"5985","5985",TOY,Camry,,automatic,petrol,Silver,102223,A00115
V0019791,,"91751","91751",GEE,EMGRAND,2025,automatic,petrol,White,23650,A00095
V0019793,,"89760",'-,GEE,EMGRAND,2025,automatic,petrol,White,27764,D00021
V0019794,,"12597","12597",NIS,Sunny,2025,automatic,petrol,White,28156,A00095
V0019795,,"35926","35926",TAT,"916",,automatic,diesel,Yellow,17135,A00095
V0019798,,"35927","35927",TAT,"916",,automatic,diesel,Yellow,15065,A00095
V0019800,,"9326","9326",TOY,Innova Hybrid,,automatic,petrol,Silver,118055,A00115
V0019801,,"5164","5164",TOY,Innova Hybrid,,automatic,petrol,Silver,70167,A00115
V0019802,,"9230","9230",TOY,Innova Hybrid,,automatic,petrol,Silver,97715,A00115
V0019803,,"5087","5087",TOY,Innova Hybrid,,automatic,petrol,Silver,86449,A00115
V0019804,,"5146","5146",TOY,Innova Hybrid,,automatic,petrol,Silver,101529,A00115
V0019806,,"5992","5992",TOY,Innova Hybrid,,automatic,petrol,Silver,103460,A00115
V0019807,,"6039","6039",TOY,Innova Hybrid,,automatic,petrol,Silver,103597,A00115
V0019808,,"5136","5136",TOY,Innova Hybrid,,automatic,petrol,Silver,91243,A00115
V0019809,,"5646","5646",TOY,Innova Hybrid,,automatic,petrol,Silver,91233,A00115
V0019810,,"9188","9188",TOY,Innova Hybrid,,automatic,petrol,Silver,85928,A00115
V0019812,,"5439","5439",TOY,Innova Hybrid,,automatic,petrol,Silver,115826,A00115
V0019813,,"5630","5630",TOY,Innova Hybrid,,automatic,petrol,Silver,100454,A00115
V0019814,,"18095",'-,NIS,X-TERRA,2025,automatic,petrol,White,40369,D00021
V0019816,,"28273","28273",NIS,Sunny,2025,automatic,petrol,White,30704,A00095
V0019824,,"39315","39315",TOY,Fortuner,2024,automatic,petrol,,93413,A00095
V0019825,,"49576",'-,NIS,Urvan,2025,automatic,petrol,White,20001,D00021
V0019827,,"89825",'-,NIS,Sunny,2025,automatic,petrol,White,25037,D00021
V0019828,,"5122","5122",TOY,Camry,,automatic,petrol,Silver,101949,A00115
V0019829,,"9226","9226",TOY,Innova Hybrid,2026,automatic,petrol,,82852,A00115
V0019830,,"622","622",TOY,Hiace,2026,automatic,petrol,Silver Grey,55129,A00115
V0019832,,"56548",'-,JAC,SUNRAY,2025,automatic,petrol,White,86286,D00021
V0019835,,"31781",'-,SUZ,BALENO,2025,automatic,petrol,Grey,26414,D00021
V0019839,,"13727",'-,NIS,Urvan,2025,manual,petrol,White,19698,D00021
V0019842,,"26546","26546",FOR,TRANSIT,2025,manual,diesel,,7082026,A00095
V0019843,,"10974",'-,NIS,Urvan,2025,automatic,petrol,White,13095,D00021
V0019846,,"89940","89940",MGM,MG 3,2025,automatic,petrol,,20377,A00095
V0019847,,"59813",'-,NIS,Sunny,2025,automatic,petrol,Silver,27823,D00021
V0019848,,"49453","49453",NIS,X-TERRA,2025,automatic,petrol,,56325,A00095
V0019849,,"49076",'-,HYN,STARIA,2025,automatic,petrol,White,46330,D00021
V0019852,,"90756",'-,GEE,COOL RAY,2025,automatic,petrol,White,19219,D00021
V0019855,,"93622",'-,NIS,Sunny,2025,automatic,petrol,White,24878,D00021
V0019856,,"5837","5837",TOY,Hybrid Camry,2026,automatic,hybrid,Silver Grey,100717,A00115
V0019861,,"98829",'-,GEE,EMGRAND,,automatic,petrol,White,12624,D00021
V0019863,,"5638","5638",TOY,Hybrid Camry,2026,automatic,hybrid,Silver Grey,116207,A00115
V0019865,,"49451","49451",NIS,X-TERRA,,automatic,petrol,White,21888,A00095
V0019869,,"5417","5417",TOY,Camry,2026,automatic,petrol,Silver/Beige,101210,A00115
V0019870,,"9279","9279",TOY,Camry,2026,automatic,hybrid,Silver Grey,131776,A00115
V0019874,,"45194","45194",HYN,STARIA,2025,automatic,petrol,,101990,A00095
V0019876,,"9321","9321",TOY,Camry,2026,automatic,petrol,Silver/White,102769,A00115
V0019878,,"8150","8150",TOY,Camry,2026,automatic,petrol,Silver/White,85170,A00115
V0019879,,"9161","9161",TOY,Hybrid Camry,2026,automatic,hybrid,Silver Grey,145406,A00115
V0019880,,"5248","5248",TOY,Camry,2026,automatic,petrol,Silver/Beige,85158,A00115
V0019882,,"40519","40519",JAC,SUNRAY,,automatic,diesel,Yellow,53825,A00095
V0019884,,"5118","5118",TOY,Hybrid Camry,2026,automatic,hybrid,Silver Grey,116753,A00115
V0019886,,"5355","5355",TOY,Hybrid Camry,2026,automatic,hybrid,Silver Grey,130051,A00115
V0019887,,"9209","9209",TOY,Camry,2026,automatic,petrol,Silver/Beige,102346,A00115
V0019888,,"5955","5955",TOY,Camry,2026,automatic,petrol,Silver/Beige,100321,A00115
V0019889,,"89406","89406",MGM,MG 3,2025,automatic,petrol,White,21504,A00095
V0019890,,"9167","9167",TOY,Camry,2026,automatic,petrol,Silver/White,72390,A00115
V0019892,,"5933","5933",TOY,Camry,2026,automatic,petrol,Silver/Beige,102209,A00115
V0019896,,"5943","5943",TOY,Hybrid Camry,2026,automatic,hybrid,Silver Grey,85115,A00115
V0019897,,"5088","5088",TOY,Camry,2026,automatic,petrol,Silver/Beige,85043,A00115
V0019898,,"9179","9179",TOY,Hybrid Camry,2026,automatic,hybrid,Silver Grey,121940,A00115
V0019899,,"6014","6014",TOY,Hybrid Camry,2026,automatic,hybrid,Silver Grey,116481,A00115
V0019900,,"5780","5780",TOY,Camry,2026,automatic,petrol,Silver/Beige,89332,A00115
V0019903,,"87502","87502",ISU,ISUZU D MAX,,automatic,diesel,White,48794,P00012
V0019907,,"5505","5505",TOY,Camry,2026,automatic,petrol,Silver/Beige,99875,A00115
V0019908,,"11561","11561",TOY,Camry,2026,automatic,petrol,Silver/Beige,79300,A00115
V0019910,,"9196","9196",TOY,Camry,,automatic,petrol,Silver,70333,A00115
V0019912,,"93770","93770",NIS,Sunny,2025,automatic,petrol,,25161,A00095
V0019918,,"67429",'-,GEE,COOL RAY,2025,automatic,petrol,White,25868,D00021
V0019920,,"5938","5938",TOY,Hybrid Camry,2026,automatic,hybrid,Silver Grey,99836,A00115
V0019923,,"9206","9206",TOY,Hybrid Camry,2026,automatic,hybrid,Silver Grey,116930,A00115
V0019929,,"56198",'-,GEE,EMGRAND,,automatic,petrol,,9582,D00021
V0019932,,"5246","5246",TOY,Hybrid Camry,2026,automatic,hybrid,Silver Grey,115157,A00115
V0019934,,"89432",'-,MGM,MG 3,2026,automatic,petrol,Silver,23430,D00021
V0019936,,"9221","9221",TOY,Camry,,automatic,petrol,Silver,102164,A00115
V0019937,,"5937","5937",TOY,Camry,2026,automatic,petrol,Silver/Beige,70319,A00115
V0019941,,"9214","9214",TOY,Hybrid Camry,2026,automatic,hybrid,Silver Grey,105036,A00115
V0019942,,"9176","9176",TOY,Camry,2026,automatic,petrol,Silver/Beige,69910,A00115
V0019943,,"19466",'-,EXE,LX 1.5 T,2025,automatic,petrol,Black,26340,D00021
V0019944,,"9166","9166",TOY,Camry,2026,automatic,petrol,Silver/Beige,85560,A00115
V0019948,,"49390","49390",NIS,X-TERRA,2025,automatic,petrol,White,41087,A00095
V0019950,,"49456","49456",NIS,X-TERRA,2025,automatic,petrol,White,69762,A00095
V0019954,,"43072",'-,NIS,Urvan,2025,manual,petrol,White,6237,D00021
V0019955,,"5959","5959",TOY,Camry,2026,automatic,petrol,Silver/Beige,101181,A00115
V0019956,,"5978","5978",TOY,Camry,2026,automatic,petrol,Silver/Beige,85400,A00115
V0019960,,"49427","49427",NIS,X-TERRA,2025,automatic,petrol,,40266,A00095
V0019961,,"67431","67431",GEE,COOL RAY,2025,automatic,petrol,White,21241,A00095
V0019967,,"89765",'-,GEE,EMGRAND,2025,automatic,petrol,White,29447,D00021
V0019969,,"28542",'-,NIS,Sunny,2025,automatic,petrol,Silver,28542,D00021
V0019970,,"9264","9264",TOY,Camry,2026,automatic,petrol,Silver/Beige,86186,A00115
V0019974,,"88935",'-,GEE,COOL RAY,2025,automatic,petrol,White,17999,D00021
V0019975,,"29509",'-,NIS,Urvan,2025,automatic,petrol,White,30337,D00021
V0019980,,"49396","49396",NIS,X-TERRA,2025,automatic,petrol,,37023,A00095
V0019981,,"9157","9157",TOY,Camry,2026,automatic,petrol,Silver/Beige,82198,A00115
V0019985,,"89766","89766",GEE,EMGRAND,2025,manual,petrol,,26777,A00095
V0019987,,"5898","5898",TOY,Camry,2026,automatic,petrol,Silver/Beige,100707,A00115
V0019989,,"5914","5914",TOY,Camry,2026,automatic,petrol,Silver/Beige,85215,A00115
V0019991,,"9263","9263",TOY,Camry,2026,automatic,petrol,Silver/Beige,105663,A00115
V0019992,,"9201","9201",TOY,Camry,2026,automatic,petrol,Silver/Beige,111986,A00115
V0019997,,"90814",'-,GEE,COOL RAY,2025,automatic,petrol,White,27806,D00021
V0019999,,"9177","9177",TOY,Camry,2026,automatic,petrol,Silver/Beige,101272,A00115
V0020000,,"5120","5120",TOY,Camry,2026,automatic,petrol,Silver/Beige,114655,A00115
V0020002,,"10586",'-,NIS,Urvan,,automatic,petrol,White,53927,D00021
V0020003,,"5116","5116",TOY,Camry,2026,automatic,petrol,Silver/White,74063,A00115
V0020009,,"66432",'-,CHE,Captiva,2026,automatic,petrol,White,12213,D00021
V0020011,,"5114","5114",TOY,Camry,2026,automatic,petrol,Silver/Beige,79570,A00115
V0020012,,"5642","5642",TOY,Camry,2026,automatic,petrol,Silver/Beige,68068,A00115
V0020014,,"5133","5133",TOY,Camry,2026,automatic,petrol,Silver/Beige,87905,A00115
V0020020,,"84762",'-,CHE,Captiva,2026,automatic,petrol,White,10236,D00021
V0020021,,"71347",'-,CHE,Captiva,2026,automatic,petrol,White,83262,D00021
V0020025,,"70145",'-,CHE,Captiva,2026,automatic,petrol,White,12653,D00021
V0020026,,"45162",'-,CHE,Captiva,2026,automatic,petrol,Grey,11173,D00021
V0020028,,"5147","5147",TOY,Camry,2026,automatic,petrol,Silver/Beige,86758,A00115
V0020029,,"5277","5277",TOY,Camry,2026,automatic,petrol,Silver/Beige,106443,A00115
V0020030,,"6077","6077",TOY,Camry,2026,automatic,petrol,Silver/Beige,102142,A00115
V0020032,,"5770","5770",TOY,Camry,2026,automatic,petrol,Silver/White,104044,A00115
V0020040,,"5897","5897",TOY,Camry,2026,automatic,petrol,Silver/Beige,70449,A00115
V0020041,,"5667","5667",TOY,Camry,2026,automatic,petrol,Silver/Beige,100599,A00115
V0020042,,"5131","5131",TOY,Camry,2026,automatic,petrol,Silver/Beige,69350,A00115
V0020043,,"49395","49395",NIS,X-TERRA,2025,automatic,petrol,White,45592,A00095
V0020044,,"49463","49463",NIS,X-TERRA,2025,automatic,petrol,White,37826,A00095
V0020048,,"5995","5995",TOY,Camry,2026,automatic,petrol,Silver/Beige,70242,A00115
V0020049,,"5835","5835",TOY,Camry,2026,automatic,petrol,Silver/Beige,70201,A00115
V0020051,,"59902",'-,MGM,MG5,,automatic,petrol,Silver,26734,D00021
V0020057,,"91750",'-,GEE,EMGRAND,2025,automatic,petrol,Grey,25486,D00021
V0020058,,"21046",'-,CHE,Groove,2026,automatic,petrol,Grey,13117,D00021
V0020059,,"5361","5361",TOY,Camry,2026,automatic,petrol,Silver/Beige,73222,A00115
V0020061,,"69419",'-,CHE,Captiva,2026,automatic,petrol,Grey,10367,D00021
V0020062,,"14556",'-,CHE,Groove,2026,automatic,petrol,Black,2405,D00021
V0020063,,"46509",'-,CHE,Groove,2026,automatic,petrol,Grey,13479,D00021
V0020068,,"621","621",TOY,Hiace,2026,automatic,petrol,Silver/Beige,49887,A00115
V0020074,,"70134",'-,CHE,Captiva,2026,automatic,petrol,White,12281,D00021
V0020075,,"5104","5104",TOY,Camry,2026,automatic,petrol,Silver/Beige,69931,A00115
V0020077,,"36219",'-,TOY,Land Cruiser,,automatic,petrol,White,40675,E00049
V0020078,,"5901","5901",TOY,Hybrid Camry,2026,automatic,hybrid,Silver Grey,87359,A00115
V0020082,,"49462","49462",NIS,X-TERRA,2025,automatic,petrol,White,33396,A00095
V0020085,,"5172","5172",TOY,Camry,2026,automatic,petrol,Silver/Beige,77432,A00115
V0020087,,"9207","9207",TOY,Camry,2026,automatic,petrol,,69967,A00115
V0020088,,"5446","5446",TOY,Camry,2026,automatic,petrol,,85500,A00115
V0020089,,"9180","9180",TOY,Hybrid Camry,2026,automatic,hybrid,Silver Grey,70523,A00115
V0020092,,"27558",'-,ISU,NPR,2026,automatic,petrol,White,36512,D00021
V0020093,,"5659","5659",TOY,Camry,2026,automatic,petrol,,72766,A00115
V0020096,,"9174","9174",TOY,Hybrid Camry,2026,automatic,hybrid,Silver Grey,85274,A00115
V0020100,,"5941","5941",TOY,Camry,2026,automatic,petrol,,85425,A00115
V0020101,,"5140","5140",TOY,Camry,2026,automatic,petrol,,84806,A00115
V0020102,,"21550",'-,FOT,FMG,2026,manual,diesel,White,27598,D00021
V0020103,,"5825","5825",TOY,Camry,2026,automatic,petrol,,71245,A00115
V0020104,,"91404","91404",BYD,SONG PLUS,2026,automatic,petrol,,26587,A00095
V0020105,,"89931",'-,MGM,MG 3,,automatic,petrol,Grey,16205,D00021
V0020109,,"36117",'-,TOY,Land Cruiser,2025,automatic,petrol,White,107253,E00049
V0020110,,"5217","5217",TOY,Camry,2026,automatic,hybrid,,78758,A00115
V0020111,,"58654","58654",MGM,MG 3,2025,automatic,petrol,,22716,A00095
V0020114,,"67833",'-,MIT,CANTER EURO 5,2024,manual,diesel,White,26851,D00021
V0020121,,"27970",'-,NIS,Sunny,2025,automatic,petrol,White,27041,D00021
V0020127,,"69061","69061",GEE,COOL RAY,2025,automatic,petrol,,21893,A00095
V0020128,,"50597","50597",NIS,Urvan,2025,automatic,petrol,,38373,A00095
V0020132,,"5781","5781",TOY,Camry,2026,automatic,hybrid,,58298,A00115
V0020143,,"77068","77068",KIA,Cerato,,automatic,petrol,Black,215692,C00002
V0020144,,"49397","49397",NIS,X-TERRA,2025,automatic,petrol,White,26315,A00095
V0020145,,"62987","62987",MGM,MG5,,automatic,petrol,Silver,31632,A00095
V0020146,,"21684",'-,CHE,Captiva,2026,automatic,petrol,White,12497,D00021
V0020148,,"71615",'-,CHE,Captiva,2026,automatic,petrol,Grey,6387,D00021
V0020150,,"5121","5121",TOY,Camry,2026,automatic,hybrid,,97697,A00115
V0020152,,"49438","49438",NIS,X-TERRA,2025,automatic,petrol,,40536,A00095
V0020157,,"49435","49435",NIS,X-TERRA,2025,automatic,petrol,,19854,A00095
V0020159,,"69423",'-,CHE,Captiva,2026,automatic,diesel,White,10995,D00021
V0020161,,"68859","68859",GEE,COOL RAY,2025,automatic,petrol,,21037,A00095
V0020163,,"49048",'-,ISU,NPR,,manual,diesel,White,26812,D00021
V0020166,,"92680",'-,NIS,Urvan,2025,manual,petrol,White,30247,D00021
V0020167,,"70136",'-,CHE,Captiva,2026,automatic,petrol,Black,13057,D00021
V0020168,,"89758",'-,GEE,EMGRAND,2025,automatic,petrol,White,32857,D00021
V0020170,,"64589",'-,NIS,Sunny,2025,automatic,petrol,White,40930,D00021
V0020174,,"49468","49468",NIS,X-TERRA,,automatic,petrol,White,25450,A00095
V0020175,,"51982","51982",GEE,EMGRAND,2025,automatic,petrol,,29486,A00095
V0020179,,"93771","93771",NIS,Sunny,2025,automatic,petrol,,30285,A00095
V0020188,,"25671","25671",MGM,MG5,2026,automatic,diesel,White,54240,A00095
V0020191,,"17932",'-,CHE,Captiva,2026,automatic,petrol,White,12933,D00021
V0020193,,"63264","63264",MGM,MG5,2025,automatic,petrol,White,22892,A00095
V0020195,,"12276",'-,JAC,SUNRAY,2026,manual,diesel,White,23720,D00021
V0020198,,"51246",'-,CHE,Captiva,2025,automatic,diesel,White,31749,D00021
V0020201,,"50938",'-,FOT,FMG,2026,automatic,petrol,White,26627,D00021
V0020202,,"24032","24032",SUZ,Ertiga,,automatic,petrol,White,40466,A00095
V0020203,,"26501","26501",REN,Duster,2026,automatic,diesel,White,45198,A00095
V0020208,,"34418",'-,CHE,Captiva,2026,automatic,petrol,White,12789,D00021
V0020210,,"58038",'-,MIT,XPANDER,2025,automatic,petrol,White,101629,D00021
V0020211,,"70148",.,CHE,Captiva,2026,automatic,petrol,White,11745,D00021
V0020216,,"45177","45177",GRE,TANK500,2026,automatic,petrol,Black,31192,A00095
V0020220,,"75116",'-,CHE,Captiva,2026,automatic,petrol,White,11050,D00021
V0020223,,"57012",'-,TOY,Coaster,2025,manual,petrol,White,52402,D00021
V0020225,,"34976",'-,FOT,FMG,2026,manual,diesel,Yellow,24442,D00021
V0020226,,"26541","26541",REN,Duster,2026,automatic,petrol,Black,26962,A00095
V0020228,,"49360","49360",NIS,X-TERRA,2025,automatic,petrol,White,24726,A00095
V0020230,,"26547","26547",REN,Duster,2026,automatic,petrol,,27444,A00095
V0020231,,"35677",'-,ISU,NPR,2025,manual,diesel,White,32167,D00021
V0020232,,"59767",'-,TOY,Hiace,2026,automatic,petrol,White,42414,D00021
V0020234,,"49452","49452",NIS,X-TERRA,2025,automatic,petrol,White,30727,A00095
V0020235,,"67197","67197",GEE,COOL RAY,2025,automatic,petrol,White,27378,A00095
V0020236,,"49392","49392",NIS,X-TERRA,2025,automatic,petrol,White,26388,A00095
V0020237,,"40739","40739",NIS,Sunny,2025,automatic,petrol,White,34880,A00095
V0020240,,"46299",'-,ISU,NPR,2025,manual,diesel,White,28179,D00021
V0020247,,"46121",'-,ISU,NPR,2025,automatic,petrol,White,23801,D00021
V0020248,,"26549","26549",FOR,TRANSIT,2025,automatic,petrol,White,95812,A00095
V0020250,,"60113",'-,EXE,LX 1.5 T,2026,automatic,petrol,Silver,10457,D00021
V0020251,,"63029",'-,MGM,MG5,2025,automatic,petrol,Silver,15991,D00021
V0020252,,"41887","41887",NIS,Urvan,2025,automatic,petrol,White,27880,A00095
V0020254,,"28617",'-,NIS,Urvan,2025,manual,petrol,White,20858,D00021
V0020255,,"24196",'-,ISU,NPR,2025,manual,diesel,White,28797,D00021
V0020260,,"51594","51594",TOY,Hilux,2025,automatic,petrol,White,28333,A00095
V0020262,,"27528",'-,MIT,CANTER EURO 5,2026,manual,diesel,White,61885,D00021
V0020263,,"94708","94708",CHE,TRAX,,automatic,petrol,Black,177992,C00002
V0020265,,"54079","54079",JAC,SUNRAY,2026,automatic,diesel,White,34235,A00095
V0020268,,"67603",'-,GEE,EMGRAND,2025,automatic,petrol,Golden,10070,D00021
V0020269,,"57219",'-,ISU,NPR,2025,manual,diesel,White,20582,D00021
V0020270,,"93618",'-,NIS,Sunny,2025,automatic,petrol,White,25977,D00021
V0020275,,"22912",'-,MIT,CANTER EURO 5,2025,manual,diesel,White,49461,D00021
V0020280,,"51837",'-,NIS,Urvan,2025,automatic,diesel,White,14641,D00021
V0020284,,"49407",'-,NIS,X-TERRA,2025,automatic,petrol,White,44832,D00021
V0020285,,"49406",'-,NIS,X-TERRA,2025,automatic,petrol,White,32147,D00021
V0020286,,"62998","62998",MGM,MG5,,automatic,petrol,,30378,A00095
V0020288,,"80256",'-,CHE,Captiva,2026,automatic,petrol,White,14706,D00021
V0020291,,"22903",'-,MIT,CANTER EURO 5,2025,manual,diesel,White,38012,D00021
V0020293,,"61302",'-,ASH,OYSTER,2026,manual,diesel,White,35794,D00021
V0020294,,"36504",'-,NIS,Urvan,2025,automatic,petrol,White,27328,D00021
V0020295,,"90379","90379",MGM,MG 3,2026,automatic,diesel,White,17372,A00095
V0020296,,"48928",'-,NIS,Sunny,2026,automatic,petrol,White,25049,D00021
V0020299,,"23265",'-,NIS,Sunny,,automatic,petrol,White,25868,D00021
V0020306,,"95608",'-,NIS,Urvan,2023,automatic,petrol,White,956082,D00021
V0020308,,"48521",'-,EXE,LX 1.5 T,2025,automatic,petrol,Silver,18278,D00021
V0020309,,"65024",'-,HYN,Accent,2025,automatic,petrol,White,20207,D00021
V0020314,,"48534",'-,EXE,LX 1.5 T,2025,automatic,petrol,White,20598,D00021
V0020315,,"28716",'-,MIT,CANTER EURO 5,2026,automatic,petrol,White,30801,D00021
V0020317,,"41933",'-,MIT,CANTER EURO 5,2026,automatic,petrol,White,39720,D00021
V0020319,,"49350","49350",NIS,X-TERRA,2025,automatic,petrol,White,20576,A00095
V0020320,,"37521",'-,ISU,NPR,2025,manual,diesel,White,37020,D00021
V0020323,,"26540","26540",FOR,TRANSIT,2025,automatic,petrol,White,30385,A00095
V0020324,,"24025","24025",SUZ,ERTIGA,2026,automatic,petrol,,31426,A00095
V0020328,,"42154",'-,FOT,FMG,2026,manual,diesel,White,25484,D00021
V0020333,,"45180","45180",GRE,TANK500,2026,automatic,petrol,White,16406,A00095
V0020334,,"42732",'-,ISU,NPR,2025,automatic,petrol,White,44904,D00021
V0020343,,"58737",'-,SUZ,BALENO,2025,automatic,petrol,White,15730,D00021
V0020344,,"49358","49358",NIS,X-TERRA,2025,automatic,diesel,White,41014,A00095
V0020346,,"53563",'-,ISU,NPR,2025,manual,diesel,White,30309,D00021
V0020347,,"75946",'-,ASH,Falcon,,manual,diesel,Blue,8500,D00021
V0020348,,"39714","39714",JAC,SUNRAY,2025,manual,diesel,,42690,A00095
V0020351,,"25530",'-,TOY,Fortuner,2025,automatic,petrol,White,31004,D00021
V0020353,,"49472",'-,NIS,X-TERRA,2025,automatic,petrol,White,23180,D00021
V0020355,,"65930",'-,FOT,FMG,,manual,diesel,White,7926,D00021
V0020356,,"45175","45175",GRE,TANK500,2026,automatic,petrol,White,14420,A00095
V0020358,"2477","63279",'-,GAC,GS8,2026,automatic,hybrid,Black,140300,C00002
V0020361,,"49356","49356",NIS,X-TERRA,2025,automatic,petrol,,28275,A00095
V0020363,,"78236",'-,MIT,Rosa,2025,automatic,diesel,White,78236,D00021
V0020368,,"30392","24042026",MGM,MG5,2024,automatic,petrol,,49416,A00095
V0020370,,"77643","77643",NIS,Urvan,,automatic,petrol,White,30117,A00095
V0020372,,"47780",'-,NIS,Urvan,2025,automatic,petrol,White,25015,D00021
V0020375,,"92678",'-,NIS,Urvan,2025,automatic,petrol,White,19578,D00021
V0020379,,"54394",'-,NIS,Sunny,,automatic,petrol,White,26384,D00021
V0020380,,"63024","63024",MGM,MG5,2025,automatic,petrol,,12520,A00095
V0020383,,"30486",'-,TOY,Hilux,2026,automatic,petrol,White,48151,D00021
V0020388,,"26429","26429",MIT,Montero,2026,automatic,petrol,,34252,A00095
V0020389,,"71039",'-,NIS,Urvan,2025,automatic,petrol,White,23385,D00021
V0020393,,"37121","37121",TOY,Fortuner,2025,automatic,petrol,,25368,A00095
V0020396,,"86365",'-,TOY,Hiace,,automatic,petrol,White,6351,D00021
V0020399,,"26495","26495",REN,Duster,2026,automatic,petrol,,33012,A00095
V0020404,,"24028",'-,SUZ,ERTIGA,2026,automatic,petrol,White,28401,D00021
V0020405,,"67191","67191",GEE,COOL RAY,2025,automatic,petrol,White,29502,A00095
V0020408,,"75924","75924",HYN,Accent,2025,automatic,petrol,,25680,A00095
V0020411,,"82917",'-,SUZ,ERTIGA,2026,automatic,petrol,White,25058,D00021
V0020413,,"5650","5650",TOY,Camry,,automatic,petrol,Silver,9734,A00115
V0020414,,"41508",'-,NIS,Patrol,2025,automatic,petrol,White,19530,D00021
V0020415,,"40892",'-,HYN,Elantra,2025,automatic,petrol,Grey,21045,D00021
V0020416,,"16271","16271",CHE,Captiva,2026,automatic,petrol,,25263,A00095
V0020418,,"78523",'-,CHE,Groove,2026,automatic,petrol,Red,9806,D00021
V0020420,,"48529","48529",EXE,LX 1.5 T,2025,automatic,petrol,,31367,A00095
V0020430,,"27226",'-,MIT,CANTER EURO 5,2026,automatic,petrol,White,32393,D00021
V0020431,,"85289",'-,FOR,TRANSIT,2026,automatic,petrol,White,49333,D00021
V0020433,,"94236",'-,FOR,TRANSIT,2026,automatic,petrol,White,53450,D00021
V0020438,,"87531",'-,FOR,TRANSIT,2026,automatic,petrol,White,43030,D00021
V0020439,,"11864","11864",FOR,TRANSIT,2026,automatic,petrol,,13430,A00095
V0020442,,"87026",'-,MIT,CANTER EURO 5,2026,manual,diesel,White,20287,D00021
V0020446,,"48922",'-,NIS,Sunny,2026,automatic,petrol,White,25821,D00021
V0020458,,"36758","36758",TOY,Fortuner,2025,automatic,petrol,,27325,A00095
V0020460,,"12028",'-,EXE,MY25,2025,automatic,petrol,Blue,65360,D00021
V0020462,,"40727","40727",MIT,Rosa,,manual,diesel,Yellow,24627,A00095
V0020473,,"49432","49432",NIS,X-TERRA,,automatic,petrol,White,39398,A00095
V0020474,,"23075","23075",TOY,Hiace,2026,automatic,petrol,,21820,A00095
V0020475,,"12047",'-,JAC,J7 ( SALOON ),2023,automatic,petrol,White,175646,A00152
V0020477,,"24030","24030",SUZ,Ertiga,2026,automatic,petrol,,24256,A00095
V0020479,,"49824",'-,GEE,EMGRAND,2025,automatic,petrol,White,10287,D00021
V0020489,,"30257",'-,MIT,CANTER EURO 5,2026,automatic,petrol,White,31755,D00021
V0020491,,"63917",'-,ISU,NPR,2025,automatic,diesel,White,32567,D00021
V0020492,,"34145",'-,ISU,NPR,2025,manual,diesel,White,26965,D00021
V0020493,,"36009",'-,ISU,NPR,2025,manual,diesel,White,29334,D00021
V0020495,,"38373",'-,ISU,NPR,2025,manual,diesel,White,38373,D00021
V0020496,,"20984",'-,ISU,NPR,2025,manual,diesel,White,13264,D00021
V0020501,,"59082",'-,ISU,NPR,2025,manual,diesel,White,20112,D00021
V0020502,,"53820",'-,ASH,Falcon,2026,automatic,petrol,White,15000,D00021
V0020503,,"70129",'-,CHE,Captiva,2026,automatic,petrol,Black,14133,D00021
V0020505,,"48936",'-,NIS,Sunny,2026,automatic,petrol,White,48936,D00021
V0020507,,"9185","9185",TOY,Camry,2026,automatic,petrol,,71995,A00115
V0020510,,"50092",'-,ISU,NPR,2026,automatic,diesel,White,8791,D00021
V0020514,"1865","72297",'-,MIT,CANTER EURO 5,2025,manual,diesel,White,50429,P00022
V0020516,,"97448","97448",BMW,"520",2025,automatic,petrol,,18928,A00095
V0020518,,"45293",'-,MIT,ASX,2025,automatic,petrol,White,10475,D00021
V0020520,,"5876","5876",TOY,Hybrid Camry,2026,automatic,petrol,White,55493,A00115
V0020524,,"11671","11671",TOY,Camry,2026,automatic,petrol,Silver/Beige,54834,A00115
V0020527,,"5517","5517",TOY,Hybrid Camry,2026,automatic,hybrid,,56105,A00095
V0020529,,"5236","5236",TOY,Camry,2026,automatic,petrol,,55138,A00115
V0020531,,"60471","60471",GEE,EMGRAND,2026,automatic,petrol,,23480,A00095
V0020532,,"13129",'-,FOR,TRANSIT,3026,automatic,petrol,White,19484,D00021
V0020535,,"11501","11501",TOY,Camry,2026,automatic,petrol,,50166,A00115
V0020536,,"9168","9168",TOY,Hybrid Camry,2026,automatic,hybrid,,39890,A00115
V0020537,,"22904","22904",MIT,CANTER EURO 5,,automatic,diesel,White,15894,A00095
V0020539,,"9175","9175",TOY,Camry,2026,automatic,petrol,,47673,A00115
V0020541,,"5174","5174",TOY,Camry,2026,automatic,petrol,,41000,A00115
V0020542,,"9169","9169",TOY,Camry,2026,automatic,petrol,Silver/White,55846,A00115
V0020544,,"6001",AA 6001,TOY,Camry,2026,automatic,hybrid,Silver Grey,40368,A00115
V0020545,,"5632","5632",TOY,Camry,2026,automatic,petrol,Silver/White,41116,A00115
V0020546,,"48925",'-,NIS,Urvan,2026,automatic,petrol,White,41371,D00021
V0020547,,"5868","5868",TOY,Hybrid Camry,2026,automatic,petrol,Silver Grey,54720,A00115
V0020549,,"52938","52938",MGM,MG 3,2025,automatic,petrol,,19624,A00095
V0020551,,"41981",'-,NIS,Sunny,2026,automatic,petrol,White,12156,D00021
V0020552,,"11589","11589",TOY,Innova,2026,automatic,petrol,,134672,A00115
V0020553,,"48956",'-,NIS,Sunny,2026,automatic,petrol,White,13649,D00021
V0020557,,"89337",'-,JAC,J7 ( SALOON ),2023,automatic,petrol,White,1559751,A00152
V0020558,,"26432","26432",MIT,Montero,2026,automatic,petrol,,11762,A00095
V0020561,,"26407",'-,MIT,FOZO,2025,manual,diesel,White,70549,D00021
V0020564,,"41891","41891",NIS,Urvan,2025,automatic,petrol,White,53043,A00095
V0020567,,"38678",'-,HYN,STARIA,2025,automatic,petrol,White,8503,D00021
V0020571,,"73097",'-,ASH,Falcon,,manual,diesel,Blue,2000,D00021
V0020572,,"29645",'-,ASH,Falcon,,manual,diesel,Blue,1200,D00021
V0020573,,"21641","21641",CHE,Captiva,2026,automatic,petrol,,16095,A00095
V0020574,,"56194",'-,GEE,EMGRAND,,automatic,petrol,White,13015,D00021
V0020575,,"5650","5650",TOY,Camry,2024,automatic,petrol,Silver/Beige,39760,A00115
V0020576,,"17595",'-,CHE,Groove,2026,automatic,petrol,White,9266,D00021
V0020577,,"88710",'-,GEE,EX5,2026,automatic,petrol,White,2147,A00178
V0020578,,"49527","49527",EXE,LX 1.5 T,2026,automatic,petrol,,11111,A00095
V0020579,,"48041","48041",MIT,Outlander,,automatic,petrol,White,65000,C00002
V0020580,,"99148","99148",JAC,JS 4,2026,automatic,petrol,,13512,A00095
V0020581,"3178","35688",'-,NIS,Kicks,2024,automatic,petrol,Grey,22210,C00002
V0020582,,"9359","9359",TOY,Camry,,automatic,petrol,Silver,25379,A00115
V0020583,,"64877",'-,ISU,NPR,2025,manual,diesel,White,13648,D00021
V0020584,,"45181",'-,GRE,TANK500,2026,automatic,petrol,Black,9616,D00021
V0020585,,"67648",'-,GEE,GX3 Pro,2026,automatic,petrol,Grey,9996,D00021
V0020586,,"76914",'-,GEE,EMGRAND,2026,automatic,petrol,Grey,9806,D00021
V0020587,,"63757",'-,MGM,MG5,2025,automatic,petrol,White,11671,D00021
V0020588,,"39913",'-,NIS,Sunny,2025,automatic,petrol,White,48713,D00021
V0020589,,"48930","48930",NIS,Sunny,,automatic,petrol,White,9480,A00095
V0020590,,"35831","35831",TAT,"916",,automatic,diesel,Yellow,17602,A00095
V0020591,,"39210","39210",NIS,Patrol,2025,automatic,petrol,,29365,A00095
V0020592,,"39604",'-,NIS,Sunny,,automatic,petrol,White,13205,D00021
V0020593,,"44375",'-,MGM,MG350,,automatic,petrol,White,32421,D00021
V0020594,,"19458","19458",GEE,GX3 Pro,2026,automatic,petrol,,12053,A00095
V0020595,,"98616",'-,TOY,Hiace,,automatic,petrol,White,32823,D00021
V0020596,,"60229",'-,NIS,Urvan,,automatic,petrol,White,12798,D00021
V0020597,,"49388","49388",NIS,X-TERRA,2025,automatic,petrol,,10038,A00095
V0020598,,"71065","71065",MER,E300,,automatic,petrol,Grey,65000,C00002
V0020599,,"16273","16273",CHE,Captiva,2026,automatic,petrol,,23071,A00095
V0020600,,"95167",'-,NIS,Kicks,,automatic,petrol,White,22548,D00021
V0020601,,"53405",'-,ASH,Falcon,2026,manual,diesel,Blue,100,D00021
V0020602,,"26106","26106",TOY,Hilux,,automatic,petrol,White,13887,A00095
V0020603,,"74394",'-,MIT,L 200,,automatic,petrol,White,6945,D00021
V0020604,,"87303",'-,MIT,L 200,,automatic,petrol,White,4750,D00021
V0020605,,"74193",'-,MIT,L 200,,automatic,petrol,White,7775,D00021
V0020606,,"58046",'-,MIT,XPANDER,,automatic,petrol,White,102599,D00021
V0020607,,"76181",'-,FOR,TRANSIT,,automatic,petrol,White,10135,D00021
V0020608,,"45178","45178",GRE,TANK500,2026,automatic,petrol,,14221,A00095
V0020609,,"86961",'-,TOY,Hilux,,automatic,petrol,White,10411,D00021
V0020610,,"29375","29375",HYN,Tucson,2026,automatic,petrol,Golden,10052,P00012
V0020611,,"69413",'-,CHE,Captiva,,automatic,petrol,White,5610,D00021
V0020612,,"88931",'-,GEE,COOL RAY,2025,automatic,petrol,White,34068,D00021
V0020613,,"37124","37124",TOY,Fortuner,2025,automatic,petrol,White,38250,A00095
V0020614,,"90384","90384",MGM,MG 3,2025,automatic,petrol,,15437,A00095
V0020615,,"29719","29719",NIS,Sunny,2026,automatic,petrol,,17987,A00095
V0020616,,"58710","58710",NIS,Xtrail,,automatic,petrol,White,30500,C00002
V0020617,,"33945",'-,MIT,Canter,,automatic,petrol,White,10741,D00021
V0020618,,"94305","94305",EXE,LX 1.5 T,2024,automatic,petrol,,61399,A00095
V0020619,,"36449","36449",NIS,Sunny,,automatic,petrol,White,54010,A00095
V0020620,,"12152",'-,ISU,"4.2 T CHILLER",,automatic,diesel,White,15477,D00021
V0020621,,"74036",'-,ISU,"4.2 T CHILLER",,automatic,diesel,White,13392,D00021
V0020622,,"28506",'-,ISU,"4.2 T CHILLER",,automatic,diesel,White,25491,D00021
V0020623,,"23138","23138",TOY,Hilux,2026,automatic,diesel,White,11452,A00095
V0020624,,"26438","26438",MIT,Montero,2026,automatic,petrol,,13657,A00095
V0020625,,"37014",'-,HYN,Elantra,,automatic,petrol,Grey,11137,D00021
V0020626,,"5353","5353",TOY,Land Cruiser,,automatic,petrol,White,106416,E00049
V0020627,,"22804",'-,MIT,L 200,,automatic,petrol,White,10120,D00021
V0020628,,"49826","49826",GEE,EMGRAND,2025,automatic,petrol,,10311,A00095
V0020629,,"77453",'-,MIT,L 200,,automatic,petrol,White,30429,D00021
V0020630,,"48920",'-,NIS,Sunny,2026,automatic,petrol,Silver,21632,D00021
V0020631,,"39609",'-,NIS,Urvan,,automatic,petrol,White,15127,D00021
V0020632,,"99487","99487",SUZ,DZIRE,,automatic,petrol,White,55000,C00002
V0020633,,"16274",'-,CHE,Captiva,,automatic,petrol,White,9703,D00021
V0020634,,"58521",'-,EXE,LX 1.5 T,,automatic,petrol,White,9409,D00021
V0020635,,"98694",'-,SUZ,BALENO,2025,automatic,petrol,White,29055,D00021
V0020636,,"22541",'-,GEE,EMGRAND,,automatic,petrol,Blue,14625,D00021
V0020637,,"69414",'-,CHE,Captiva,2026,automatic,petrol,White,8978,D00021
V0020638,,"67572",'-,GEE,GX3 Pro,2026,automatic,petrol,White,10525,D00021
V0020639,,"29731","29731",NIS,Sunny,2026,automatic,petrol,,10291,A00095
V0020640,,"35832","35832",TAT,"916",,manual,diesel,Yellow,17212,A00095
V0020641,,"49669","49669",HON,Pilot,,automatic,petrol,Black,50001,C00002
V0020642,,"50184",'-,FOR,TRANSIT,,automatic,diesel,,10124,D00021
V0020643,,"13830","13830",TOY,Lexus ES350,,automatic,petrol,White,55000,C00002
V0020644,,"97105","97105",SUZ,DZIRE,,automatic,petrol,Silver Grey,55000,C00002
V0020645,,"92165","92165",NIS,Sunny,2025,automatic,petrol,,13070,A00095
V0020646,,"63246",'-,MGM,MG5,2025,automatic,petrol,White,13336,D00021
V0020647,,"75135","75135",TOY,Camry,,automatic,petrol,White,55000,C00002
V0020648,,"92598",'-,NIS,Kicks,2026,automatic,petrol,White,2654,D00021
V0020649,,"48933",'-,NIS,Sunny,2026,automatic,petrol,White,9985,D00021
V0020650,,"60469",'-,GEE,EMGRAND,2026,automatic,petrol,White,9995,D00021
V0020651,,"26436","26436",MIT,Montero,2026,automatic,petrol,,12178,A00095
V0020652,,"82804","82804",NIS,Urvan,2025,automatic,petrol,,28524,A00095
V0020653,,"45801","45801",HYN,Elantra,2025,automatic,petrol,,13476,A00095
V0020654,,"38795",'-,ISU,NPR,2026,manual,diesel,White,41234,D00021
V0020655,,"49378","49378",EXE,LX 1.5 T,,automatic,petrol,White,10558,A00095
V0020656,,"58901",'-,NIS,Urvan,2025,manual,petrol,White,16833,D00021
V0020657,,"19462","19462",GEE,GX3 Pro,,automatic,petrol,White,4120,A00095
V0020659,,"48625","48625",FOR,TRANSIT,2026,automatic,petrol,White,21365,A00095
V0020660,,"26114","26114",TOY,Avalon,,automatic,petrol,Blue,357300,C00002
V0020661,,"48938",'-,NIS,Sunny,2026,automatic,petrol,White,21817,D00021
V0020662,,"57207","57207",MGM,MG 3,,automatic,petrol,Grey,12802,A00095
V0020663,,"17587","17587",CHE,Groove,,automatic,petrol,White,12143,A00095
V0020664,,"45802","45802",HYN,Elantra,,automatic,petrol,,14190,A00095
V0020665,,"11373","11373",TOY,Camry,2026,automatic,petrol,Silver/Beige,41008,A00115
V0020666,,"45803","45803",HYN,Elantra,2025,automatic,petrol,Grey,14422,A00095
V0020667,,"92003","92003",ISU,NPR,2025,automatic,petrol,,31814,A00095
V0020668,,"23598","23598",MIT,L 200,,automatic,petrol,White,6786,A00095
V0020669,,"49822",'-,GEE,EMGRAND,2025,automatic,petrol,White,19864,D00021
V0020670,,"53368",'-,FOR,TRANSIT,2026,automatic,petrol,White,9906,D00021
V0020672,,"61037","61037",MGM,MG 3,2025,automatic,petrol,,10525,A00095
V0020673,,"19628","19628",RAB,RABDAN 1,2023,automatic,petrol,,48835,A00095
V0020674,,"48536","48536",EXE,LX 1.5 T,,automatic,petrol,White,9680,A00095
V0020675,,"5096","5096",TOY,Camry,2026,automatic,petrol,Silver/Beige,24893,A00115
V0020676,,"56126","56126",MIT,Outlander,,automatic,petrol,White,65000,C00002
V0020677,,"80542","80542",NIS,X-TERRA,2026,automatic,petrol,,20276,A00095
V0020678,,"5577","5577",TOY,Camry,2026,automatic,petrol,Silver/Beige,25206,A00115
V0020679,,"65841",'-,NIS,Sunny,,automatic,petrol,Silver,13474,D00021
V0020680,,"17748","17748",CHE,Groove,2026,automatic,petrol,Grey,9147,A00095
V0020681,,"5261","5261",TOY,Camry,2026,automatic,petrol,Silver/Beige,31288,A00115
V0020682,,"21348",'-,MGM,MG 3,,automatic,petrol,Grey,26417,D00021
V0020683,,"65253",'-,HYN,Accent,2025,automatic,petrol,Grey,20070,D00021
V0020684,,"40254",'-,MGM,MG 3,,automatic,petrol,White,231152,D00021
V0020685,,"34427","34227",NIS,Sunny,2026,automatic,petrol,,12800,A00095
V0020686,,"29719","29719",GMC,Acadia,,automatic,petrol,Beige,55000,C00002
V0020687,,"21016","21016",NIS,Urvan,2026,manual,petrol,,20150,A00095
V0020688,,"30521","30521",MIT,L 200,2025,automatic,diesel,,24105,A00095
V0020689,,"16259","16259",TOY,COROLLA CROSS,,automatic,petrol,White,45000,C00002
V0020690,,"43838","43838",TOY,Land Cruiser,,automatic,petrol,Brown,9000,C00002
V0020691,,"73072",'-,ASH,Falcon,,automatic,petrol,Blue,7000,D00021
V0020692,,"17325","17325",NIS,Urvan,2026,automatic,petrol,,13313,A00095
V0020693,,"29721",'-,NIS,Sunny,,automatic,petrol,White,10553,D00021
V0020694,,"63257","63257",MGM,MG5,2025,automatic,petrol,,12695,A00095
V0020695,,"75127","75127",PEU,Partner,2017,automatic,petrol,,702654,C00002
V0020696,,"48309",'-,MGM,MG5,2025,automatic,petrol,White,32542,D00021
V0020697,,"68560",'-,NIS,Sunny,2024,automatic,petrol,White,63137,D00021
V0020698,,"82342","82342",FOR,TRANSIT,2026,automatic,petrol,,22265,A00095
V0020699,,"91967","91967",NIS,Sunny,,automatic,petrol,White,18110,A00095
V0020700,,"71899","71899",TOY,Yaris,2014,automatic,petrol,,267802,C00002
V0020701,,"28587",'-,CHE,Groove,2026,automatic,petrol,Blue,10734,D00021
V0020702,,"66107","66107",CHE,Captiva,2025,automatic,petrol,White,16789,A00095
V0020703,,"82161",'-,TOY,Rav 4,2022,manual,petrol,Green,129197,C00002
V0020704,,"57374","57374",KIA,Sportage,2023,automatic,petrol,,41597,A00095
V0020705,,"47138","47138",MGM,MG 3,2025,automatic,petrol,Grey,15169,A00095
V0020706,,"85513",'-,EXE,MY25,2024,automatic,petrol,White,47139,D00021
V0020707,,"59035",'-,TOY,Fortuner,2025,automatic,petrol,White,66114,D00021
V0020708,,"21639",'-,CHE,Captiva,2026,automatic,petrol,White,10725,D00021
V0020709,,"49370","49370",EXE,LX 1.5 T,2026,automatic,petrol,,13739,A00095
V0020710,,"67620","67620",GEE,COOL RAY,,automatic,petrol,,19100,A00095
V0020711,,"60463","60463",GEE,EMGRAND,2026,automatic,petrol,White,17980,A00095
V0020712,,"19436","19436",TOY,Hiace,2026,automatic,petrol,,30505,A00095
V0020713,,"66709",'-,MIT,Lancer,2015,automatic,petrol,White,460101,C00002
V0020714,,"24743",'-,TOY,Hilux,2025,automatic,petrol,White,20433,D00021
V0020715,,"68231",'-,ISU,NPR,2026,automatic,diesel,White,15882,D00021
V0020716,,"11634",'-,ISU,NPR,2026,automatic,diesel,White,15988,D00021
V0020717,,"85974","1",MIT,Pajero,,automatic,petrol,White,15000,C00002
V0020718,,"58035",'-,MIT,XPANDER,,automatic,petrol,White,41170,D00021
V0020719,,"67198",'-,GEE,COOL RAY,,automatic,petrol,White,67198,D00021
V0020720,,"85931",'-,MGM,MG5,2025,automatic,petrol,White,46208,D00021
V0020721,,"61239","61239",CHE,Captiva,,automatic,petrol,Black,15000,C00002
V0020722,,"40267",'-,MIT,Pajero,2024,automatic,petrol,White,65811,C00002
V0020723,,"33834","33834",TAT,LPO1618,2025,automatic,diesel,White,100583,A00095
V0020724,,"17582","17582",CHE,Groove,2026,automatic,petrol,,11395,A00095
V0020725,,"15464","15464",CHE,Captiva,2026,automatic,petrol,,10005,A00095
V0020726,,"21636","21636",CHE,Captiva,2026,automatic,petrol,White,5183,A00095
V0020727,,"18146",'-,ISU,NPR,2026,automatic,petrol,White,29278,D00021
V0020729,,"19472","19472",GEE,GX3 Pro,2026,automatic,petrol,White,14031,A00095
V0020730,,"13164",'-,MIT,L 200,2026,manual,petrol,White,10002,P00011
V0020731,,"29723","29723",NIS,Sunny,2026,automatic,petrol,,13659,A00095
V0020732,,"18554",'-,NIS,Sunny,2026,automatic,petrol,White,10181,D00021
V0020733,,"32634",'-,NIS,Urvan,2025,manual,petrol,White,6651,D00021
V0020734,,"42771",'-,NIS,Urvan,2025,manual,petrol,White,2215,D00021
V0020735,,"62704",'-,NIS,Urvan,2025,automatic,petrol,White,58703,D00021
V0020736,,"69978",'-,NIS,Urvan,2025,manual,petrol,White,143,D00021
V0020737,,"36842",'-,HOG,HS5,,automatic,petrol,Blue,328181,C00002
V0020738,,"57820",'-,NIS,X-TERRA,2026,automatic,petrol,Grey,17826,D00021
V0020739,,"32013",'-,TOY,Hilux,2025,manual,petrol,White,30477,D00021
V0020740,,"23902",'-,CHE,Groove,2025,automatic,petrol,White,23998,D00021
V0020741,,"95718",'-,ASH,Falcon,2026,automatic,diesel,Blue,10000,D00021
V0020742,,"45804","45804",HYN,Elantra,2025,automatic,petrol,Grey,24515,A00095
V0020743,,"62989","62989",MGM,MG5,2025,automatic,petrol,,28432,A00095
V0020744,"3109","17539",'-,TOY,Hilux,2026,manual,petrol,White,11110,C00002
V0020745,,"30352",'-,TOY,Hilux,2025,automatic,petrol,White,10237,D00021
V0020746,,"36553",'-,CHE,Groove,2026,automatic,petrol,Silver,9967,D00021
V0020747,,"83326","83326",FOR,TRANSIT,2026,automatic,petrol,,22508,A00095
V0020748,,"94182",'-,NIS,Kicks,2025,automatic,petrol,White,19018,D00021
V0020749,,"10962",'-,NIS,Urvan,2025,manual,petrol,White,9824,D00021
V0020750,,"92681",'-,NIS,Urvan,2025,manual,petrol,White,928,D00021
V0020751,,"51794",'-,NIS,Sunny,2026,automatic,petrol,,5752,D00021
V0020752,,"73704","73704",NIS,Sunny,2024,automatic,petrol,,47269,A00095
V0020753,,"48939","1",NIS,Sunny,,automatic,petrol,White,19405,A00095
V0020754,,"41402",'-,GEE,EMGRAND,2025,automatic,petrol,White,20622,D00021
V0020755,,"50521","50521",NIS,Urvan,2026,automatic,petrol,,14119,A00095
V0020756,"3192","86477",'-,HYN,Tucson,2014,automatic,petrol,White,210417,S00054
V0020757,,"89405",'-,MGM,MG 3,2025,automatic,petrol,Grey,27922,D00021
V0020758,,"10672","10672",MER,SPRINTER,2021,automatic,diesel,White,15000,C00002
V0020759,,"22035",'-,GEE,GX3 Pro,2026,automatic,petrol,White,12609,D00021
V0020760,,"56184",'-,GEE,EMGRAND,2025,automatic,petrol,White,9682,D00021
V0020761,,"21090","21090",TOY,Land Cruiser Prado,2026,automatic,petrol,,10110,A00095
V0020762,,"54601","54601",NIS,Patrol,2014,automatic,diesel,,238712,C00002
V0020763,,"89604",'-,MGM,MG 3,,automatic,petrol,White,27124,D00021
V0020764,,"48924",'-,NIS,Sunny,2026,automatic,petrol,White,52736,D00021
V0020765,,"13493",'-,EXE,LX 1.5 T,2025,automatic,petrol,Silver,24877,D00021
V0020766,,"95305","95305",NIS,Sunny,2025,automatic,petrol,White,25709,A00095
V0020767,,"31882",'-,GEE,EMGRAND,2026,automatic,petrol,White,4265,D00021
V0020768,,"11453","11453",TOY,Camry,2026,automatic,petrol,Silver/White,25605,A00115
V0020769,,"11443","11443",TOY,Camry,2026,automatic,petrol,Silver Grey,25248,A00115
V0020770,,"21635","21635",CHE,Captiva,2026,automatic,diesel,,8522,A00095
V0020771,,"33296",'-,ASH,Falcon,,manual,diesel,Blue,1025,D00021
V0020772,,"17592","17592",CHE,Groove,2026,automatic,diesel,,9803,A00095
V0020773,,"11934",'-,FOT,FMG,2026,automatic,petrol,White,55947,D00021
V0020774,,"48768",'-,FOR,TRANSIT,2026,manual,diesel,White,13990,D00021
V0020775,,"91401",'-,GEE,EMGRAND,2025,automatic,petrol,White,12794,D00021
V0020776,,"19461","19461",GEE,GX3 Pro,,automatic,petrol,,11338,A00095
V0020777,,"60962","60962",HYN,Tucson,,automatic,petrol,,130000,C00002
V0020778,,"17584","17584",CHE,Groove,2026,automatic,petrol,,10343,A00095
V0020779,,"49457",'-,NIS,X-TERRA,2025,automatic,petrol,White,21073,D00021
V0020780,,"18850","18850",TOY,Land Cruiser Prado,2026,automatic,petrol,,9697,A00095
V0020781,,"28695",'-,NIS,Sunny,2026,automatic,petrol,White,13024,D00021
V0020782,,"67639",'-,GEE,GX3 Pro,2026,automatic,petrol,Grey,12414,D00021
V0020783,,"48520",'-,EXE,MY25,2025,automatic,petrol,Silver,16000,D00021
V0020784,,"53771",'-,NIS,Urvan,2026,automatic,petrol,White,45476,D00021
V0020785,,"92682",'-,ISU,NPR,2026,manual,diesel,White,29652,D00021
V0020786,,"18748",'-,ISU,NPR,2026,manual,diesel,White,18828,D00021
V0020787,,"18805",'-,ISU,NPR,2026,automatic,petrol,White,9036,D00021
V0020788,,"39025",'-,ISU,NPR,2026,automatic,petrol,White,19107,D00021
V0020789,,"18752",'-,ISU,NPR,2026,manual,diesel,White,26800,D00021
V0020790,,"30467",'-,MGM,MG5,2024,automatic,petrol,Silver,54217,D00021
V0020791,,"85346","85346",FOR,TRANSIT,2026,automatic,diesel,,17174,A00095
V0020792,,"20262","20262",TOY,Land Cruiser Prado,2026,automatic,diesel,,10160,C00002
V0020793,,"29725","29725",NIS,Sunny,2026,automatic,diesel,,14445,A00095
V0020794,,"22872","22872",TOY,Hilux,,automatic,petrol,White,12006,A00095
V0020795,,"3040","3040",DAE,Bus,,automatic,diesel,White,12500,C00002
V0020796,,"89924",'-,MGM,MG 3,2025,automatic,petrol,White,24493,D00021
V0020797,,"35199",'-,HYN,STARIA,2025,automatic,petrol,White,11240,D00021
V0020798,,"9193","9193",TOY,Camry,2026,automatic,petrol,Silver/Beige,15406,A00115
V0020799,,"56188",'-,GEE,EMGRAND,2025,automatic,petrol,Blue,27172,D00021
V0020800,,"59467",'-,NIS,Urvan,2026,manual,petrol,Green,45174,D00021
V0020801,,"54051",'-,ASH,Falcon,2026,automatic,petrol,,10000,D00021
V0020802,,"26498","26498",REN,Duster,2026,automatic,petrol,Grey,29567,A00095
V0020803,,"91225",'-,MGM,MG 3,2025,automatic,petrol,Silver,23929,D00021
V0020804,,"60473","60473",GEE,EMGRAND,2026,automatic,petrol,,27221,A00095
V0020805,,"49398","49398",NIS,X-TERRA,2025,automatic,diesel,,21277,A00095
V0020806,,"89772","89772",GEE,EMGRAND,2025,automatic,diesel,,23063,A00095
V0020807,"3194","70483",'-,HYN,Tucson,2022,automatic,petrol,Black,358466,C00002
V0020808,,"51128","51128",NIS,Urvan,2026,automatic,petrol,,12897,A00095
V0020809,,"60129",'-,EXE,LX 1.5 T,2026,automatic,petrol,White,9830,D00021
V0020810,,"38859",'-,GEE,GX3 Pro,2026,automatic,petrol,White,9516,D00021
V0020811,,"71668","71668",GEE,EMGRAND,2026,automatic,petrol,,10642,A00095
V0020812,,"9352","9352",TOY,Camry,2026,automatic,petrol,Silver/Beige,10117,A00115
V0020813,,"93126","93126",KIA,K 5,,automatic,petrol,White,55000,C00002
V0020814,,"24746","24746",TOY,Hilux,2025,automatic,petrol,,9990,A00095
V0020815,,"24536","24536",FOT,FMG,2025,manual,diesel,Yellow,500,A00095
V0020816,,"10845",'-,NIS,Kicks,2025,automatic,petrol,White,36700,D00021
V0020817,,"48927",'-,NIS,Urvan,2026,automatic,petrol,White,32464,D00021
V0020818,,"46593","46593",TOY,Corolla,,automatic,petrol,White,65000,C00002
V0020819,,"85576","85576",HON,Civic,,automatic,petrol,Black,65000,C00002
V0020820,,"59037","59037",GEE,EMGRAND,2025,automatic,petrol,White,79255,A00095
V0020821,,"28712",'-,TOY,Corolla,2026,automatic,petrol,White,12569,D00021
V0020822,,"28197",'-,NIS,Urvan,2025,manual,petrol,White,11618,D00021
V0020823,,"36478",'-,FOT,FMG,2026,manual,diesel,White,10256,D00021
V0020824,,"62982",'-,FOR,TRANSIT,2026,manual,diesel,White,30279,D00021
V0020825,,"67612",'-,GEE,GX3 Pro,2026,automatic,petrol,Grey,9731,D00021
V0020826,,"40137",'-,GEE,EMGRAND,2026,automatic,petrol,White,9844,D00021
V0020827,,"18565",'-,TOY,Hiace,2026,automatic,petrol,White,90963,D00021
V0020828,,"62997",'-,MGM,MG5,2025,automatic,petrol,Silver,20848,D00021
V0020829,,"35908","35908",CHE,Captiva,2026,automatic,diesel,,12527,A00095
V0020830,,"68757","68757",MGM,RX5,2025,automatic,diesel,,21959,C00002
V0020831,,"95170",'-,TOY,Hilux,2025,automatic,petrol,White,17783,D00021
V0020832,,"75013","75013",HON,CRV,2015,automatic,petrol,Blue,55000,C00002
V0020833,,"45174","45174",GRE,TANK500,2026,automatic,diesel,,20796,A00095
V0020834,,"17158",'-,MIT,L 200,2026,automatic,petrol,White,9985,P00011
V0020835,,"47809",'-,GEE,EMGRAND,2026,automatic,petrol,Grey,15231,D00021
V0020836,,"44816","44816",MIT,CANTER EURO 5,2024,manual,diesel,White,97669,A00095
V0020837,,"41429",'-,HYN,Elantra,2025,automatic,petrol,Silver,18658,D00021
V0020838,"3196","33598",'-,HYN,Sonata,2024,automatic,petrol,Black,219969,C00002
V0020839,,"50789",'-,ASH,Falcon,2026,manual,diesel,,10000,D00021
V0020840,,"45172","45172",GRE,TANK500,2026,automatic,petrol,,15384,A00095
V0020841,,"29665","29665",JAC,JS 4,2026,automatic,petrol,,14040,A00095
V0020842,"3058","12964",'-,TOY,Urban Cruiser,2024,automatic,petrol,Blue,31361,C00002
V0020843,,"73398",'-,ISU,NPR,2026,automatic,petrol,White,17462,D00021
V0020844,,"81247",'-,ISU,NPR,2026,manual,diesel,White,14784,D00021
V0020845,,"26189",'-,ISU,NPR,2026,manual,diesel,White,25611,D00021
V0020846,,"16595",'-,ISU,NPR,2026,manual,diesel,White,4632,D00021
V0020847,,"39029",'-,ISU,NPR,2026,manual,diesel,White,15171,D00021
V0020848,,"18219",'-,ISU,NPR,2026,manual,diesel,White,6833,D00021
V0020849,,"80518","80518",NIS,X-TERRA,2026,automatic,petrol,White,21095,A00095
V0020850,,"51819",'-,ISU,NPR,2026,manual,diesel,White,13430,D00021
V0020851,,"18220",'-,ISU,"4.2 T CHILLER",2026,manual,diesel,White,7734,D00021
V0020852,,"27768",'-,ISU,NPR,2026,manual,diesel,White,12754,D00021
V0020853,,"48227","48227",HON,CRV,2023,automatic,petrol,,35000,C00002
V0020854,,"6099","6099",TOY,Camry,2026,automatic,petrol,Silver/Beige,15012,A00115
V0020855,"3197","78533",'-,HYN,Elantra,2024,automatic,petrol,Silver,256421,C00002
V0020856,,"24828",'-,DFS,FENGON GLORY 580,2025,automatic,petrol,Silver,70282,C00002
V0020857,,"28058",'-,ISU,"4.2 T CHILLER",2026,manual,diesel,White,15882,D00021
V0020858,,"43066",'-,ISU,"4.2 T CHILLER",2026,manual,diesel,White,20400,D00021
V0020859,,"55607",'-,NIS,Urvan,2026,automatic,petrol,White,11409,D00021
V0020860,,"20369",'-,ISU,"4.2 T CHILLER",2026,manual,diesel,White,38141,D00021
V0020861,,"75679",'-,NIS,Urvan,2026,manual,diesel,White,29963,D00021
V0020862,,"52728",'-,NIS,Urvan,2026,automatic,petrol,White,32376,D00021
V0020863,,"18806",'-,ISU,"4.2 T CHILLER",2026,manual,diesel,White,5522,D00021
V0020864,,"59689",'-,NIS,Urvan,2026,manual,diesel,White,32526,D00021
V0020865,,"36846",'-,NIS,Urvan,2026,automatic,petrol,White,40160,D00021
V0020866,,"18751",'-,ISU,"4.2 T CHILLER",2026,automatic,diesel,White,27220,D00021
V0020867,,"18313",'-,ISU,"4.2 T CHILLER",2026,manual,diesel,White,59585,D00021
V0020868,,"60259",'-,ISU,"4.2 T CHILLER",2026,manual,diesel,White,16799,D00021
V0020869,,"63897",'-,NIS,Urvan,2026,automatic,petrol,White,13744,D00021
V0020870,,"55641",'-,ISU,"4.2 T CHILLER",2026,automatic,petrol,White,17638,D00021
V0020871,,"18749",'-,ISU,"4.2 T CHILLER",2026,automatic,petrol,White,29817,D00021
V0020872,,"10289",'-,NIS,Sunny,2026,automatic,petrol,White,12735,D00021
V0020873,,"19662",'-,NIS,Sunny,2026,automatic,petrol,White,10173,P00011
V0020874,,"78834","78834",TOY,Camry,,automatic,petrol,Golden,1250000,C00002
V0020875,,"19529",'-,MGM,MG 3,2025,automatic,petrol,Silver,31932,D00021
V0020877,,"92841",'-,NIS,Kicks,2026,automatic,petrol,White,10749,D00021
V0020878,,"7542","7542",TOY,Land Cruiser Prado,,automatic,petrol,,65000,C00002
V0020879,,"18218",'-,ISU,"4.2 T CHILLER",2026,manual,diesel,White,18716,D00021
V0020880,,"52682",'-,NIS,Urvan,2026,automatic,petrol,White,9952,D00021
V0020881,,"21760","21760",MIT,Outlander,,automatic,petrol,Grey,65000,C00002
V0020882,,"92682",'-,NIS,Urvan,2025,automatic,petrol,White,10109,D00021
V0020883,,"89552",'-,NIS,Urvan,2026,automatic,petrol,White,25177,D00021
V0020884,,"13281","13281",KIA,Cerato,,automatic,petrol,,75000,C00002
V0020885,,"37590",'-,MIT,CANTER EURO 5,2025,manual,diesel,White,10943,D00021
V0020886,,"93614","93614",NIS,Sunny,2025,automatic,petrol,,35997,A00095
V0020887,,"91025","91025",CHE,Captiva,2026,automatic,petrol,,15422,A00095
V0020888,,"81226",'-,GEE,GX3 Pro,2026,automatic,petrol,White,10945,D00021
V0020889,,"59036","50936",GEE,EMGRAND,2026,automatic,petrol,,18157,A00095
V0020890,,"44297",'-,MIT,XPANDER,2026,automatic,petrol,White,10710,D00021
V0020891,,"62993",'-,MGM,MG5,2025,automatic,petrol,White,10166,D00021
V0020892,,"48604",'-,NIS,Urvan,2025,manual,petrol,White,9462,D00021
V0020893,,"81386","81386",NIS,X-TERRA,2026,automatic,petrol,,22771,A00095
V0020894,,"56189",'-,GEE,EMGRAND,2025,automatic,petrol,White,26353,D00021
V0020895,,"41425",'-,HYN,Elantra,2025,automatic,petrol,Silver,15445,D00021
V0020896,,"18982","18982",TOY,Land Cruiser Prado,2026,automatic,petrol,White,10382,E00049
V0020897,,"36818",'-,NIS,Urvan,2026,automatic,petrol,White,27589,D00021
V0020898,,"17540",'-,ISU,"4.2 T CHILLER",2026,automatic,petrol,White,27467,D00021
V0020899,,"54337",'-,NIS,Urvan,2026,automatic,petrol,White,10608,D00021
V0020900,,"53265",'-,NIS,Urvan,2026,automatic,petrol,White,29378,D00021
V0020901,,"95162",'-,ISU,"4.2 T CHILLER",2026,manual,diesel,White,42998,D00021
V0020902,,"97941",'-,NIS,Kicks,2025,automatic,petrol,White,26338,D00021
V0020903,,"21624",'-,CHE,Captiva,2026,automatic,petrol,White,14754,D00021
V0020905,,"43637",'-,NIS,Urvan,2025,automatic,petrol,White,22098,D00021
V0020906,"3198","29726",'-,FOR,TERRITORY,2023,automatic,petrol,White,73878,C00002
V0020907,,"26440","26440",MIT,Montero,2026,automatic,petrol,,18036,A00095
V0020908,,"15267",'-,FOT,FMG,2026,manual,diesel,White,64846,D00021
V0020909,,"54202",'-,NIS,Patrol,2025,automatic,petrol,White,25723,D00021
V0020910,,"26430","26430",MIT,Montero,2026,automatic,petrol,,28074,A00095
V0020911,,"67520","67520",TOY,Yaris,2015,automatic,petrol,,176328,C00002
V0020912,,"49369",'-,NIS,Urvan,2026,automatic,petrol,White,12242,D00021
V0020913,,"44318",'-,MIT,XPANDER,2026,automatic,petrol,White,13652,D00021
V0020914,,"26546",'-,REN,Duster,2026,automatic,petrol,Grey,19387,D00021
V0020915,,"16269","16269",CHE,Captiva,2026,automatic,petrol,,12444,A00095
V0020916,,"95057",'-,ISU,"4.2 T CHILLER",2026,manual,diesel,White,14557,D00021
V0020917,,"42209",'-,ISU,NPR,2026,manual,diesel,White,13405,D00021
V0020918,,"17595",'-,NIS,Urvan,2026,automatic,petrol,White,8367,D00021
V0020919,,"72954",'-,NIS,Urvan,2026,automatic,petrol,White,20328,D00021
V0020920,,"17844",'-,NIS,Urvan,2026,automatic,petrol,White,10641,D00021
V0020921,,"14178","14178",CHE,Groove,2026,automatic,petrol,,12919,A00095
V0020922,,"43594","1",TOY,Camry,,automatic,petrol,White,65000,C00002
V0020923,,"67205",'-,GEE,COOL RAY,2025,automatic,petrol,Grey,25808,D00021
V0020924,,"34504","34504",TOY,Land Cruiser,2025,automatic,petrol,,79430,E00049
V0020925,,"97259",'-,EXE,LX 1.5 T,2025,automatic,petrol,White,27926,D00021
V0020926,,"92123",'-,EXE,LX 1.5 T,2025,automatic,petrol,Black,26915,D00021
V0020927,,"94174",'-,HYN,Accent,2025,automatic,petrol,Silver,26430,D00021
V0020928,,"89596",'-,MGM,MG 3,2025,automatic,petrol,White,25557,D00021
V0020929,,"13083",'-,NIS,Kicks,2025,automatic,petrol,White,24385,D00021
V0020930,,"11578","11578",TOY,Camry,2026,automatic,petrol,Silver/Beige,9817,A00115
V0020931,,"18432","18432",VOL,Jetta,2012,automatic,petrol,,325567,C00002
V0020932,,"5960","5960",TOY,Camry,2026,automatic,petrol,Silver/Beige,9527,A00115
V0020933,,"20695",'-,TOY,Hilux,2026,automatic,petrol,White,9971,C00002
V0020934,,"33968",'-,NIS,Sunny,2026,automatic,petrol,White,116200,P00011
V0020935,,"49353","49353",NIS,X-TERRA,2025,automatic,petrol,,29184,A00095
V0020936,,"9233","9233",TOY,Camry,2026,automatic,petrol,Silver/Beige,10700,A00115
V0020937,,"25314",'-,EXE,LX 1.5 T,2025,automatic,petrol,White,25501,D00021
V0020938,,"13639",'-,EXE,LX 1.5 T,2025,automatic,diesel,White,26095,D00021
V0020939,,"98906",'-,MGM,MG 3,2025,automatic,petrol,White,25467,D00021
V0020940,,"14599",'-,ISU,NPR,2026,manual,diesel,White,17729,D00021
V0020941,,"85405","85405",FOR,TRANSIT,2026,automatic,petrol,,28855,A00095
V0020942,,"38631",'-,CHE,Captiva,,automatic,petrol,Black,9413,D00021
V0020943,,"36502",'-,MIT,CANTER EURO 5,2025,manual,diesel,White,11172,D00021
V0020944,,"44037",'-,SUZ,BALENO,2026,manual,petrol,Grey,31981,D00021
V0020945,,"48940",'-,NIS,Sunny,2026,automatic,petrol,White,11589,D00021
V0020946,,"63250","63250",MGM,MG5,2025,automatic,petrol,Silver,26421,A00095
V0020947,,"5930","5930",TOY,Camry,2026,automatic,petrol,Silver/Beige,10474,A00115
V0020948,,"11147","11147",TOY,Camry,,automatic,petrol,,27,A00115
V0020949,,"18216","18216",DOD,Charger,2011,automatic,petrol,,233549,A00095
V0020950,,"95171",'-,EXE,LX 1.5 T,2026,automatic,petrol,White,26697,D00021
V0020951,,"82380","82380",FOR,TERRITORY,2022,automatic,petrol,,162293,C00002
V0020952,"3201","86364",'-,FOR,Mustang,2011,automatic,petrol,Blue,105786,C00002
V0020953,,"47221","47221",HYN,Elantra,,automatic,petrol,White,26923,A00095
V0020954,,"19400",'-,TOY,Land Cruiser Prado,2026,automatic,petrol,White/Grey,12267,C00002
